"source","image_relpath","filename","emotion_label","emotion_name"
"ffhq","Cleaned_FFHQ_Dataset_50/train/4/26659.png","26659.png","4","Happiness"
"ffhq","Cleaned_FFHQ_Dataset_50/train/4/64350.png","64350.png","4","Happiness"
"ffhq","Cleaned_FFHQ_Dataset_50/train/4/25208.png","25208.png","4","Happiness"
"ffhq","Cleaned_FFHQ_Dataset_50/train/4/51668.png","51668.png","4","Happiness"
"ffhq","Cleaned_FFHQ_Dataset_50/train/4/44659.png","44659.png","4","Happiness"
"ffhq","Cleaned_FFHQ_Dataset_50/train/4/59037.png","59037.png","4","Happiness"
"ffhq","Cleaned_FFHQ_Dataset_50/train/5/47769.png","47769.png","5","Neutral"
"ffhq","Cleaned_FFHQ_Dataset_50/train/5/55682.png","55682.png","5","Neutral"
"ffhq","Cleaned_FFHQ_Dataset_50/train/4/36485.png","36485.png","4","Happiness"
"ffhq","Cleaned_FFHQ_Dataset_50/train/5/50704.png","50704.png","5","Neutral"
"ffhq","Cleaned_FFHQ_Dataset_50/train/5/67247.png","67247.png","5","Neutral"
"ffhq","Cleaned_FFHQ_Dataset_50/train/4/40851.png","40851.png","4","Happiness"
"ffhq","Cleaned_FFHQ_Dataset_50/train/5/27604.png","27604.png","5","Neutral"
"ffhq","Cleaned_FFHQ_Dataset_50/train/4/36559.png","36559.png","4","Happiness"
"ffhq","Cleaned_FFHQ_Dataset_50/train/5/38703.png","38703.png","5","Neutral"
"ffhq","Cleaned_FFHQ_Dataset_50/train/4/46916.png","46916.png","4","Happiness"
"ffhq","Cleaned_FFHQ_Dataset_50/train/5/24643.png","24643.png","5","Neutral"
"ffhq","Cleaned_FFHQ_Dataset_50/train/5/47384.png","47384.png","5","Neutral"
"ffhq","Cleaned_FFHQ_Dataset_50/train/4/52701.png","52701.png","4","Happiness"
"ffhq","Cleaned_FFHQ_Dataset_50/train/5/12569.png","12569.png","5","Neutral"
"ffhq","Cleaned_FFHQ_Dataset_50/train/4/06017.png","06017.png","4","Happiness"
"ffhq","Cleaned_FFHQ_Dataset_50/train/4/04157.png","04157.png","4","Happiness"
"ffhq","Cleaned_FFHQ_Dataset_50/train/4/36513.png","36513.png","4","Happiness"
"ffhq","Cleaned_FFHQ_Dataset_50/train/4/54433.png","54433.png","4","Happiness"
"ffhq","Cleaned_FFHQ_Dataset_50/train/4/40277.png","40277.png","4","Happiness"
"ffhq","Cleaned_FFHQ_Dataset_50/train/4/57721.png","57721.png","4","Happiness"
"ffhq","Cleaned_FFHQ_Dataset_50/train/6/11015.png","11015.png","6","Sadness"
"ffhq","Cleaned_FFHQ_Dataset_50/train/5/04251.png","04251.png","5","Neutral"
"ffhq","Cleaned_FFHQ_Dataset_50/train/4/40246.png","40246.png","4","Happiness"
"ffhq","Cleaned_FFHQ_Dataset_50/train/5/31820.png","31820.png","5","Neutral"
"ffhq","Cleaned_FFHQ_Dataset_50/train/4/55256.png","55256.png","4","Happiness"
"ffhq","Cleaned_FFHQ_Dataset_50/train/5/01508.png","01508.png","5","Neutral"
"ffhq","Cleaned_FFHQ_Dataset_50/train/4/50851.png","50851.png","4","Happiness"
"ffhq","Cleaned_FFHQ_Dataset_50/train/4/34450.png","34450.png","4","Happiness"
"ffhq","Cleaned_FFHQ_Dataset_50/train/5/43274.png","43274.png","5","Neutral"
"ffhq","Cleaned_FFHQ_Dataset_50/train/4/27721.png","27721.png","4","Happiness"
"ffhq","Cleaned_FFHQ_Dataset_50/train/5/51934.png","51934.png","5","Neutral"
"ffhq","Cleaned_FFHQ_Dataset_50/train/4/32822.png","32822.png","4","Happiness"
"ffhq","Cleaned_FFHQ_Dataset_50/train/4/62035.png","62035.png","4","Happiness"
"ffhq","Cleaned_FFHQ_Dataset_50/train/4/48512.png","48512.png","4","Happiness"
"ffhq","Cleaned_FFHQ_Dataset_50/train/5/50905.png","50905.png","5","Neutral"
"ffhq","Cleaned_FFHQ_Dataset_50/train/5/05730.png","05730.png","5","Neutral"
"ffhq","Cleaned_FFHQ_Dataset_50/train/5/61435.png","61435.png","5","Neutral"
"ffhq","Cleaned_FFHQ_Dataset_50/train/4/24553.png","24553.png","4","Happiness"
"ffhq","Cleaned_FFHQ_Dataset_50/train/4/33335.png","33335.png","4","Happiness"
"ffhq","Cleaned_FFHQ_Dataset_50/train/5/35626.png","35626.png","5","Neutral"
"ffhq","Cleaned_FFHQ_Dataset_50/train/5/12970.png","12970.png","5","Neutral"
"ffhq","Cleaned_FFHQ_Dataset_50/train/5/14992.png","14992.png","5","Neutral"
"ffhq","Cleaned_FFHQ_Dataset_50/train/5/29730.png","29730.png","5","Neutral"
"ffhq","Cleaned_FFHQ_Dataset_50/train/4/60483.png","60483.png","4","Happiness"
"ffhq","Cleaned_FFHQ_Dataset_50/train/5/07788.png","07788.png","5","Neutral"
"ffhq","Cleaned_FFHQ_Dataset_50/train/4/23222.png","23222.png","4","Happiness"
"ffhq","Cleaned_FFHQ_Dataset_50/train/4/16348.png","16348.png","4","Happiness"
"ffhq","Cleaned_FFHQ_Dataset_50/train/4/17122.png","17122.png","4","Happiness"
"ffhq","Cleaned_FFHQ_Dataset_50/train/5/38505.png","38505.png","5","Neutral"
"ffhq","Cleaned_FFHQ_Dataset_50/train/5/45079.png","45079.png","5","Neutral"
"ffhq","Cleaned_FFHQ_Dataset_50/train/5/50732.png","50732.png","5","Neutral"
"ffhq","Cleaned_FFHQ_Dataset_50/train/5/52807.png","52807.png","5","Neutral"
"ffhq","Cleaned_FFHQ_Dataset_50/train/5/48592.png","48592.png","5","Neutral"
"ffhq","Cleaned_FFHQ_Dataset_50/train/5/22919.png","22919.png","5","Neutral"
"ffhq","Cleaned_FFHQ_Dataset_50/train/4/27828.png","27828.png","4","Happiness"
"ffhq","Cleaned_FFHQ_Dataset_50/train/4/06616.png","06616.png","4","Happiness"
"ffhq","Cleaned_FFHQ_Dataset_50/train/4/10171.png","10171.png","4","Happiness"
"ffhq","Cleaned_FFHQ_Dataset_50/train/4/09219.png","09219.png","4","Happiness"
"ffhq","Cleaned_FFHQ_Dataset_50/train/4/44434.png","44434.png","4","Happiness"
"ffhq","Cleaned_FFHQ_Dataset_50/train/5/23758.png","23758.png","5","Neutral"
"ffhq","Cleaned_FFHQ_Dataset_50/train/4/49469.png","49469.png","4","Happiness"
"ffhq","Cleaned_FFHQ_Dataset_50/train/5/44420.png","44420.png","5","Neutral"
"ffhq","Cleaned_FFHQ_Dataset_50/train/5/00680.png","00680.png","5","Neutral"
"ffhq","Cleaned_FFHQ_Dataset_50/train/4/19458.png","19458.png","4","Happiness"
"ffhq","Cleaned_FFHQ_Dataset_50/train/5/04062.png","04062.png","5","Neutral"
"ffhq","Cleaned_FFHQ_Dataset_50/train/4/07506.png","07506.png","4","Happiness"
"ffhq","Cleaned_FFHQ_Dataset_50/train/4/29741.png","29741.png","4","Happiness"
"ffhq","Cleaned_FFHQ_Dataset_50/train/5/23258.png","23258.png","5","Neutral"
"ffhq","Cleaned_FFHQ_Dataset_50/train/4/49722.png","49722.png","4","Happiness"
"ffhq","Cleaned_FFHQ_Dataset_50/train/4/34534.png","34534.png","4","Happiness"
"ffhq","Cleaned_FFHQ_Dataset_50/train/5/14365.png","14365.png","5","Neutral"
"ffhq","Cleaned_FFHQ_Dataset_50/train/5/68479.png","68479.png","5","Neutral"
"ffhq","Cleaned_FFHQ_Dataset_50/train/4/19259.png","19259.png","4","Happiness"
"ffhq","Cleaned_FFHQ_Dataset_50/train/5/43771.png","43771.png","5","Neutral"
"ffhq","Cleaned_FFHQ_Dataset_50/train/4/09905.png","09905.png","4","Happiness"
"ffhq","Cleaned_FFHQ_Dataset_50/train/5/45716.png","45716.png","5","Neutral"
"ffhq","Cleaned_FFHQ_Dataset_50/train/5/20070.png","20070.png","5","Neutral"
"ffhq","Cleaned_FFHQ_Dataset_50/train/4/32353.png","32353.png","4","Happiness"
"ffhq","Cleaned_FFHQ_Dataset_50/train/5/57279.png","57279.png","5","Neutral"
"ffhq","Cleaned_FFHQ_Dataset_50/train/5/63953.png","63953.png","5","Neutral"
"ffhq","Cleaned_FFHQ_Dataset_50/train/4/03655.png","03655.png","4","Happiness"
"ffhq","Cleaned_FFHQ_Dataset_50/train/4/49097.png","49097.png","4","Happiness"
"ffhq","Cleaned_FFHQ_Dataset_50/train/4/23666.png","23666.png","4","Happiness"
"ffhq","Cleaned_FFHQ_Dataset_50/train/4/03805.png","03805.png","4","Happiness"
"ffhq","Cleaned_FFHQ_Dataset_50/train/4/34768.png","34768.png","4","Happiness"
"ffhq","Cleaned_FFHQ_Dataset_50/train/4/09692.png","09692.png","4","Happiness"
"ffhq","Cleaned_FFHQ_Dataset_50/train/5/26153.png","26153.png","5","Neutral"
"ffhq","Cleaned_FFHQ_Dataset_50/train/5/38122.png","38122.png","5","Neutral"
"ffhq","Cleaned_FFHQ_Dataset_50/train/4/40206.png","40206.png","4","Happiness"
"ffhq","Cleaned_FFHQ_Dataset_50/train/5/32481.png","32481.png","5","Neutral"
"ffhq","Cleaned_FFHQ_Dataset_50/train/4/16216.png","16216.png","4","Happiness"
"ffhq","Cleaned_FFHQ_Dataset_50/train/5/04095.png","04095.png","5","Neutral"
"ffhq","Cleaned_FFHQ_Dataset_50/train/4/49404.png","49404.png","4","Happiness"
"ffhq","Cleaned_FFHQ_Dataset_50/train/5/47987.png","47987.png","5","Neutral"
"ffhq","Cleaned_FFHQ_Dataset_50/train/4/20082.png","20082.png","4","Happiness"
"ffhq","Cleaned_FFHQ_Dataset_50/train/4/30701.png","30701.png","4","Happiness"
"ffhq","Cleaned_FFHQ_Dataset_50/train/4/63867.png","63867.png","4","Happiness"
"ffhq","Cleaned_FFHQ_Dataset_50/train/5/55033.png","55033.png","5","Neutral"
"ffhq","Cleaned_FFHQ_Dataset_50/train/5/50235.png","50235.png","5","Neutral"
"ffhq","Cleaned_FFHQ_Dataset_50/train/4/03468.png","03468.png","4","Happiness"
"ffhq","Cleaned_FFHQ_Dataset_50/train/4/42300.png","42300.png","4","Happiness"
"ffhq","Cleaned_FFHQ_Dataset_50/train/5/27921.png","27921.png","5","Neutral"
"ffhq","Cleaned_FFHQ_Dataset_50/train/4/10010.png","10010.png","4","Happiness"
"ffhq","Cleaned_FFHQ_Dataset_50/train/5/34182.png","34182.png","5","Neutral"
"ffhq","Cleaned_FFHQ_Dataset_50/train/4/64475.png","64475.png","4","Happiness"
"ffhq","Cleaned_FFHQ_Dataset_50/train/5/55075.png","55075.png","5","Neutral"
"ffhq","Cleaned_FFHQ_Dataset_50/train/5/28679.png","28679.png","5","Neutral"
"ffhq","Cleaned_FFHQ_Dataset_50/train/4/60850.png","60850.png","4","Happiness"
"ffhq","Cleaned_FFHQ_Dataset_50/train/5/13144.png","13144.png","5","Neutral"
"ffhq","Cleaned_FFHQ_Dataset_50/train/4/14748.png","14748.png","4","Happiness"
"ffhq","Cleaned_FFHQ_Dataset_50/train/5/18275.png","18275.png","5","Neutral"
"ffhq","Cleaned_FFHQ_Dataset_50/train/4/69515.png","69515.png","4","Happiness"
"ffhq","Cleaned_FFHQ_Dataset_50/train/4/08948.png","08948.png","4","Happiness"
"ffhq","Cleaned_FFHQ_Dataset_50/train/4/28345.png","28345.png","4","Happiness"
"ffhq","Cleaned_FFHQ_Dataset_50/train/4/56540.png","56540.png","4","Happiness"
"ffhq","Cleaned_FFHQ_Dataset_50/train/5/55367.png","55367.png","5","Neutral"
"ffhq","Cleaned_FFHQ_Dataset_50/train/4/58041.png","58041.png","4","Happiness"
"ffhq","Cleaned_FFHQ_Dataset_50/train/5/07521.png","07521.png","5","Neutral"
"ffhq","Cleaned_FFHQ_Dataset_50/train/5/13539.png","13539.png","5","Neutral"
"ffhq","Cleaned_FFHQ_Dataset_50/train/4/06643.png","06643.png","4","Happiness"
"ffhq","Cleaned_FFHQ_Dataset_50/train/4/16099.png","16099.png","4","Happiness"
"ffhq","Cleaned_FFHQ_Dataset_50/train/4/55031.png","55031.png","4","Happiness"
"ffhq","Cleaned_FFHQ_Dataset_50/train/4/29748.png","29748.png","4","Happiness"
"ffhq","Cleaned_FFHQ_Dataset_50/train/4/55392.png","55392.png","4","Happiness"
"ffhq","Cleaned_FFHQ_Dataset_50/train/4/26300.png","26300.png","4","Happiness"
"ffhq","Cleaned_FFHQ_Dataset_50/train/4/20687.png","20687.png","4","Happiness"
"ffhq","Cleaned_FFHQ_Dataset_50/train/4/11869.png","11869.png","4","Happiness"
"ffhq","Cleaned_FFHQ_Dataset_50/train/4/65022.png","65022.png","4","Happiness"
"ffhq","Cleaned_FFHQ_Dataset_50/train/4/02882.png","02882.png","4","Happiness"
"ffhq","Cleaned_FFHQ_Dataset_50/train/4/08091.png","08091.png","4","Happiness"
"ffhq","Cleaned_FFHQ_Dataset_50/train/5/65257.png","65257.png","5","Neutral"
"ffhq","Cleaned_FFHQ_Dataset_50/train/5/26465.png","26465.png","5","Neutral"
"ffhq","Cleaned_FFHQ_Dataset_50/train/4/04736.png","04736.png","4","Happiness"
"ffhq","Cleaned_FFHQ_Dataset_50/train/5/68994.png","68994.png","5","Neutral"
"ffhq","Cleaned_FFHQ_Dataset_50/train/5/00790.png","00790.png","5","Neutral"
"ffhq","Cleaned_FFHQ_Dataset_50/train/5/02591.png","02591.png","5","Neutral"
"ffhq","Cleaned_FFHQ_Dataset_50/train/5/47147.png","47147.png","5","Neutral"
"ffhq","Cleaned_FFHQ_Dataset_50/train/6/65951.png","65951.png","6","Sadness"
"ffhq","Cleaned_FFHQ_Dataset_50/train/0/38806.png","38806.png","0","Anger"
"ffhq","Cleaned_FFHQ_Dataset_50/train/4/28030.png","28030.png","4","Happiness"
"ffhq","Cleaned_FFHQ_Dataset_50/train/5/52354.png","52354.png","5","Neutral"
"ffhq","Cleaned_FFHQ_Dataset_50/train/5/44861.png","44861.png","5","Neutral"
"ffhq","Cleaned_FFHQ_Dataset_50/train/5/10582.png","10582.png","5","Neutral"
"ffhq","Cleaned_FFHQ_Dataset_50/train/5/38860.png","38860.png","5","Neutral"
"ffhq","Cleaned_FFHQ_Dataset_50/train/5/38302.png","38302.png","5","Neutral"
"ffhq","Cleaned_FFHQ_Dataset_50/train/5/05658.png","05658.png","5","Neutral"
"ffhq","Cleaned_FFHQ_Dataset_50/train/5/13558.png","13558.png","5","Neutral"
"ffhq","Cleaned_FFHQ_Dataset_50/train/4/23369.png","23369.png","4","Happiness"
"ffhq","Cleaned_FFHQ_Dataset_50/train/4/30927.png","30927.png","4","Happiness"
"ffhq","Cleaned_FFHQ_Dataset_50/train/5/37366.png","37366.png","5","Neutral"
"ffhq","Cleaned_FFHQ_Dataset_50/train/5/29182.png","29182.png","5","Neutral"
"ffhq","Cleaned_FFHQ_Dataset_50/train/4/19346.png","19346.png","4","Happiness"
"ffhq","Cleaned_FFHQ_Dataset_50/train/5/14152.png","14152.png","5","Neutral"
"ffhq","Cleaned_FFHQ_Dataset_50/train/5/14404.png","14404.png","5","Neutral"
"ffhq","Cleaned_FFHQ_Dataset_50/train/6/26332.png","26332.png","6","Sadness"
"ffhq","Cleaned_FFHQ_Dataset_50/train/4/31959.png","31959.png","4","Happiness"
"ffhq","Cleaned_FFHQ_Dataset_50/train/4/59188.png","59188.png","4","Happiness"
"ffhq","Cleaned_FFHQ_Dataset_50/train/4/07205.png","07205.png","4","Happiness"
"ffhq","Cleaned_FFHQ_Dataset_50/train/4/58759.png","58759.png","4","Happiness"
"ffhq","Cleaned_FFHQ_Dataset_50/train/4/61115.png","61115.png","4","Happiness"
"ffhq","Cleaned_FFHQ_Dataset_50/train/5/41037.png","41037.png","5","Neutral"
"ffhq","Cleaned_FFHQ_Dataset_50/train/4/04307.png","04307.png","4","Happiness"
"ffhq","Cleaned_FFHQ_Dataset_50/train/7/34150.png","34150.png","7","Surprise"
"ffhq","Cleaned_FFHQ_Dataset_50/train/5/18379.png","18379.png","5","Neutral"
"ffhq","Cleaned_FFHQ_Dataset_50/train/4/04616.png","04616.png","4","Happiness"
"ffhq","Cleaned_FFHQ_Dataset_50/train/4/55559.png","55559.png","4","Happiness"
"ffhq","Cleaned_FFHQ_Dataset_50/train/5/20422.png","20422.png","5","Neutral"
"ffhq","Cleaned_FFHQ_Dataset_50/train/5/34646.png","34646.png","5","Neutral"
"ffhq","Cleaned_FFHQ_Dataset_50/train/4/03127.png","03127.png","4","Happiness"
"ffhq","Cleaned_FFHQ_Dataset_50/train/4/24666.png","24666.png","4","Happiness"
"ffhq","Cleaned_FFHQ_Dataset_50/train/5/19573.png","19573.png","5","Neutral"
"ffhq","Cleaned_FFHQ_Dataset_50/train/5/53320.png","53320.png","5","Neutral"
"ffhq","Cleaned_FFHQ_Dataset_50/train/5/04827.png","04827.png","5","Neutral"
"ffhq","Cleaned_FFHQ_Dataset_50/train/4/13219.png","13219.png","4","Happiness"
"ffhq","Cleaned_FFHQ_Dataset_50/train/4/02111.png","02111.png","4","Happiness"
"ffhq","Cleaned_FFHQ_Dataset_50/train/5/04795.png","04795.png","5","Neutral"
"ffhq","Cleaned_FFHQ_Dataset_50/train/5/57314.png","57314.png","5","Neutral"
"ffhq","Cleaned_FFHQ_Dataset_50/train/5/09084.png","09084.png","5","Neutral"
"ffhq","Cleaned_FFHQ_Dataset_50/train/4/04799.png","04799.png","4","Happiness"
"ffhq","Cleaned_FFHQ_Dataset_50/train/5/41076.png","41076.png","5","Neutral"
"ffhq","Cleaned_FFHQ_Dataset_50/train/4/32364.png","32364.png","4","Happiness"
"ffhq","Cleaned_FFHQ_Dataset_50/train/4/41961.png","41961.png","4","Happiness"
"ffhq","Cleaned_FFHQ_Dataset_50/train/5/19725.png","19725.png","5","Neutral"
"ffhq","Cleaned_FFHQ_Dataset_50/train/4/59696.png","59696.png","4","Happiness"
"ffhq","Cleaned_FFHQ_Dataset_50/train/5/32302.png","32302.png","5","Neutral"
"ffhq","Cleaned_FFHQ_Dataset_50/train/4/15091.png","15091.png","4","Happiness"
"ffhq","Cleaned_FFHQ_Dataset_50/train/4/14856.png","14856.png","4","Happiness"
"ffhq","Cleaned_FFHQ_Dataset_50/train/4/29844.png","29844.png","4","Happiness"
"ffhq","Cleaned_FFHQ_Dataset_50/train/4/57303.png","57303.png","4","Happiness"
"ffhq","Cleaned_FFHQ_Dataset_50/train/4/20969.png","20969.png","4","Happiness"
"ffhq","Cleaned_FFHQ_Dataset_50/train/5/43209.png","43209.png","5","Neutral"
"ffhq","Cleaned_FFHQ_Dataset_50/train/5/43571.png","43571.png","5","Neutral"
"ffhq","Cleaned_FFHQ_Dataset_50/train/4/40077.png","40077.png","4","Happiness"
"ffhq","Cleaned_FFHQ_Dataset_50/train/5/51783.png","51783.png","5","Neutral"
"ffhq","Cleaned_FFHQ_Dataset_50/train/4/23687.png","23687.png","4","Happiness"
"ffhq","Cleaned_FFHQ_Dataset_50/train/4/28149.png","28149.png","4","Happiness"
"ffhq","Cleaned_FFHQ_Dataset_50/train/5/35613.png","35613.png","5","Neutral"
"ffhq","Cleaned_FFHQ_Dataset_50/train/4/68059.png","68059.png","4","Happiness"
"ffhq","Cleaned_FFHQ_Dataset_50/train/4/43918.png","43918.png","4","Happiness"
"ffhq","Cleaned_FFHQ_Dataset_50/train/4/47787.png","47787.png","4","Happiness"
"ffhq","Cleaned_FFHQ_Dataset_50/train/4/02292.png","02292.png","4","Happiness"
"ffhq","Cleaned_FFHQ_Dataset_50/train/4/15969.png","15969.png","4","Happiness"
"ffhq","Cleaned_FFHQ_Dataset_50/train/4/06650.png","06650.png","4","Happiness"
"ffhq","Cleaned_FFHQ_Dataset_50/train/4/15264.png","15264.png","4","Happiness"
"ffhq","Cleaned_FFHQ_Dataset_50/train/4/50087.png","50087.png","4","Happiness"
"ffhq","Cleaned_FFHQ_Dataset_50/train/4/57865.png","57865.png","4","Happiness"
"ffhq","Cleaned_FFHQ_Dataset_50/train/4/65453.png","65453.png","4","Happiness"
"ffhq","Cleaned_FFHQ_Dataset_50/train/4/02537.png","02537.png","4","Happiness"
"ffhq","Cleaned_FFHQ_Dataset_50/train/5/23820.png","23820.png","5","Neutral"
"ffhq","Cleaned_FFHQ_Dataset_50/train/5/44738.png","44738.png","5","Neutral"
"ffhq","Cleaned_FFHQ_Dataset_50/train/4/06217.png","06217.png","4","Happiness"
"ffhq","Cleaned_FFHQ_Dataset_50/train/4/34725.png","34725.png","4","Happiness"
"ffhq","Cleaned_FFHQ_Dataset_50/train/5/46214.png","46214.png","5","Neutral"
"ffhq","Cleaned_FFHQ_Dataset_50/train/4/62845.png","62845.png","4","Happiness"
"ffhq","Cleaned_FFHQ_Dataset_50/train/4/36386.png","36386.png","4","Happiness"
"ffhq","Cleaned_FFHQ_Dataset_50/train/5/36624.png","36624.png","5","Neutral"
"ffhq","Cleaned_FFHQ_Dataset_50/train/5/03237.png","03237.png","5","Neutral"
"ffhq","Cleaned_FFHQ_Dataset_50/train/4/58997.png","58997.png","4","Happiness"
"ffhq","Cleaned_FFHQ_Dataset_50/train/4/40020.png","40020.png","4","Happiness"
"ffhq","Cleaned_FFHQ_Dataset_50/train/5/35445.png","35445.png","5","Neutral"
"ffhq","Cleaned_FFHQ_Dataset_50/train/4/17110.png","17110.png","4","Happiness"
"ffhq","Cleaned_FFHQ_Dataset_50/train/5/35870.png","35870.png","5","Neutral"
"ffhq","Cleaned_FFHQ_Dataset_50/train/4/04073.png","04073.png","4","Happiness"
"ffhq","Cleaned_FFHQ_Dataset_50/train/4/51751.png","51751.png","4","Happiness"
"ffhq","Cleaned_FFHQ_Dataset_50/train/5/04559.png","04559.png","5","Neutral"
"ffhq","Cleaned_FFHQ_Dataset_50/train/4/15038.png","15038.png","4","Happiness"
"ffhq","Cleaned_FFHQ_Dataset_50/train/5/53907.png","53907.png","5","Neutral"
"ffhq","Cleaned_FFHQ_Dataset_50/train/4/60557.png","60557.png","4","Happiness"
"ffhq","Cleaned_FFHQ_Dataset_50/train/4/59672.png","59672.png","4","Happiness"
"ffhq","Cleaned_FFHQ_Dataset_50/train/5/03120.png","03120.png","5","Neutral"
"ffhq","Cleaned_FFHQ_Dataset_50/train/4/47976.png","47976.png","4","Happiness"
"ffhq","Cleaned_FFHQ_Dataset_50/train/4/21058.png","21058.png","4","Happiness"
"ffhq","Cleaned_FFHQ_Dataset_50/train/5/63150.png","63150.png","5","Neutral"
"ffhq","Cleaned_FFHQ_Dataset_50/train/5/28646.png","28646.png","5","Neutral"
"ffhq","Cleaned_FFHQ_Dataset_50/train/5/61949.png","61949.png","5","Neutral"
"ffhq","Cleaned_FFHQ_Dataset_50/train/4/35403.png","35403.png","4","Happiness"
"ffhq","Cleaned_FFHQ_Dataset_50/train/4/30847.png","30847.png","4","Happiness"
"ffhq","Cleaned_FFHQ_Dataset_50/train/4/61983.png","61983.png","4","Happiness"
"ffhq","Cleaned_FFHQ_Dataset_50/train/4/37341.png","37341.png","4","Happiness"
"ffhq","Cleaned_FFHQ_Dataset_50/train/4/45633.png","45633.png","4","Happiness"
"ffhq","Cleaned_FFHQ_Dataset_50/train/4/53089.png","53089.png","4","Happiness"
"ffhq","Cleaned_FFHQ_Dataset_50/train/4/48576.png","48576.png","4","Happiness"
"ffhq","Cleaned_FFHQ_Dataset_50/train/4/66869.png","66869.png","4","Happiness"
"ffhq","Cleaned_FFHQ_Dataset_50/train/4/40961.png","40961.png","4","Happiness"
"ffhq","Cleaned_FFHQ_Dataset_50/train/4/34280.png","34280.png","4","Happiness"
"ffhq","Cleaned_FFHQ_Dataset_50/train/4/36540.png","36540.png","4","Happiness"
"ffhq","Cleaned_FFHQ_Dataset_50/train/4/40154.png","40154.png","4","Happiness"
"ffhq","Cleaned_FFHQ_Dataset_50/train/4/42403.png","42403.png","4","Happiness"
"ffhq","Cleaned_FFHQ_Dataset_50/train/5/42957.png","42957.png","5","Neutral"
"ffhq","Cleaned_FFHQ_Dataset_50/train/4/31661.png","31661.png","4","Happiness"
"ffhq","Cleaned_FFHQ_Dataset_50/train/5/31928.png","31928.png","5","Neutral"
"ffhq","Cleaned_FFHQ_Dataset_50/train/4/10530.png","10530.png","4","Happiness"
"ffhq","Cleaned_FFHQ_Dataset_50/train/4/60826.png","60826.png","4","Happiness"
"ffhq","Cleaned_FFHQ_Dataset_50/train/5/67999.png","67999.png","5","Neutral"
"ffhq","Cleaned_FFHQ_Dataset_50/train/4/12865.png","12865.png","4","Happiness"
"ffhq","Cleaned_FFHQ_Dataset_50/train/4/42034.png","42034.png","4","Happiness"
"ffhq","Cleaned_FFHQ_Dataset_50/train/4/43526.png","43526.png","4","Happiness"
"ffhq","Cleaned_FFHQ_Dataset_50/train/4/22895.png","22895.png","4","Happiness"
"ffhq","Cleaned_FFHQ_Dataset_50/train/0/01163.png","01163.png","0","Anger"
"ffhq","Cleaned_FFHQ_Dataset_50/train/5/68747.png","68747.png","5","Neutral"
"ffhq","Cleaned_FFHQ_Dataset_50/train/4/18621.png","18621.png","4","Happiness"
"ffhq","Cleaned_FFHQ_Dataset_50/train/4/49278.png","49278.png","4","Happiness"
"ffhq","Cleaned_FFHQ_Dataset_50/train/5/63321.png","63321.png","5","Neutral"
"ffhq","Cleaned_FFHQ_Dataset_50/train/5/52390.png","52390.png","5","Neutral"
"ffhq","Cleaned_FFHQ_Dataset_50/train/4/63325.png","63325.png","4","Happiness"
"ffhq","Cleaned_FFHQ_Dataset_50/train/4/37664.png","37664.png","4","Happiness"
"ffhq","Cleaned_FFHQ_Dataset_50/train/4/52998.png","52998.png","4","Happiness"
"ffhq","Cleaned_FFHQ_Dataset_50/train/5/05661.png","05661.png","5","Neutral"
"ffhq","Cleaned_FFHQ_Dataset_50/train/5/15904.png","15904.png","5","Neutral"
"ffhq","Cleaned_FFHQ_Dataset_50/train/4/56478.png","56478.png","4","Happiness"
"ffhq","Cleaned_FFHQ_Dataset_50/train/4/38039.png","38039.png","4","Happiness"
"ffhq","Cleaned_FFHQ_Dataset_50/train/4/52001.png","52001.png","4","Happiness"
"ffhq","Cleaned_FFHQ_Dataset_50/train/6/37039.png","37039.png","6","Sadness"
"ffhq","Cleaned_FFHQ_Dataset_50/train/5/53713.png","53713.png","5","Neutral"
"ffhq","Cleaned_FFHQ_Dataset_50/train/4/12598.png","12598.png","4","Happiness"
"ffhq","Cleaned_FFHQ_Dataset_50/train/5/27343.png","27343.png","5","Neutral"
"ffhq","Cleaned_FFHQ_Dataset_50/train/4/38337.png","38337.png","4","Happiness"
"ffhq","Cleaned_FFHQ_Dataset_50/train/4/56275.png","56275.png","4","Happiness"
"ffhq","Cleaned_FFHQ_Dataset_50/train/7/45036.png","45036.png","7","Surprise"
"ffhq","Cleaned_FFHQ_Dataset_50/train/4/35010.png","35010.png","4","Happiness"
"ffhq","Cleaned_FFHQ_Dataset_50/train/4/60842.png","60842.png","4","Happiness"
"ffhq","Cleaned_FFHQ_Dataset_50/train/5/68096.png","68096.png","5","Neutral"
"ffhq","Cleaned_FFHQ_Dataset_50/train/4/35059.png","35059.png","4","Happiness"
"ffhq","Cleaned_FFHQ_Dataset_50/train/5/52974.png","52974.png","5","Neutral"
"ffhq","Cleaned_FFHQ_Dataset_50/train/5/30203.png","30203.png","5","Neutral"
"ffhq","Cleaned_FFHQ_Dataset_50/train/4/16412.png","16412.png","4","Happiness"
"ffhq","Cleaned_FFHQ_Dataset_50/train/4/18185.png","18185.png","4","Happiness"
"ffhq","Cleaned_FFHQ_Dataset_50/train/4/33719.png","33719.png","4","Happiness"
"ffhq","Cleaned_FFHQ_Dataset_50/train/5/23922.png","23922.png","5","Neutral"
"ffhq","Cleaned_FFHQ_Dataset_50/train/5/46068.png","46068.png","5","Neutral"
"ffhq","Cleaned_FFHQ_Dataset_50/train/5/64458.png","64458.png","5","Neutral"
"ffhq","Cleaned_FFHQ_Dataset_50/train/4/24869.png","24869.png","4","Happiness"
"ffhq","Cleaned_FFHQ_Dataset_50/train/5/26647.png","26647.png","5","Neutral"
"ffhq","Cleaned_FFHQ_Dataset_50/train/4/38486.png","38486.png","4","Happiness"
"ffhq","Cleaned_FFHQ_Dataset_50/train/5/18504.png","18504.png","5","Neutral"
"ffhq","Cleaned_FFHQ_Dataset_50/train/4/15477.png","15477.png","4","Happiness"
"ffhq","Cleaned_FFHQ_Dataset_50/train/4/57850.png","57850.png","4","Happiness"
"ffhq","Cleaned_FFHQ_Dataset_50/train/4/39292.png","39292.png","4","Happiness"
"ffhq","Cleaned_FFHQ_Dataset_50/train/4/02765.png","02765.png","4","Happiness"
"ffhq","Cleaned_FFHQ_Dataset_50/train/4/25506.png","25506.png","4","Happiness"
"ffhq","Cleaned_FFHQ_Dataset_50/train/5/01241.png","01241.png","5","Neutral"
"ffhq","Cleaned_FFHQ_Dataset_50/train/5/16334.png","16334.png","5","Neutral"
"ffhq","Cleaned_FFHQ_Dataset_50/train/5/47784.png","47784.png","5","Neutral"
"ffhq","Cleaned_FFHQ_Dataset_50/train/5/06093.png","06093.png","5","Neutral"
"ffhq","Cleaned_FFHQ_Dataset_50/train/4/52125.png","52125.png","4","Happiness"
"ffhq","Cleaned_FFHQ_Dataset_50/train/4/67546.png","67546.png","4","Happiness"
"ffhq","Cleaned_FFHQ_Dataset_50/train/4/59586.png","59586.png","4","Happiness"
"ffhq","Cleaned_FFHQ_Dataset_50/train/4/22853.png","22853.png","4","Happiness"
"ffhq","Cleaned_FFHQ_Dataset_50/train/4/54125.png","54125.png","4","Happiness"
"ffhq","Cleaned_FFHQ_Dataset_50/train/6/56000.png","56000.png","6","Sadness"
"ffhq","Cleaned_FFHQ_Dataset_50/train/4/46846.png","46846.png","4","Happiness"
"ffhq","Cleaned_FFHQ_Dataset_50/train/4/28375.png","28375.png","4","Happiness"
"ffhq","Cleaned_FFHQ_Dataset_50/train/5/28059.png","28059.png","5","Neutral"
"ffhq","Cleaned_FFHQ_Dataset_50/train/4/36182.png","36182.png","4","Happiness"
"ffhq","Cleaned_FFHQ_Dataset_50/train/4/39575.png","39575.png","4","Happiness"
"ffhq","Cleaned_FFHQ_Dataset_50/train/4/27601.png","27601.png","4","Happiness"
"ffhq","Cleaned_FFHQ_Dataset_50/train/5/60159.png","60159.png","5","Neutral"
"ffhq","Cleaned_FFHQ_Dataset_50/train/5/01950.png","01950.png","5","Neutral"
"ffhq","Cleaned_FFHQ_Dataset_50/train/4/48448.png","48448.png","4","Happiness"
"ffhq","Cleaned_FFHQ_Dataset_50/train/4/04751.png","04751.png","4","Happiness"
"ffhq","Cleaned_FFHQ_Dataset_50/train/5/26991.png","26991.png","5","Neutral"
"ffhq","Cleaned_FFHQ_Dataset_50/train/5/13565.png","13565.png","5","Neutral"
"ffhq","Cleaned_FFHQ_Dataset_50/train/4/10139.png","10139.png","4","Happiness"
"ffhq","Cleaned_FFHQ_Dataset_50/train/4/12550.png","12550.png","4","Happiness"
"ffhq","Cleaned_FFHQ_Dataset_50/train/4/18396.png","18396.png","4","Happiness"
"ffhq","Cleaned_FFHQ_Dataset_50/train/5/63697.png","63697.png","5","Neutral"
"ffhq","Cleaned_FFHQ_Dataset_50/train/5/55757.png","55757.png","5","Neutral"
"ffhq","Cleaned_FFHQ_Dataset_50/train/5/60462.png","60462.png","5","Neutral"
"ffhq","Cleaned_FFHQ_Dataset_50/train/4/39839.png","39839.png","4","Happiness"
"ffhq","Cleaned_FFHQ_Dataset_50/train/5/46601.png","46601.png","5","Neutral"
"ffhq","Cleaned_FFHQ_Dataset_50/train/4/37813.png","37813.png","4","Happiness"
"ffhq","Cleaned_FFHQ_Dataset_50/train/5/09896.png","09896.png","5","Neutral"
"ffhq","Cleaned_FFHQ_Dataset_50/train/4/34808.png","34808.png","4","Happiness"
"ffhq","Cleaned_FFHQ_Dataset_50/train/5/07456.png","07456.png","5","Neutral"
"ffhq","Cleaned_FFHQ_Dataset_50/train/5/57444.png","57444.png","5","Neutral"
"ffhq","Cleaned_FFHQ_Dataset_50/train/4/24827.png","24827.png","4","Happiness"
"ffhq","Cleaned_FFHQ_Dataset_50/train/4/26563.png","26563.png","4","Happiness"
"ffhq","Cleaned_FFHQ_Dataset_50/train/5/69240.png","69240.png","5","Neutral"
"ffhq","Cleaned_FFHQ_Dataset_50/train/5/31193.png","31193.png","5","Neutral"
"ffhq","Cleaned_FFHQ_Dataset_50/train/5/16941.png","16941.png","5","Neutral"
"ffhq","Cleaned_FFHQ_Dataset_50/train/4/66599.png","66599.png","4","Happiness"
"ffhq","Cleaned_FFHQ_Dataset_50/train/4/30551.png","30551.png","4","Happiness"
"ffhq","Cleaned_FFHQ_Dataset_50/train/5/01374.png","01374.png","5","Neutral"
"ffhq","Cleaned_FFHQ_Dataset_50/train/5/05771.png","05771.png","5","Neutral"
"ffhq","Cleaned_FFHQ_Dataset_50/train/4/43857.png","43857.png","4","Happiness"
"ffhq","Cleaned_FFHQ_Dataset_50/train/4/49191.png","49191.png","4","Happiness"
"ffhq","Cleaned_FFHQ_Dataset_50/train/5/29066.png","29066.png","5","Neutral"
"ffhq","Cleaned_FFHQ_Dataset_50/train/4/54686.png","54686.png","4","Happiness"
"ffhq","Cleaned_FFHQ_Dataset_50/train/5/54984.png","54984.png","5","Neutral"
"ffhq","Cleaned_FFHQ_Dataset_50/train/4/55366.png","55366.png","4","Happiness"
"ffhq","Cleaned_FFHQ_Dataset_50/train/5/41383.png","41383.png","5","Neutral"
"ffhq","Cleaned_FFHQ_Dataset_50/train/5/23326.png","23326.png","5","Neutral"
"ffhq","Cleaned_FFHQ_Dataset_50/train/4/26660.png","26660.png","4","Happiness"
"ffhq","Cleaned_FFHQ_Dataset_50/train/5/20451.png","20451.png","5","Neutral"
"ffhq","Cleaned_FFHQ_Dataset_50/train/5/35842.png","35842.png","5","Neutral"
"ffhq","Cleaned_FFHQ_Dataset_50/train/5/61755.png","61755.png","5","Neutral"
"ffhq","Cleaned_FFHQ_Dataset_50/train/4/03198.png","03198.png","4","Happiness"
"ffhq","Cleaned_FFHQ_Dataset_50/train/4/29174.png","29174.png","4","Happiness"
"ffhq","Cleaned_FFHQ_Dataset_50/train/4/29893.png","29893.png","4","Happiness"
"ffhq","Cleaned_FFHQ_Dataset_50/train/5/27164.png","27164.png","5","Neutral"
"ffhq","Cleaned_FFHQ_Dataset_50/train/5/09963.png","09963.png","5","Neutral"
"ffhq","Cleaned_FFHQ_Dataset_50/train/5/28562.png","28562.png","5","Neutral"
"ffhq","Cleaned_FFHQ_Dataset_50/train/5/29137.png","29137.png","5","Neutral"
"ffhq","Cleaned_FFHQ_Dataset_50/train/5/41761.png","41761.png","5","Neutral"
"ffhq","Cleaned_FFHQ_Dataset_50/train/5/35125.png","35125.png","5","Neutral"
"ffhq","Cleaned_FFHQ_Dataset_50/train/4/41447.png","41447.png","4","Happiness"
"ffhq","Cleaned_FFHQ_Dataset_50/train/4/40590.png","40590.png","4","Happiness"
"ffhq","Cleaned_FFHQ_Dataset_50/train/5/54744.png","54744.png","5","Neutral"
"ffhq","Cleaned_FFHQ_Dataset_50/train/4/69329.png","69329.png","4","Happiness"
"ffhq","Cleaned_FFHQ_Dataset_50/train/4/35283.png","35283.png","4","Happiness"
"ffhq","Cleaned_FFHQ_Dataset_50/train/4/40378.png","40378.png","4","Happiness"
"ffhq","Cleaned_FFHQ_Dataset_50/train/4/44298.png","44298.png","4","Happiness"
"ffhq","Cleaned_FFHQ_Dataset_50/train/5/51768.png","51768.png","5","Neutral"
"ffhq","Cleaned_FFHQ_Dataset_50/train/5/66840.png","66840.png","5","Neutral"
"ffhq","Cleaned_FFHQ_Dataset_50/train/4/27262.png","27262.png","4","Happiness"
"ffhq","Cleaned_FFHQ_Dataset_50/train/4/17342.png","17342.png","4","Happiness"
"ffhq","Cleaned_FFHQ_Dataset_50/train/4/12807.png","12807.png","4","Happiness"
"ffhq","Cleaned_FFHQ_Dataset_50/train/4/25135.png","25135.png","4","Happiness"
"ffhq","Cleaned_FFHQ_Dataset_50/train/4/69108.png","69108.png","4","Happiness"
"ffhq","Cleaned_FFHQ_Dataset_50/train/5/62798.png","62798.png","5","Neutral"
"ffhq","Cleaned_FFHQ_Dataset_50/train/5/00846.png","00846.png","5","Neutral"
"ffhq","Cleaned_FFHQ_Dataset_50/train/5/32258.png","32258.png","5","Neutral"
"ffhq","Cleaned_FFHQ_Dataset_50/train/5/19378.png","19378.png","5","Neutral"
"ffhq","Cleaned_FFHQ_Dataset_50/train/5/61430.png","61430.png","5","Neutral"
"ffhq","Cleaned_FFHQ_Dataset_50/train/6/25337.png","25337.png","6","Sadness"
"ffhq","Cleaned_FFHQ_Dataset_50/train/5/01336.png","01336.png","5","Neutral"
"ffhq","Cleaned_FFHQ_Dataset_50/train/4/09112.png","09112.png","4","Happiness"
"ffhq","Cleaned_FFHQ_Dataset_50/train/5/42816.png","42816.png","5","Neutral"
"ffhq","Cleaned_FFHQ_Dataset_50/train/5/01161.png","01161.png","5","Neutral"
"ffhq","Cleaned_FFHQ_Dataset_50/train/5/69885.png","69885.png","5","Neutral"
"ffhq","Cleaned_FFHQ_Dataset_50/train/4/68529.png","68529.png","4","Happiness"
"ffhq","Cleaned_FFHQ_Dataset_50/train/5/17957.png","17957.png","5","Neutral"
"ffhq","Cleaned_FFHQ_Dataset_50/train/4/24765.png","24765.png","4","Happiness"
"ffhq","Cleaned_FFHQ_Dataset_50/train/4/66540.png","66540.png","4","Happiness"
"ffhq","Cleaned_FFHQ_Dataset_50/train/5/12964.png","12964.png","5","Neutral"
"ffhq","Cleaned_FFHQ_Dataset_50/train/5/56946.png","56946.png","5","Neutral"
"ffhq","Cleaned_FFHQ_Dataset_50/train/5/46326.png","46326.png","5","Neutral"
"ffhq","Cleaned_FFHQ_Dataset_50/train/4/38275.png","38275.png","4","Happiness"
"ffhq","Cleaned_FFHQ_Dataset_50/train/5/44389.png","44389.png","5","Neutral"
"ffhq","Cleaned_FFHQ_Dataset_50/train/5/13369.png","13369.png","5","Neutral"
"ffhq","Cleaned_FFHQ_Dataset_50/train/4/06683.png","06683.png","4","Happiness"
"ffhq","Cleaned_FFHQ_Dataset_50/train/4/52202.png","52202.png","4","Happiness"
"ffhq","Cleaned_FFHQ_Dataset_50/train/5/20460.png","20460.png","5","Neutral"
"ffhq","Cleaned_FFHQ_Dataset_50/train/4/61193.png","61193.png","4","Happiness"
"ffhq","Cleaned_FFHQ_Dataset_50/train/4/18541.png","18541.png","4","Happiness"
"ffhq","Cleaned_FFHQ_Dataset_50/train/5/17002.png","17002.png","5","Neutral"
"ffhq","Cleaned_FFHQ_Dataset_50/train/4/11144.png","11144.png","4","Happiness"
"ffhq","Cleaned_FFHQ_Dataset_50/train/5/26841.png","26841.png","5","Neutral"
"ffhq","Cleaned_FFHQ_Dataset_50/train/5/65684.png","65684.png","5","Neutral"
"ffhq","Cleaned_FFHQ_Dataset_50/train/4/01017.png","01017.png","4","Happiness"
"ffhq","Cleaned_FFHQ_Dataset_50/train/4/17886.png","17886.png","4","Happiness"
"ffhq","Cleaned_FFHQ_Dataset_50/train/5/24968.png","24968.png","5","Neutral"
"ffhq","Cleaned_FFHQ_Dataset_50/train/4/65911.png","65911.png","4","Happiness"
"ffhq","Cleaned_FFHQ_Dataset_50/train/4/23939.png","23939.png","4","Happiness"
"ffhq","Cleaned_FFHQ_Dataset_50/train/5/51653.png","51653.png","5","Neutral"
"ffhq","Cleaned_FFHQ_Dataset_50/train/4/45500.png","45500.png","4","Happiness"
"ffhq","Cleaned_FFHQ_Dataset_50/train/5/57512.png","57512.png","5","Neutral"
"ffhq","Cleaned_FFHQ_Dataset_50/train/5/26143.png","26143.png","5","Neutral"
"ffhq","Cleaned_FFHQ_Dataset_50/train/4/61641.png","61641.png","4","Happiness"
"ffhq","Cleaned_FFHQ_Dataset_50/train/4/56469.png","56469.png","4","Happiness"
"ffhq","Cleaned_FFHQ_Dataset_50/train/4/14585.png","14585.png","4","Happiness"
"ffhq","Cleaned_FFHQ_Dataset_50/train/4/56705.png","56705.png","4","Happiness"
"ffhq","Cleaned_FFHQ_Dataset_50/train/4/28068.png","28068.png","4","Happiness"
"ffhq","Cleaned_FFHQ_Dataset_50/train/4/02268.png","02268.png","4","Happiness"
"ffhq","Cleaned_FFHQ_Dataset_50/train/5/25865.png","25865.png","5","Neutral"
"ffhq","Cleaned_FFHQ_Dataset_50/train/5/56044.png","56044.png","5","Neutral"
"ffhq","Cleaned_FFHQ_Dataset_50/train/5/35021.png","35021.png","5","Neutral"
"ffhq","Cleaned_FFHQ_Dataset_50/train/5/60215.png","60215.png","5","Neutral"
"ffhq","Cleaned_FFHQ_Dataset_50/train/5/33193.png","33193.png","5","Neutral"
"ffhq","Cleaned_FFHQ_Dataset_50/train/4/09609.png","09609.png","4","Happiness"
"ffhq","Cleaned_FFHQ_Dataset_50/train/4/45694.png","45694.png","4","Happiness"
"ffhq","Cleaned_FFHQ_Dataset_50/train/5/65278.png","65278.png","5","Neutral"
"ffhq","Cleaned_FFHQ_Dataset_50/train/4/10027.png","10027.png","4","Happiness"
"ffhq","Cleaned_FFHQ_Dataset_50/train/4/64759.png","64759.png","4","Happiness"
"ffhq","Cleaned_FFHQ_Dataset_50/train/4/06798.png","06798.png","4","Happiness"
"ffhq","Cleaned_FFHQ_Dataset_50/train/5/36787.png","36787.png","5","Neutral"
"ffhq","Cleaned_FFHQ_Dataset_50/train/5/03565.png","03565.png","5","Neutral"
"ffhq","Cleaned_FFHQ_Dataset_50/train/5/17627.png","17627.png","5","Neutral"
"ffhq","Cleaned_FFHQ_Dataset_50/train/5/43047.png","43047.png","5","Neutral"
"ffhq","Cleaned_FFHQ_Dataset_50/train/6/03746.png","03746.png","6","Sadness"
"ffhq","Cleaned_FFHQ_Dataset_50/train/5/33326.png","33326.png","5","Neutral"
"ffhq","Cleaned_FFHQ_Dataset_50/train/4/06950.png","06950.png","4","Happiness"
"ffhq","Cleaned_FFHQ_Dataset_50/train/4/03723.png","03723.png","4","Happiness"
"ffhq","Cleaned_FFHQ_Dataset_50/train/4/22873.png","22873.png","4","Happiness"
"ffhq","Cleaned_FFHQ_Dataset_50/train/4/50034.png","50034.png","4","Happiness"
"ffhq","Cleaned_FFHQ_Dataset_50/train/4/22098.png","22098.png","4","Happiness"
"ffhq","Cleaned_FFHQ_Dataset_50/train/4/01925.png","01925.png","4","Happiness"
"ffhq","Cleaned_FFHQ_Dataset_50/train/5/53611.png","53611.png","5","Neutral"
"ffhq","Cleaned_FFHQ_Dataset_50/train/5/66086.png","66086.png","5","Neutral"
"ffhq","Cleaned_FFHQ_Dataset_50/train/4/16232.png","16232.png","4","Happiness"
"ffhq","Cleaned_FFHQ_Dataset_50/train/5/42172.png","42172.png","5","Neutral"
"ffhq","Cleaned_FFHQ_Dataset_50/train/4/19507.png","19507.png","4","Happiness"
"ffhq","Cleaned_FFHQ_Dataset_50/train/4/03085.png","03085.png","4","Happiness"
"ffhq","Cleaned_FFHQ_Dataset_50/train/4/04454.png","04454.png","4","Happiness"
"ffhq","Cleaned_FFHQ_Dataset_50/train/6/45019.png","45019.png","6","Sadness"
"ffhq","Cleaned_FFHQ_Dataset_50/train/5/20185.png","20185.png","5","Neutral"
"ffhq","Cleaned_FFHQ_Dataset_50/train/5/58916.png","58916.png","5","Neutral"
"ffhq","Cleaned_FFHQ_Dataset_50/train/5/23163.png","23163.png","5","Neutral"
"ffhq","Cleaned_FFHQ_Dataset_50/train/5/14563.png","14563.png","5","Neutral"
"ffhq","Cleaned_FFHQ_Dataset_50/train/5/68938.png","68938.png","5","Neutral"
"ffhq","Cleaned_FFHQ_Dataset_50/train/4/21328.png","21328.png","4","Happiness"
"ffhq","Cleaned_FFHQ_Dataset_50/train/5/07590.png","07590.png","5","Neutral"
"ffhq","Cleaned_FFHQ_Dataset_50/train/5/02344.png","02344.png","5","Neutral"
"ffhq","Cleaned_FFHQ_Dataset_50/train/5/24490.png","24490.png","5","Neutral"
"ffhq","Cleaned_FFHQ_Dataset_50/train/5/16226.png","16226.png","5","Neutral"
"ffhq","Cleaned_FFHQ_Dataset_50/train/4/43869.png","43869.png","4","Happiness"
"ffhq","Cleaned_FFHQ_Dataset_50/train/4/63761.png","63761.png","4","Happiness"
"ffhq","Cleaned_FFHQ_Dataset_50/train/5/60141.png","60141.png","5","Neutral"
"ffhq","Cleaned_FFHQ_Dataset_50/train/4/50070.png","50070.png","4","Happiness"
"ffhq","Cleaned_FFHQ_Dataset_50/train/4/17873.png","17873.png","4","Happiness"
"ffhq","Cleaned_FFHQ_Dataset_50/train/5/16163.png","16163.png","5","Neutral"
"ffhq","Cleaned_FFHQ_Dataset_50/train/5/48628.png","48628.png","5","Neutral"
"ffhq","Cleaned_FFHQ_Dataset_50/train/4/28387.png","28387.png","4","Happiness"
"ffhq","Cleaned_FFHQ_Dataset_50/train/4/11606.png","11606.png","4","Happiness"
"ffhq","Cleaned_FFHQ_Dataset_50/train/4/64064.png","64064.png","4","Happiness"
"ffhq","Cleaned_FFHQ_Dataset_50/train/4/22521.png","22521.png","4","Happiness"
"ffhq","Cleaned_FFHQ_Dataset_50/train/4/21503.png","21503.png","4","Happiness"
"ffhq","Cleaned_FFHQ_Dataset_50/train/5/32690.png","32690.png","5","Neutral"
"ffhq","Cleaned_FFHQ_Dataset_50/train/4/26875.png","26875.png","4","Happiness"
"ffhq","Cleaned_FFHQ_Dataset_50/train/5/18872.png","18872.png","5","Neutral"
"ffhq","Cleaned_FFHQ_Dataset_50/train/5/04349.png","04349.png","5","Neutral"
"ffhq","Cleaned_FFHQ_Dataset_50/train/5/24701.png","24701.png","5","Neutral"
"ffhq","Cleaned_FFHQ_Dataset_50/train/4/66185.png","66185.png","4","Happiness"
"ffhq","Cleaned_FFHQ_Dataset_50/train/5/06692.png","06692.png","5","Neutral"
"ffhq","Cleaned_FFHQ_Dataset_50/train/5/58172.png","58172.png","5","Neutral"
"ffhq","Cleaned_FFHQ_Dataset_50/train/5/13884.png","13884.png","5","Neutral"
"ffhq","Cleaned_FFHQ_Dataset_50/train/4/06697.png","06697.png","4","Happiness"
"ffhq","Cleaned_FFHQ_Dataset_50/train/4/08364.png","08364.png","4","Happiness"
"ffhq","Cleaned_FFHQ_Dataset_50/train/5/12829.png","12829.png","5","Neutral"
"ffhq","Cleaned_FFHQ_Dataset_50/train/4/02977.png","02977.png","4","Happiness"
"ffhq","Cleaned_FFHQ_Dataset_50/train/5/40985.png","40985.png","5","Neutral"
"ffhq","Cleaned_FFHQ_Dataset_50/train/5/59704.png","59704.png","5","Neutral"
"ffhq","Cleaned_FFHQ_Dataset_50/train/4/68442.png","68442.png","4","Happiness"
"ffhq","Cleaned_FFHQ_Dataset_50/train/4/32147.png","32147.png","4","Happiness"
"ffhq","Cleaned_FFHQ_Dataset_50/train/4/63841.png","63841.png","4","Happiness"
"ffhq","Cleaned_FFHQ_Dataset_50/train/5/58777.png","58777.png","5","Neutral"
"ffhq","Cleaned_FFHQ_Dataset_50/train/4/32331.png","32331.png","4","Happiness"
"ffhq","Cleaned_FFHQ_Dataset_50/train/4/32114.png","32114.png","4","Happiness"
"ffhq","Cleaned_FFHQ_Dataset_50/train/5/26359.png","26359.png","5","Neutral"
"ffhq","Cleaned_FFHQ_Dataset_50/train/4/34358.png","34358.png","4","Happiness"
"ffhq","Cleaned_FFHQ_Dataset_50/train/4/28932.png","28932.png","4","Happiness"
"ffhq","Cleaned_FFHQ_Dataset_50/train/5/51874.png","51874.png","5","Neutral"
"ffhq","Cleaned_FFHQ_Dataset_50/train/4/27182.png","27182.png","4","Happiness"
"ffhq","Cleaned_FFHQ_Dataset_50/train/4/16288.png","16288.png","4","Happiness"
"ffhq","Cleaned_FFHQ_Dataset_50/train/5/16078.png","16078.png","5","Neutral"
"ffhq","Cleaned_FFHQ_Dataset_50/train/5/05856.png","05856.png","5","Neutral"
"ffhq","Cleaned_FFHQ_Dataset_50/train/4/32369.png","32369.png","4","Happiness"
"ffhq","Cleaned_FFHQ_Dataset_50/train/4/69210.png","69210.png","4","Happiness"
"ffhq","Cleaned_FFHQ_Dataset_50/train/5/48956.png","48956.png","5","Neutral"
"ffhq","Cleaned_FFHQ_Dataset_50/train/5/61901.png","61901.png","5","Neutral"
"ffhq","Cleaned_FFHQ_Dataset_50/train/4/03915.png","03915.png","4","Happiness"
"ffhq","Cleaned_FFHQ_Dataset_50/train/5/60232.png","60232.png","5","Neutral"
"ffhq","Cleaned_FFHQ_Dataset_50/train/4/38721.png","38721.png","4","Happiness"
"ffhq","Cleaned_FFHQ_Dataset_50/train/4/67410.png","67410.png","4","Happiness"
"ffhq","Cleaned_FFHQ_Dataset_50/train/5/10468.png","10468.png","5","Neutral"
"ffhq","Cleaned_FFHQ_Dataset_50/train/4/06481.png","06481.png","4","Happiness"
"ffhq","Cleaned_FFHQ_Dataset_50/train/5/01742.png","01742.png","5","Neutral"
"ffhq","Cleaned_FFHQ_Dataset_50/train/5/03782.png","03782.png","5","Neutral"
"ffhq","Cleaned_FFHQ_Dataset_50/train/5/57820.png","57820.png","5","Neutral"
"ffhq","Cleaned_FFHQ_Dataset_50/train/4/27098.png","27098.png","4","Happiness"
"ffhq","Cleaned_FFHQ_Dataset_50/train/5/41176.png","41176.png","5","Neutral"
"ffhq","Cleaned_FFHQ_Dataset_50/train/4/11089.png","11089.png","4","Happiness"
"ffhq","Cleaned_FFHQ_Dataset_50/train/4/56768.png","56768.png","4","Happiness"
"ffhq","Cleaned_FFHQ_Dataset_50/train/4/66465.png","66465.png","4","Happiness"
"ffhq","Cleaned_FFHQ_Dataset_50/train/4/12143.png","12143.png","4","Happiness"
"ffhq","Cleaned_FFHQ_Dataset_50/train/4/24660.png","24660.png","4","Happiness"
"ffhq","Cleaned_FFHQ_Dataset_50/train/4/10047.png","10047.png","4","Happiness"
"ffhq","Cleaned_FFHQ_Dataset_50/train/5/54694.png","54694.png","5","Neutral"
"ffhq","Cleaned_FFHQ_Dataset_50/train/5/59394.png","59394.png","5","Neutral"
"ffhq","Cleaned_FFHQ_Dataset_50/train/4/15912.png","15912.png","4","Happiness"
"ffhq","Cleaned_FFHQ_Dataset_50/train/4/49955.png","49955.png","4","Happiness"
"ffhq","Cleaned_FFHQ_Dataset_50/train/5/28655.png","28655.png","5","Neutral"
"ffhq","Cleaned_FFHQ_Dataset_50/train/5/40429.png","40429.png","5","Neutral"
"ffhq","Cleaned_FFHQ_Dataset_50/train/5/10485.png","10485.png","5","Neutral"
"ffhq","Cleaned_FFHQ_Dataset_50/train/4/64098.png","64098.png","4","Happiness"
"ffhq","Cleaned_FFHQ_Dataset_50/train/4/39308.png","39308.png","4","Happiness"
"ffhq","Cleaned_FFHQ_Dataset_50/train/5/27307.png","27307.png","5","Neutral"
"ffhq","Cleaned_FFHQ_Dataset_50/train/4/09735.png","09735.png","4","Happiness"
"ffhq","Cleaned_FFHQ_Dataset_50/train/4/54749.png","54749.png","4","Happiness"
"ffhq","Cleaned_FFHQ_Dataset_50/train/5/05815.png","05815.png","5","Neutral"
"ffhq","Cleaned_FFHQ_Dataset_50/train/4/39891.png","39891.png","4","Happiness"
"ffhq","Cleaned_FFHQ_Dataset_50/train/4/38291.png","38291.png","4","Happiness"
"ffhq","Cleaned_FFHQ_Dataset_50/train/5/53324.png","53324.png","5","Neutral"
"ffhq","Cleaned_FFHQ_Dataset_50/train/4/22095.png","22095.png","4","Happiness"
"ffhq","Cleaned_FFHQ_Dataset_50/train/5/44747.png","44747.png","5","Neutral"
"ffhq","Cleaned_FFHQ_Dataset_50/train/5/44075.png","44075.png","5","Neutral"
"ffhq","Cleaned_FFHQ_Dataset_50/train/5/19794.png","19794.png","5","Neutral"
"ffhq","Cleaned_FFHQ_Dataset_50/train/4/10879.png","10879.png","4","Happiness"
"ffhq","Cleaned_FFHQ_Dataset_50/train/5/46874.png","46874.png","5","Neutral"
"ffhq","Cleaned_FFHQ_Dataset_50/train/5/34576.png","34576.png","5","Neutral"
"ffhq","Cleaned_FFHQ_Dataset_50/train/5/36636.png","36636.png","5","Neutral"
"ffhq","Cleaned_FFHQ_Dataset_50/train/4/03305.png","03305.png","4","Happiness"
"ffhq","Cleaned_FFHQ_Dataset_50/train/5/38544.png","38544.png","5","Neutral"
"ffhq","Cleaned_FFHQ_Dataset_50/train/5/53590.png","53590.png","5","Neutral"
"ffhq","Cleaned_FFHQ_Dataset_50/train/4/46295.png","46295.png","4","Happiness"
"ffhq","Cleaned_FFHQ_Dataset_50/train/5/23401.png","23401.png","5","Neutral"
"ffhq","Cleaned_FFHQ_Dataset_50/train/4/54788.png","54788.png","4","Happiness"
"ffhq","Cleaned_FFHQ_Dataset_50/train/5/51719.png","51719.png","5","Neutral"
"ffhq","Cleaned_FFHQ_Dataset_50/train/5/16629.png","16629.png","5","Neutral"
"ffhq","Cleaned_FFHQ_Dataset_50/train/5/11091.png","11091.png","5","Neutral"
"ffhq","Cleaned_FFHQ_Dataset_50/train/4/33018.png","33018.png","4","Happiness"
"ffhq","Cleaned_FFHQ_Dataset_50/train/4/27980.png","27980.png","4","Happiness"
"ffhq","Cleaned_FFHQ_Dataset_50/train/4/24724.png","24724.png","4","Happiness"
"ffhq","Cleaned_FFHQ_Dataset_50/train/4/58268.png","58268.png","4","Happiness"
"ffhq","Cleaned_FFHQ_Dataset_50/train/5/67568.png","67568.png","5","Neutral"
"ffhq","Cleaned_FFHQ_Dataset_50/train/4/06192.png","06192.png","4","Happiness"
"ffhq","Cleaned_FFHQ_Dataset_50/train/5/58800.png","58800.png","5","Neutral"
"ffhq","Cleaned_FFHQ_Dataset_50/train/4/50679.png","50679.png","4","Happiness"
"ffhq","Cleaned_FFHQ_Dataset_50/train/4/19092.png","19092.png","4","Happiness"
"ffhq","Cleaned_FFHQ_Dataset_50/train/4/25530.png","25530.png","4","Happiness"
"ffhq","Cleaned_FFHQ_Dataset_50/train/5/64303.png","64303.png","5","Neutral"
"ffhq","Cleaned_FFHQ_Dataset_50/train/5/62210.png","62210.png","5","Neutral"
"ffhq","Cleaned_FFHQ_Dataset_50/train/4/05200.png","05200.png","4","Happiness"
"ffhq","Cleaned_FFHQ_Dataset_50/train/4/45916.png","45916.png","4","Happiness"
"ffhq","Cleaned_FFHQ_Dataset_50/train/5/05928.png","05928.png","5","Neutral"
"ffhq","Cleaned_FFHQ_Dataset_50/train/4/45433.png","45433.png","4","Happiness"
"ffhq","Cleaned_FFHQ_Dataset_50/train/4/58658.png","58658.png","4","Happiness"
"ffhq","Cleaned_FFHQ_Dataset_50/train/4/15696.png","15696.png","4","Happiness"
"ffhq","Cleaned_FFHQ_Dataset_50/train/5/15103.png","15103.png","5","Neutral"
"ffhq","Cleaned_FFHQ_Dataset_50/train/4/11261.png","11261.png","4","Happiness"
"ffhq","Cleaned_FFHQ_Dataset_50/train/4/63856.png","63856.png","4","Happiness"
"ffhq","Cleaned_FFHQ_Dataset_50/train/5/05017.png","05017.png","5","Neutral"
"ffhq","Cleaned_FFHQ_Dataset_50/train/4/04514.png","04514.png","4","Happiness"
"ffhq","Cleaned_FFHQ_Dataset_50/train/5/49961.png","49961.png","5","Neutral"
"ffhq","Cleaned_FFHQ_Dataset_50/train/4/39089.png","39089.png","4","Happiness"
"ffhq","Cleaned_FFHQ_Dataset_50/train/4/31407.png","31407.png","4","Happiness"
"ffhq","Cleaned_FFHQ_Dataset_50/train/5/15767.png","15767.png","5","Neutral"
"ffhq","Cleaned_FFHQ_Dataset_50/train/0/32436.png","32436.png","0","Anger"
"ffhq","Cleaned_FFHQ_Dataset_50/train/5/41693.png","41693.png","5","Neutral"
"ffhq","Cleaned_FFHQ_Dataset_50/train/5/49919.png","49919.png","5","Neutral"
"ffhq","Cleaned_FFHQ_Dataset_50/train/4/55640.png","55640.png","4","Happiness"
"ffhq","Cleaned_FFHQ_Dataset_50/train/4/41179.png","41179.png","4","Happiness"
"ffhq","Cleaned_FFHQ_Dataset_50/train/4/23545.png","23545.png","4","Happiness"
"ffhq","Cleaned_FFHQ_Dataset_50/train/5/03130.png","03130.png","5","Neutral"
"ffhq","Cleaned_FFHQ_Dataset_50/train/4/30161.png","30161.png","4","Happiness"
"ffhq","Cleaned_FFHQ_Dataset_50/train/4/14242.png","14242.png","4","Happiness"
"ffhq","Cleaned_FFHQ_Dataset_50/train/5/38928.png","38928.png","5","Neutral"
"ffhq","Cleaned_FFHQ_Dataset_50/train/5/22489.png","22489.png","5","Neutral"
"ffhq","Cleaned_FFHQ_Dataset_50/train/5/61125.png","61125.png","5","Neutral"
"ffhq","Cleaned_FFHQ_Dataset_50/train/4/05489.png","05489.png","4","Happiness"
"ffhq","Cleaned_FFHQ_Dataset_50/train/5/20621.png","20621.png","5","Neutral"
"ffhq","Cleaned_FFHQ_Dataset_50/train/4/33107.png","33107.png","4","Happiness"
"ffhq","Cleaned_FFHQ_Dataset_50/train/5/36193.png","36193.png","5","Neutral"
"ffhq","Cleaned_FFHQ_Dataset_50/train/5/37974.png","37974.png","5","Neutral"
"ffhq","Cleaned_FFHQ_Dataset_50/train/4/03180.png","03180.png","4","Happiness"
"ffhq","Cleaned_FFHQ_Dataset_50/train/4/34227.png","34227.png","4","Happiness"
"ffhq","Cleaned_FFHQ_Dataset_50/train/4/28460.png","28460.png","4","Happiness"
"ffhq","Cleaned_FFHQ_Dataset_50/train/4/36549.png","36549.png","4","Happiness"
"ffhq","Cleaned_FFHQ_Dataset_50/train/5/26183.png","26183.png","5","Neutral"
"ffhq","Cleaned_FFHQ_Dataset_50/train/4/50020.png","50020.png","4","Happiness"
"ffhq","Cleaned_FFHQ_Dataset_50/train/4/12495.png","12495.png","4","Happiness"
"ffhq","Cleaned_FFHQ_Dataset_50/train/4/08430.png","08430.png","4","Happiness"
"ffhq","Cleaned_FFHQ_Dataset_50/train/4/09153.png","09153.png","4","Happiness"
"ffhq","Cleaned_FFHQ_Dataset_50/train/4/23983.png","23983.png","4","Happiness"
"ffhq","Cleaned_FFHQ_Dataset_50/train/5/21555.png","21555.png","5","Neutral"
"ffhq","Cleaned_FFHQ_Dataset_50/train/4/69206.png","69206.png","4","Happiness"
"ffhq","Cleaned_FFHQ_Dataset_50/train/4/10252.png","10252.png","4","Happiness"
"ffhq","Cleaned_FFHQ_Dataset_50/train/7/08472.png","08472.png","7","Surprise"
"ffhq","Cleaned_FFHQ_Dataset_50/train/4/48170.png","48170.png","4","Happiness"
"ffhq","Cleaned_FFHQ_Dataset_50/train/5/56530.png","56530.png","5","Neutral"
"ffhq","Cleaned_FFHQ_Dataset_50/train/5/14320.png","14320.png","5","Neutral"
"ffhq","Cleaned_FFHQ_Dataset_50/train/5/65712.png","65712.png","5","Neutral"
"ffhq","Cleaned_FFHQ_Dataset_50/train/4/56892.png","56892.png","4","Happiness"
"ffhq","Cleaned_FFHQ_Dataset_50/train/5/69079.png","69079.png","5","Neutral"
"ffhq","Cleaned_FFHQ_Dataset_50/train/4/50231.png","50231.png","4","Happiness"
"ffhq","Cleaned_FFHQ_Dataset_50/train/4/25681.png","25681.png","4","Happiness"
"ffhq","Cleaned_FFHQ_Dataset_50/train/5/47565.png","47565.png","5","Neutral"
"ffhq","Cleaned_FFHQ_Dataset_50/train/5/12070.png","12070.png","5","Neutral"
"ffhq","Cleaned_FFHQ_Dataset_50/train/5/55356.png","55356.png","5","Neutral"
"ffhq","Cleaned_FFHQ_Dataset_50/train/4/42916.png","42916.png","4","Happiness"
"ffhq","Cleaned_FFHQ_Dataset_50/train/5/04144.png","04144.png","5","Neutral"
"ffhq","Cleaned_FFHQ_Dataset_50/train/4/32746.png","32746.png","4","Happiness"
"ffhq","Cleaned_FFHQ_Dataset_50/train/4/54695.png","54695.png","4","Happiness"
"ffhq","Cleaned_FFHQ_Dataset_50/train/5/41661.png","41661.png","5","Neutral"
"ffhq","Cleaned_FFHQ_Dataset_50/train/4/22309.png","22309.png","4","Happiness"
"ffhq","Cleaned_FFHQ_Dataset_50/train/5/35454.png","35454.png","5","Neutral"
"ffhq","Cleaned_FFHQ_Dataset_50/train/5/64051.png","64051.png","5","Neutral"
"ffhq","Cleaned_FFHQ_Dataset_50/train/4/67041.png","67041.png","4","Happiness"
"ffhq","Cleaned_FFHQ_Dataset_50/train/4/37663.png","37663.png","4","Happiness"
"ffhq","Cleaned_FFHQ_Dataset_50/train/4/09866.png","09866.png","4","Happiness"
"ffhq","Cleaned_FFHQ_Dataset_50/train/4/35652.png","35652.png","4","Happiness"
"ffhq","Cleaned_FFHQ_Dataset_50/train/5/35543.png","35543.png","5","Neutral"
"ffhq","Cleaned_FFHQ_Dataset_50/train/5/51960.png","51960.png","5","Neutral"
"ffhq","Cleaned_FFHQ_Dataset_50/train/5/30904.png","30904.png","5","Neutral"
"ffhq","Cleaned_FFHQ_Dataset_50/train/4/09974.png","09974.png","4","Happiness"
"ffhq","Cleaned_FFHQ_Dataset_50/train/5/21394.png","21394.png","5","Neutral"
"ffhq","Cleaned_FFHQ_Dataset_50/train/5/56416.png","56416.png","5","Neutral"
"ffhq","Cleaned_FFHQ_Dataset_50/train/4/24263.png","24263.png","4","Happiness"
"ffhq","Cleaned_FFHQ_Dataset_50/train/4/06446.png","06446.png","4","Happiness"
"ffhq","Cleaned_FFHQ_Dataset_50/train/5/16777.png","16777.png","5","Neutral"
"ffhq","Cleaned_FFHQ_Dataset_50/train/4/57838.png","57838.png","4","Happiness"
"ffhq","Cleaned_FFHQ_Dataset_50/train/4/08986.png","08986.png","4","Happiness"
"ffhq","Cleaned_FFHQ_Dataset_50/train/4/56591.png","56591.png","4","Happiness"
"ffhq","Cleaned_FFHQ_Dataset_50/train/5/27911.png","27911.png","5","Neutral"
"ffhq","Cleaned_FFHQ_Dataset_50/train/5/67774.png","67774.png","5","Neutral"
"ffhq","Cleaned_FFHQ_Dataset_50/train/4/58315.png","58315.png","4","Happiness"
"ffhq","Cleaned_FFHQ_Dataset_50/train/5/36010.png","36010.png","5","Neutral"
"ffhq","Cleaned_FFHQ_Dataset_50/train/4/33827.png","33827.png","4","Happiness"
"ffhq","Cleaned_FFHQ_Dataset_50/train/5/21220.png","21220.png","5","Neutral"
"ffhq","Cleaned_FFHQ_Dataset_50/train/5/37617.png","37617.png","5","Neutral"
"ffhq","Cleaned_FFHQ_Dataset_50/train/4/55055.png","55055.png","4","Happiness"
"ffhq","Cleaned_FFHQ_Dataset_50/train/5/36414.png","36414.png","5","Neutral"
"ffhq","Cleaned_FFHQ_Dataset_50/train/5/21632.png","21632.png","5","Neutral"
"ffhq","Cleaned_FFHQ_Dataset_50/train/4/20027.png","20027.png","4","Happiness"
"ffhq","Cleaned_FFHQ_Dataset_50/train/4/03649.png","03649.png","4","Happiness"
"ffhq","Cleaned_FFHQ_Dataset_50/train/5/39294.png","39294.png","5","Neutral"
"ffhq","Cleaned_FFHQ_Dataset_50/train/4/65809.png","65809.png","4","Happiness"
"ffhq","Cleaned_FFHQ_Dataset_50/train/4/18393.png","18393.png","4","Happiness"
"ffhq","Cleaned_FFHQ_Dataset_50/train/4/18586.png","18586.png","4","Happiness"
"ffhq","Cleaned_FFHQ_Dataset_50/train/5/19800.png","19800.png","5","Neutral"
"ffhq","Cleaned_FFHQ_Dataset_50/train/4/32504.png","32504.png","4","Happiness"
"ffhq","Cleaned_FFHQ_Dataset_50/train/4/22076.png","22076.png","4","Happiness"
"ffhq","Cleaned_FFHQ_Dataset_50/train/4/13965.png","13965.png","4","Happiness"
"ffhq","Cleaned_FFHQ_Dataset_50/train/4/18765.png","18765.png","4","Happiness"
"ffhq","Cleaned_FFHQ_Dataset_50/train/4/19637.png","19637.png","4","Happiness"
"ffhq","Cleaned_FFHQ_Dataset_50/train/6/54045.png","54045.png","6","Sadness"
"ffhq","Cleaned_FFHQ_Dataset_50/train/5/55762.png","55762.png","5","Neutral"
"ffhq","Cleaned_FFHQ_Dataset_50/train/4/08495.png","08495.png","4","Happiness"
"ffhq","Cleaned_FFHQ_Dataset_50/train/5/60473.png","60473.png","5","Neutral"
"ffhq","Cleaned_FFHQ_Dataset_50/train/5/57399.png","57399.png","5","Neutral"
"ffhq","Cleaned_FFHQ_Dataset_50/train/4/47615.png","47615.png","4","Happiness"
"ffhq","Cleaned_FFHQ_Dataset_50/train/4/43484.png","43484.png","4","Happiness"
"ffhq","Cleaned_FFHQ_Dataset_50/train/5/22280.png","22280.png","5","Neutral"
"ffhq","Cleaned_FFHQ_Dataset_50/train/5/61380.png","61380.png","5","Neutral"
"ffhq","Cleaned_FFHQ_Dataset_50/train/5/10092.png","10092.png","5","Neutral"
"ffhq","Cleaned_FFHQ_Dataset_50/train/0/33874.png","33874.png","0","Anger"
"ffhq","Cleaned_FFHQ_Dataset_50/train/4/61938.png","61938.png","4","Happiness"
"ffhq","Cleaned_FFHQ_Dataset_50/train/6/59051.png","59051.png","6","Sadness"
"ffhq","Cleaned_FFHQ_Dataset_50/train/5/69613.png","69613.png","5","Neutral"
"ffhq","Cleaned_FFHQ_Dataset_50/train/4/29215.png","29215.png","4","Happiness"
"ffhq","Cleaned_FFHQ_Dataset_50/train/4/48798.png","48798.png","4","Happiness"
"ffhq","Cleaned_FFHQ_Dataset_50/train/4/02881.png","02881.png","4","Happiness"
"ffhq","Cleaned_FFHQ_Dataset_50/train/4/01873.png","01873.png","4","Happiness"
"ffhq","Cleaned_FFHQ_Dataset_50/train/5/21324.png","21324.png","5","Neutral"
"ffhq","Cleaned_FFHQ_Dataset_50/train/5/37382.png","37382.png","5","Neutral"
"ffhq","Cleaned_FFHQ_Dataset_50/train/4/42921.png","42921.png","4","Happiness"
"ffhq","Cleaned_FFHQ_Dataset_50/train/4/39123.png","39123.png","4","Happiness"
"ffhq","Cleaned_FFHQ_Dataset_50/train/5/63719.png","63719.png","5","Neutral"
"ffhq","Cleaned_FFHQ_Dataset_50/train/5/18035.png","18035.png","5","Neutral"
"ffhq","Cleaned_FFHQ_Dataset_50/train/4/20923.png","20923.png","4","Happiness"
"ffhq","Cleaned_FFHQ_Dataset_50/train/5/30140.png","30140.png","5","Neutral"
"ffhq","Cleaned_FFHQ_Dataset_50/train/5/37199.png","37199.png","5","Neutral"
"ffhq","Cleaned_FFHQ_Dataset_50/train/4/62986.png","62986.png","4","Happiness"
"ffhq","Cleaned_FFHQ_Dataset_50/train/5/35819.png","35819.png","5","Neutral"
"ffhq","Cleaned_FFHQ_Dataset_50/train/5/63593.png","63593.png","5","Neutral"
"ffhq","Cleaned_FFHQ_Dataset_50/train/5/44513.png","44513.png","5","Neutral"
"ffhq","Cleaned_FFHQ_Dataset_50/train/5/14137.png","14137.png","5","Neutral"
"ffhq","Cleaned_FFHQ_Dataset_50/train/4/43608.png","43608.png","4","Happiness"
"ffhq","Cleaned_FFHQ_Dataset_50/train/5/31201.png","31201.png","5","Neutral"
"ffhq","Cleaned_FFHQ_Dataset_50/train/5/14646.png","14646.png","5","Neutral"
"ffhq","Cleaned_FFHQ_Dataset_50/train/5/30037.png","30037.png","5","Neutral"
"ffhq","Cleaned_FFHQ_Dataset_50/train/5/10860.png","10860.png","5","Neutral"
"ffhq","Cleaned_FFHQ_Dataset_50/train/5/29209.png","29209.png","5","Neutral"
"ffhq","Cleaned_FFHQ_Dataset_50/train/4/12009.png","12009.png","4","Happiness"
"ffhq","Cleaned_FFHQ_Dataset_50/train/5/52578.png","52578.png","5","Neutral"
"ffhq","Cleaned_FFHQ_Dataset_50/train/5/20158.png","20158.png","5","Neutral"
"ffhq","Cleaned_FFHQ_Dataset_50/train/4/40801.png","40801.png","4","Happiness"
"ffhq","Cleaned_FFHQ_Dataset_50/train/4/41814.png","41814.png","4","Happiness"
"ffhq","Cleaned_FFHQ_Dataset_50/train/5/26483.png","26483.png","5","Neutral"
"ffhq","Cleaned_FFHQ_Dataset_50/train/5/21557.png","21557.png","5","Neutral"
"ffhq","Cleaned_FFHQ_Dataset_50/train/5/04692.png","04692.png","5","Neutral"
"ffhq","Cleaned_FFHQ_Dataset_50/train/5/48373.png","48373.png","5","Neutral"
"ffhq","Cleaned_FFHQ_Dataset_50/train/5/30382.png","30382.png","5","Neutral"
"ffhq","Cleaned_FFHQ_Dataset_50/train/5/50270.png","50270.png","5","Neutral"
"ffhq","Cleaned_FFHQ_Dataset_50/train/5/12566.png","12566.png","5","Neutral"
"ffhq","Cleaned_FFHQ_Dataset_50/train/4/45215.png","45215.png","4","Happiness"
"ffhq","Cleaned_FFHQ_Dataset_50/train/4/67371.png","67371.png","4","Happiness"
"ffhq","Cleaned_FFHQ_Dataset_50/train/5/57959.png","57959.png","5","Neutral"
"ffhq","Cleaned_FFHQ_Dataset_50/train/4/38335.png","38335.png","4","Happiness"
"ffhq","Cleaned_FFHQ_Dataset_50/train/5/36709.png","36709.png","5","Neutral"
"ffhq","Cleaned_FFHQ_Dataset_50/train/4/42087.png","42087.png","4","Happiness"
"ffhq","Cleaned_FFHQ_Dataset_50/train/4/61021.png","61021.png","4","Happiness"
"ffhq","Cleaned_FFHQ_Dataset_50/train/5/59097.png","59097.png","5","Neutral"
"ffhq","Cleaned_FFHQ_Dataset_50/train/4/37889.png","37889.png","4","Happiness"
"ffhq","Cleaned_FFHQ_Dataset_50/train/4/59936.png","59936.png","4","Happiness"
"ffhq","Cleaned_FFHQ_Dataset_50/train/4/39811.png","39811.png","4","Happiness"
"ffhq","Cleaned_FFHQ_Dataset_50/train/4/14999.png","14999.png","4","Happiness"
"ffhq","Cleaned_FFHQ_Dataset_50/train/4/25951.png","25951.png","4","Happiness"
"ffhq","Cleaned_FFHQ_Dataset_50/train/4/01316.png","01316.png","4","Happiness"
"ffhq","Cleaned_FFHQ_Dataset_50/train/4/12059.png","12059.png","4","Happiness"
"ffhq","Cleaned_FFHQ_Dataset_50/train/4/52169.png","52169.png","4","Happiness"
"ffhq","Cleaned_FFHQ_Dataset_50/train/4/31129.png","31129.png","4","Happiness"
"ffhq","Cleaned_FFHQ_Dataset_50/train/5/05840.png","05840.png","5","Neutral"
"ffhq","Cleaned_FFHQ_Dataset_50/train/5/06297.png","06297.png","5","Neutral"
"ffhq","Cleaned_FFHQ_Dataset_50/train/5/56192.png","56192.png","5","Neutral"
"ffhq","Cleaned_FFHQ_Dataset_50/train/5/10148.png","10148.png","5","Neutral"
"ffhq","Cleaned_FFHQ_Dataset_50/train/4/56135.png","56135.png","4","Happiness"
"ffhq","Cleaned_FFHQ_Dataset_50/train/5/03055.png","03055.png","5","Neutral"
"ffhq","Cleaned_FFHQ_Dataset_50/train/4/13722.png","13722.png","4","Happiness"
"ffhq","Cleaned_FFHQ_Dataset_50/train/4/34465.png","34465.png","4","Happiness"
"ffhq","Cleaned_FFHQ_Dataset_50/train/5/43732.png","43732.png","5","Neutral"
"ffhq","Cleaned_FFHQ_Dataset_50/train/5/38470.png","38470.png","5","Neutral"
"ffhq","Cleaned_FFHQ_Dataset_50/train/5/51722.png","51722.png","5","Neutral"
"ffhq","Cleaned_FFHQ_Dataset_50/train/4/56392.png","56392.png","4","Happiness"
"ffhq","Cleaned_FFHQ_Dataset_50/train/5/46743.png","46743.png","5","Neutral"
"ffhq","Cleaned_FFHQ_Dataset_50/train/5/01216.png","01216.png","5","Neutral"
"ffhq","Cleaned_FFHQ_Dataset_50/train/4/65252.png","65252.png","4","Happiness"
"ffhq","Cleaned_FFHQ_Dataset_50/train/4/51545.png","51545.png","4","Happiness"
"ffhq","Cleaned_FFHQ_Dataset_50/train/5/26983.png","26983.png","5","Neutral"
"ffhq","Cleaned_FFHQ_Dataset_50/train/5/12091.png","12091.png","5","Neutral"
"ffhq","Cleaned_FFHQ_Dataset_50/train/5/35162.png","35162.png","5","Neutral"
"ffhq","Cleaned_FFHQ_Dataset_50/train/4/33628.png","33628.png","4","Happiness"
"ffhq","Cleaned_FFHQ_Dataset_50/train/4/34813.png","34813.png","4","Happiness"
"ffhq","Cleaned_FFHQ_Dataset_50/train/4/50397.png","50397.png","4","Happiness"
"ffhq","Cleaned_FFHQ_Dataset_50/train/4/07309.png","07309.png","4","Happiness"
"ffhq","Cleaned_FFHQ_Dataset_50/train/4/07631.png","07631.png","4","Happiness"
"ffhq","Cleaned_FFHQ_Dataset_50/train/4/26637.png","26637.png","4","Happiness"
"ffhq","Cleaned_FFHQ_Dataset_50/train/5/55271.png","55271.png","5","Neutral"
"ffhq","Cleaned_FFHQ_Dataset_50/train/4/30309.png","30309.png","4","Happiness"
"ffhq","Cleaned_FFHQ_Dataset_50/train/5/20311.png","20311.png","5","Neutral"
"ffhq","Cleaned_FFHQ_Dataset_50/train/5/01354.png","01354.png","5","Neutral"
"ffhq","Cleaned_FFHQ_Dataset_50/train/4/23476.png","23476.png","4","Happiness"
"ffhq","Cleaned_FFHQ_Dataset_50/train/5/37238.png","37238.png","5","Neutral"
"ffhq","Cleaned_FFHQ_Dataset_50/train/5/31371.png","31371.png","5","Neutral"
"ffhq","Cleaned_FFHQ_Dataset_50/train/5/68281.png","68281.png","5","Neutral"
"ffhq","Cleaned_FFHQ_Dataset_50/train/4/25149.png","25149.png","4","Happiness"
"ffhq","Cleaned_FFHQ_Dataset_50/train/5/19720.png","19720.png","5","Neutral"
"ffhq","Cleaned_FFHQ_Dataset_50/train/5/68429.png","68429.png","5","Neutral"
"ffhq","Cleaned_FFHQ_Dataset_50/train/4/45836.png","45836.png","4","Happiness"
"ffhq","Cleaned_FFHQ_Dataset_50/train/4/42586.png","42586.png","4","Happiness"
"ffhq","Cleaned_FFHQ_Dataset_50/train/4/66196.png","66196.png","4","Happiness"
"ffhq","Cleaned_FFHQ_Dataset_50/train/5/20495.png","20495.png","5","Neutral"
"ffhq","Cleaned_FFHQ_Dataset_50/train/5/14445.png","14445.png","5","Neutral"
"ffhq","Cleaned_FFHQ_Dataset_50/train/4/58367.png","58367.png","4","Happiness"
"ffhq","Cleaned_FFHQ_Dataset_50/train/4/38347.png","38347.png","4","Happiness"
"ffhq","Cleaned_FFHQ_Dataset_50/train/5/26921.png","26921.png","5","Neutral"
"ffhq","Cleaned_FFHQ_Dataset_50/train/4/53639.png","53639.png","4","Happiness"
"ffhq","Cleaned_FFHQ_Dataset_50/train/4/34517.png","34517.png","4","Happiness"
"ffhq","Cleaned_FFHQ_Dataset_50/train/4/49754.png","49754.png","4","Happiness"
"ffhq","Cleaned_FFHQ_Dataset_50/train/5/30805.png","30805.png","5","Neutral"
"ffhq","Cleaned_FFHQ_Dataset_50/train/4/31281.png","31281.png","4","Happiness"
"ffhq","Cleaned_FFHQ_Dataset_50/train/4/04816.png","04816.png","4","Happiness"
"ffhq","Cleaned_FFHQ_Dataset_50/train/5/07514.png","07514.png","5","Neutral"
"ffhq","Cleaned_FFHQ_Dataset_50/train/5/44817.png","44817.png","5","Neutral"
"ffhq","Cleaned_FFHQ_Dataset_50/train/5/11709.png","11709.png","5","Neutral"
"ffhq","Cleaned_FFHQ_Dataset_50/train/5/07929.png","07929.png","5","Neutral"
"ffhq","Cleaned_FFHQ_Dataset_50/train/4/64690.png","64690.png","4","Happiness"
"ffhq","Cleaned_FFHQ_Dataset_50/train/5/23676.png","23676.png","5","Neutral"
"ffhq","Cleaned_FFHQ_Dataset_50/train/4/18661.png","18661.png","4","Happiness"
"ffhq","Cleaned_FFHQ_Dataset_50/train/5/68812.png","68812.png","5","Neutral"
"ffhq","Cleaned_FFHQ_Dataset_50/train/5/10079.png","10079.png","5","Neutral"
"ffhq","Cleaned_FFHQ_Dataset_50/train/5/36711.png","36711.png","5","Neutral"
"ffhq","Cleaned_FFHQ_Dataset_50/train/5/52066.png","52066.png","5","Neutral"
"ffhq","Cleaned_FFHQ_Dataset_50/train/4/28397.png","28397.png","4","Happiness"
"ffhq","Cleaned_FFHQ_Dataset_50/train/4/05582.png","05582.png","4","Happiness"
"ffhq","Cleaned_FFHQ_Dataset_50/train/4/17816.png","17816.png","4","Happiness"
"ffhq","Cleaned_FFHQ_Dataset_50/train/5/34339.png","34339.png","5","Neutral"
"ffhq","Cleaned_FFHQ_Dataset_50/train/4/00435.png","00435.png","4","Happiness"
"ffhq","Cleaned_FFHQ_Dataset_50/train/5/53057.png","53057.png","5","Neutral"
"ffhq","Cleaned_FFHQ_Dataset_50/train/5/15479.png","15479.png","5","Neutral"
"ffhq","Cleaned_FFHQ_Dataset_50/train/4/00079.png","00079.png","4","Happiness"
"ffhq","Cleaned_FFHQ_Dataset_50/train/5/19610.png","19610.png","5","Neutral"
"ffhq","Cleaned_FFHQ_Dataset_50/train/4/25782.png","25782.png","4","Happiness"
"ffhq","Cleaned_FFHQ_Dataset_50/train/5/03365.png","03365.png","5","Neutral"
"ffhq","Cleaned_FFHQ_Dataset_50/train/5/47756.png","47756.png","5","Neutral"
"ffhq","Cleaned_FFHQ_Dataset_50/train/0/31252.png","31252.png","0","Anger"
"ffhq","Cleaned_FFHQ_Dataset_50/train/4/56118.png","56118.png","4","Happiness"
"ffhq","Cleaned_FFHQ_Dataset_50/train/5/12734.png","12734.png","5","Neutral"
"ffhq","Cleaned_FFHQ_Dataset_50/train/5/10619.png","10619.png","5","Neutral"
"ffhq","Cleaned_FFHQ_Dataset_50/train/4/23556.png","23556.png","4","Happiness"
"ffhq","Cleaned_FFHQ_Dataset_50/train/4/11840.png","11840.png","4","Happiness"
"ffhq","Cleaned_FFHQ_Dataset_50/train/4/11132.png","11132.png","4","Happiness"
"ffhq","Cleaned_FFHQ_Dataset_50/train/4/27177.png","27177.png","4","Happiness"
"ffhq","Cleaned_FFHQ_Dataset_50/train/5/23477.png","23477.png","5","Neutral"
"ffhq","Cleaned_FFHQ_Dataset_50/train/5/07349.png","07349.png","5","Neutral"
"ffhq","Cleaned_FFHQ_Dataset_50/train/4/36942.png","36942.png","4","Happiness"
"ffhq","Cleaned_FFHQ_Dataset_50/train/4/48239.png","48239.png","4","Happiness"
"ffhq","Cleaned_FFHQ_Dataset_50/train/4/51204.png","51204.png","4","Happiness"
"ffhq","Cleaned_FFHQ_Dataset_50/train/5/45598.png","45598.png","5","Neutral"
"ffhq","Cleaned_FFHQ_Dataset_50/train/4/52238.png","52238.png","4","Happiness"
"ffhq","Cleaned_FFHQ_Dataset_50/train/5/45846.png","45846.png","5","Neutral"
"ffhq","Cleaned_FFHQ_Dataset_50/train/4/36155.png","36155.png","4","Happiness"
"ffhq","Cleaned_FFHQ_Dataset_50/train/4/15506.png","15506.png","4","Happiness"
"ffhq","Cleaned_FFHQ_Dataset_50/train/4/33271.png","33271.png","4","Happiness"
"ffhq","Cleaned_FFHQ_Dataset_50/train/5/37048.png","37048.png","5","Neutral"
"ffhq","Cleaned_FFHQ_Dataset_50/train/4/69850.png","69850.png","4","Happiness"
"ffhq","Cleaned_FFHQ_Dataset_50/train/5/62518.png","62518.png","5","Neutral"
"ffhq","Cleaned_FFHQ_Dataset_50/train/5/06152.png","06152.png","5","Neutral"
"ffhq","Cleaned_FFHQ_Dataset_50/train/5/21595.png","21595.png","5","Neutral"
"ffhq","Cleaned_FFHQ_Dataset_50/train/4/18783.png","18783.png","4","Happiness"
"ffhq","Cleaned_FFHQ_Dataset_50/train/4/16102.png","16102.png","4","Happiness"
"ffhq","Cleaned_FFHQ_Dataset_50/train/4/04748.png","04748.png","4","Happiness"
"ffhq","Cleaned_FFHQ_Dataset_50/train/5/10096.png","10096.png","5","Neutral"
"ffhq","Cleaned_FFHQ_Dataset_50/train/5/01650.png","01650.png","5","Neutral"
"ffhq","Cleaned_FFHQ_Dataset_50/train/4/60336.png","60336.png","4","Happiness"
"ffhq","Cleaned_FFHQ_Dataset_50/train/4/55436.png","55436.png","4","Happiness"
"ffhq","Cleaned_FFHQ_Dataset_50/train/4/40954.png","40954.png","4","Happiness"
"ffhq","Cleaned_FFHQ_Dataset_50/train/5/31098.png","31098.png","5","Neutral"
"ffhq","Cleaned_FFHQ_Dataset_50/train/4/24916.png","24916.png","4","Happiness"
"ffhq","Cleaned_FFHQ_Dataset_50/train/4/04835.png","04835.png","4","Happiness"
"ffhq","Cleaned_FFHQ_Dataset_50/train/4/64873.png","64873.png","4","Happiness"
"ffhq","Cleaned_FFHQ_Dataset_50/train/5/15351.png","15351.png","5","Neutral"
"ffhq","Cleaned_FFHQ_Dataset_50/train/4/52408.png","52408.png","4","Happiness"
"ffhq","Cleaned_FFHQ_Dataset_50/train/4/38407.png","38407.png","4","Happiness"
"ffhq","Cleaned_FFHQ_Dataset_50/train/4/52566.png","52566.png","4","Happiness"
"ffhq","Cleaned_FFHQ_Dataset_50/train/4/22661.png","22661.png","4","Happiness"
"ffhq","Cleaned_FFHQ_Dataset_50/train/4/57641.png","57641.png","4","Happiness"
"ffhq","Cleaned_FFHQ_Dataset_50/train/4/25283.png","25283.png","4","Happiness"
"ffhq","Cleaned_FFHQ_Dataset_50/train/5/18004.png","18004.png","5","Neutral"
"ffhq","Cleaned_FFHQ_Dataset_50/train/5/00142.png","00142.png","5","Neutral"
"ffhq","Cleaned_FFHQ_Dataset_50/train/5/55393.png","55393.png","5","Neutral"
"ffhq","Cleaned_FFHQ_Dataset_50/train/4/18523.png","18523.png","4","Happiness"
"ffhq","Cleaned_FFHQ_Dataset_50/train/5/33629.png","33629.png","5","Neutral"
"ffhq","Cleaned_FFHQ_Dataset_50/train/4/18209.png","18209.png","4","Happiness"
"ffhq","Cleaned_FFHQ_Dataset_50/train/5/20814.png","20814.png","5","Neutral"
"ffhq","Cleaned_FFHQ_Dataset_50/train/5/64296.png","64296.png","5","Neutral"
"ffhq","Cleaned_FFHQ_Dataset_50/train/4/10566.png","10566.png","4","Happiness"
"ffhq","Cleaned_FFHQ_Dataset_50/train/5/24961.png","24961.png","5","Neutral"
"ffhq","Cleaned_FFHQ_Dataset_50/train/4/61001.png","61001.png","4","Happiness"
"ffhq","Cleaned_FFHQ_Dataset_50/train/5/23331.png","23331.png","5","Neutral"
"ffhq","Cleaned_FFHQ_Dataset_50/train/5/14345.png","14345.png","5","Neutral"
"ffhq","Cleaned_FFHQ_Dataset_50/train/5/29103.png","29103.png","5","Neutral"
"ffhq","Cleaned_FFHQ_Dataset_50/train/5/13184.png","13184.png","5","Neutral"
"ffhq","Cleaned_FFHQ_Dataset_50/train/4/39222.png","39222.png","4","Happiness"
"ffhq","Cleaned_FFHQ_Dataset_50/train/4/25990.png","25990.png","4","Happiness"
"ffhq","Cleaned_FFHQ_Dataset_50/train/5/40759.png","40759.png","5","Neutral"
"ffhq","Cleaned_FFHQ_Dataset_50/train/4/00741.png","00741.png","4","Happiness"
"ffhq","Cleaned_FFHQ_Dataset_50/train/4/65530.png","65530.png","4","Happiness"
"ffhq","Cleaned_FFHQ_Dataset_50/train/4/29102.png","29102.png","4","Happiness"
"ffhq","Cleaned_FFHQ_Dataset_50/train/4/37963.png","37963.png","4","Happiness"
"ffhq","Cleaned_FFHQ_Dataset_50/train/4/07496.png","07496.png","4","Happiness"
"ffhq","Cleaned_FFHQ_Dataset_50/train/4/12493.png","12493.png","4","Happiness"
"ffhq","Cleaned_FFHQ_Dataset_50/train/4/42089.png","42089.png","4","Happiness"
"ffhq","Cleaned_FFHQ_Dataset_50/train/5/61500.png","61500.png","5","Neutral"
"ffhq","Cleaned_FFHQ_Dataset_50/train/4/53260.png","53260.png","4","Happiness"
"ffhq","Cleaned_FFHQ_Dataset_50/train/4/08806.png","08806.png","4","Happiness"
"ffhq","Cleaned_FFHQ_Dataset_50/train/4/01571.png","01571.png","4","Happiness"
"ffhq","Cleaned_FFHQ_Dataset_50/train/5/11563.png","11563.png","5","Neutral"
"ffhq","Cleaned_FFHQ_Dataset_50/train/5/51859.png","51859.png","5","Neutral"
"ffhq","Cleaned_FFHQ_Dataset_50/train/4/04225.png","04225.png","4","Happiness"
"ffhq","Cleaned_FFHQ_Dataset_50/train/5/06320.png","06320.png","5","Neutral"
"ffhq","Cleaned_FFHQ_Dataset_50/train/4/27725.png","27725.png","4","Happiness"
"ffhq","Cleaned_FFHQ_Dataset_50/train/4/08471.png","08471.png","4","Happiness"
"ffhq","Cleaned_FFHQ_Dataset_50/train/4/52298.png","52298.png","4","Happiness"
"ffhq","Cleaned_FFHQ_Dataset_50/train/5/66935.png","66935.png","5","Neutral"
"ffhq","Cleaned_FFHQ_Dataset_50/train/4/08068.png","08068.png","4","Happiness"
"ffhq","Cleaned_FFHQ_Dataset_50/train/4/36434.png","36434.png","4","Happiness"
"ffhq","Cleaned_FFHQ_Dataset_50/train/5/46320.png","46320.png","5","Neutral"
"ffhq","Cleaned_FFHQ_Dataset_50/train/4/38273.png","38273.png","4","Happiness"
"ffhq","Cleaned_FFHQ_Dataset_50/train/5/25262.png","25262.png","5","Neutral"
"ffhq","Cleaned_FFHQ_Dataset_50/train/5/07623.png","07623.png","5","Neutral"
"ffhq","Cleaned_FFHQ_Dataset_50/train/5/04163.png","04163.png","5","Neutral"
"ffhq","Cleaned_FFHQ_Dataset_50/train/4/65537.png","65537.png","4","Happiness"
"ffhq","Cleaned_FFHQ_Dataset_50/train/4/21138.png","21138.png","4","Happiness"
"ffhq","Cleaned_FFHQ_Dataset_50/train/4/12930.png","12930.png","4","Happiness"
"ffhq","Cleaned_FFHQ_Dataset_50/train/4/26785.png","26785.png","4","Happiness"
"ffhq","Cleaned_FFHQ_Dataset_50/train/4/66273.png","66273.png","4","Happiness"
"ffhq","Cleaned_FFHQ_Dataset_50/train/5/45628.png","45628.png","5","Neutral"
"ffhq","Cleaned_FFHQ_Dataset_50/train/4/52361.png","52361.png","4","Happiness"
"ffhq","Cleaned_FFHQ_Dataset_50/train/5/00232.png","00232.png","5","Neutral"
"ffhq","Cleaned_FFHQ_Dataset_50/train/5/34659.png","34659.png","5","Neutral"
"ffhq","Cleaned_FFHQ_Dataset_50/train/4/40580.png","40580.png","4","Happiness"
"ffhq","Cleaned_FFHQ_Dataset_50/train/4/31969.png","31969.png","4","Happiness"
"ffhq","Cleaned_FFHQ_Dataset_50/train/4/08379.png","08379.png","4","Happiness"
"ffhq","Cleaned_FFHQ_Dataset_50/train/4/31664.png","31664.png","4","Happiness"
"ffhq","Cleaned_FFHQ_Dataset_50/train/4/68431.png","68431.png","4","Happiness"
"ffhq","Cleaned_FFHQ_Dataset_50/train/4/03861.png","03861.png","4","Happiness"
"ffhq","Cleaned_FFHQ_Dataset_50/train/4/54762.png","54762.png","4","Happiness"
"ffhq","Cleaned_FFHQ_Dataset_50/train/5/39848.png","39848.png","5","Neutral"
"ffhq","Cleaned_FFHQ_Dataset_50/train/5/17562.png","17562.png","5","Neutral"
"ffhq","Cleaned_FFHQ_Dataset_50/train/7/38665.png","38665.png","7","Surprise"
"ffhq","Cleaned_FFHQ_Dataset_50/train/4/29932.png","29932.png","4","Happiness"
"ffhq","Cleaned_FFHQ_Dataset_50/train/4/40839.png","40839.png","4","Happiness"
"ffhq","Cleaned_FFHQ_Dataset_50/train/5/41143.png","41143.png","5","Neutral"
"ffhq","Cleaned_FFHQ_Dataset_50/train/4/01335.png","01335.png","4","Happiness"
"ffhq","Cleaned_FFHQ_Dataset_50/train/4/02650.png","02650.png","4","Happiness"
"ffhq","Cleaned_FFHQ_Dataset_50/train/4/00359.png","00359.png","4","Happiness"
"ffhq","Cleaned_FFHQ_Dataset_50/train/4/21612.png","21612.png","4","Happiness"
"ffhq","Cleaned_FFHQ_Dataset_50/train/4/06070.png","06070.png","4","Happiness"
"ffhq","Cleaned_FFHQ_Dataset_50/train/4/22043.png","22043.png","4","Happiness"
"ffhq","Cleaned_FFHQ_Dataset_50/train/4/17311.png","17311.png","4","Happiness"
"ffhq","Cleaned_FFHQ_Dataset_50/train/5/49988.png","49988.png","5","Neutral"
"ffhq","Cleaned_FFHQ_Dataset_50/train/5/11525.png","11525.png","5","Neutral"
"ffhq","Cleaned_FFHQ_Dataset_50/train/4/50220.png","50220.png","4","Happiness"
"ffhq","Cleaned_FFHQ_Dataset_50/train/5/46923.png","46923.png","5","Neutral"
"ffhq","Cleaned_FFHQ_Dataset_50/train/5/10205.png","10205.png","5","Neutral"
"ffhq","Cleaned_FFHQ_Dataset_50/train/4/60404.png","60404.png","4","Happiness"
"ffhq","Cleaned_FFHQ_Dataset_50/train/5/69578.png","69578.png","5","Neutral"
"ffhq","Cleaned_FFHQ_Dataset_50/train/5/35008.png","35008.png","5","Neutral"
"ffhq","Cleaned_FFHQ_Dataset_50/train/4/05818.png","05818.png","4","Happiness"
"ffhq","Cleaned_FFHQ_Dataset_50/train/5/49742.png","49742.png","5","Neutral"
"ffhq","Cleaned_FFHQ_Dataset_50/train/4/43674.png","43674.png","4","Happiness"
"ffhq","Cleaned_FFHQ_Dataset_50/train/4/67063.png","67063.png","4","Happiness"
"ffhq","Cleaned_FFHQ_Dataset_50/train/5/60912.png","60912.png","5","Neutral"
"ffhq","Cleaned_FFHQ_Dataset_50/train/5/54483.png","54483.png","5","Neutral"
"ffhq","Cleaned_FFHQ_Dataset_50/train/5/07001.png","07001.png","5","Neutral"
"ffhq","Cleaned_FFHQ_Dataset_50/train/4/53573.png","53573.png","4","Happiness"
"ffhq","Cleaned_FFHQ_Dataset_50/train/4/59229.png","59229.png","4","Happiness"
"ffhq","Cleaned_FFHQ_Dataset_50/train/5/06362.png","06362.png","5","Neutral"
"ffhq","Cleaned_FFHQ_Dataset_50/train/5/26781.png","26781.png","5","Neutral"
"ffhq","Cleaned_FFHQ_Dataset_50/train/4/28232.png","28232.png","4","Happiness"
"ffhq","Cleaned_FFHQ_Dataset_50/train/4/66402.png","66402.png","4","Happiness"
"ffhq","Cleaned_FFHQ_Dataset_50/train/5/63415.png","63415.png","5","Neutral"
"ffhq","Cleaned_FFHQ_Dataset_50/train/5/57958.png","57958.png","5","Neutral"
"ffhq","Cleaned_FFHQ_Dataset_50/train/5/25255.png","25255.png","5","Neutral"
"ffhq","Cleaned_FFHQ_Dataset_50/train/4/56846.png","56846.png","4","Happiness"
"ffhq","Cleaned_FFHQ_Dataset_50/train/4/01400.png","01400.png","4","Happiness"
"ffhq","Cleaned_FFHQ_Dataset_50/train/4/10392.png","10392.png","4","Happiness"
"ffhq","Cleaned_FFHQ_Dataset_50/train/4/24208.png","24208.png","4","Happiness"
"ffhq","Cleaned_FFHQ_Dataset_50/train/7/55330.png","55330.png","7","Surprise"
"ffhq","Cleaned_FFHQ_Dataset_50/train/4/63763.png","63763.png","4","Happiness"
"ffhq","Cleaned_FFHQ_Dataset_50/train/5/13354.png","13354.png","5","Neutral"
"ffhq","Cleaned_FFHQ_Dataset_50/train/5/48497.png","48497.png","5","Neutral"
"ffhq","Cleaned_FFHQ_Dataset_50/train/4/50587.png","50587.png","4","Happiness"
"ffhq","Cleaned_FFHQ_Dataset_50/train/4/37308.png","37308.png","4","Happiness"
"ffhq","Cleaned_FFHQ_Dataset_50/train/4/40352.png","40352.png","4","Happiness"
"ffhq","Cleaned_FFHQ_Dataset_50/train/5/06961.png","06961.png","5","Neutral"
"ffhq","Cleaned_FFHQ_Dataset_50/train/5/64498.png","64498.png","5","Neutral"
"ffhq","Cleaned_FFHQ_Dataset_50/train/4/15542.png","15542.png","4","Happiness"
"ffhq","Cleaned_FFHQ_Dataset_50/train/5/39712.png","39712.png","5","Neutral"
"ffhq","Cleaned_FFHQ_Dataset_50/train/4/11910.png","11910.png","4","Happiness"
"ffhq","Cleaned_FFHQ_Dataset_50/train/5/36937.png","36937.png","5","Neutral"
"ffhq","Cleaned_FFHQ_Dataset_50/train/4/21216.png","21216.png","4","Happiness"
"ffhq","Cleaned_FFHQ_Dataset_50/train/5/05135.png","05135.png","5","Neutral"
"ffhq","Cleaned_FFHQ_Dataset_50/train/5/52250.png","52250.png","5","Neutral"
"ffhq","Cleaned_FFHQ_Dataset_50/train/4/61087.png","61087.png","4","Happiness"
"ffhq","Cleaned_FFHQ_Dataset_50/train/4/07560.png","07560.png","4","Happiness"
"ffhq","Cleaned_FFHQ_Dataset_50/train/4/51038.png","51038.png","4","Happiness"
"ffhq","Cleaned_FFHQ_Dataset_50/train/4/47693.png","47693.png","4","Happiness"
"ffhq","Cleaned_FFHQ_Dataset_50/train/4/61953.png","61953.png","4","Happiness"
"ffhq","Cleaned_FFHQ_Dataset_50/train/4/37536.png","37536.png","4","Happiness"
"ffhq","Cleaned_FFHQ_Dataset_50/train/4/39507.png","39507.png","4","Happiness"
"ffhq","Cleaned_FFHQ_Dataset_50/train/5/64822.png","64822.png","5","Neutral"
"ffhq","Cleaned_FFHQ_Dataset_50/train/5/61463.png","61463.png","5","Neutral"
"ffhq","Cleaned_FFHQ_Dataset_50/train/5/51619.png","51619.png","5","Neutral"
"ffhq","Cleaned_FFHQ_Dataset_50/train/5/63614.png","63614.png","5","Neutral"
"ffhq","Cleaned_FFHQ_Dataset_50/train/5/07245.png","07245.png","5","Neutral"
"ffhq","Cleaned_FFHQ_Dataset_50/train/4/07942.png","07942.png","4","Happiness"
"ffhq","Cleaned_FFHQ_Dataset_50/train/5/63905.png","63905.png","5","Neutral"
"ffhq","Cleaned_FFHQ_Dataset_50/train/4/30725.png","30725.png","4","Happiness"
"ffhq","Cleaned_FFHQ_Dataset_50/train/4/03601.png","03601.png","4","Happiness"
"ffhq","Cleaned_FFHQ_Dataset_50/train/4/60317.png","60317.png","4","Happiness"
"ffhq","Cleaned_FFHQ_Dataset_50/train/4/56716.png","56716.png","4","Happiness"
"ffhq","Cleaned_FFHQ_Dataset_50/train/4/45001.png","45001.png","4","Happiness"
"ffhq","Cleaned_FFHQ_Dataset_50/train/5/03573.png","03573.png","5","Neutral"
"ffhq","Cleaned_FFHQ_Dataset_50/train/4/52671.png","52671.png","4","Happiness"
"ffhq","Cleaned_FFHQ_Dataset_50/train/5/07864.png","07864.png","5","Neutral"
"ffhq","Cleaned_FFHQ_Dataset_50/train/4/23051.png","23051.png","4","Happiness"
"ffhq","Cleaned_FFHQ_Dataset_50/train/4/23182.png","23182.png","4","Happiness"
"ffhq","Cleaned_FFHQ_Dataset_50/train/5/46751.png","46751.png","5","Neutral"
"ffhq","Cleaned_FFHQ_Dataset_50/train/4/15957.png","15957.png","4","Happiness"
"ffhq","Cleaned_FFHQ_Dataset_50/train/4/27571.png","27571.png","4","Happiness"
"ffhq","Cleaned_FFHQ_Dataset_50/train/4/29482.png","29482.png","4","Happiness"
"ffhq","Cleaned_FFHQ_Dataset_50/train/5/47345.png","47345.png","5","Neutral"
"ffhq","Cleaned_FFHQ_Dataset_50/train/4/20759.png","20759.png","4","Happiness"
"ffhq","Cleaned_FFHQ_Dataset_50/train/4/33332.png","33332.png","4","Happiness"
"ffhq","Cleaned_FFHQ_Dataset_50/train/5/00114.png","00114.png","5","Neutral"
"ffhq","Cleaned_FFHQ_Dataset_50/train/4/12869.png","12869.png","4","Happiness"
"ffhq","Cleaned_FFHQ_Dataset_50/train/4/03342.png","03342.png","4","Happiness"
"ffhq","Cleaned_FFHQ_Dataset_50/train/4/47528.png","47528.png","4","Happiness"
"ffhq","Cleaned_FFHQ_Dataset_50/train/4/31799.png","31799.png","4","Happiness"
"ffhq","Cleaned_FFHQ_Dataset_50/train/5/29430.png","29430.png","5","Neutral"
"ffhq","Cleaned_FFHQ_Dataset_50/train/4/05361.png","05361.png","4","Happiness"
"ffhq","Cleaned_FFHQ_Dataset_50/train/4/24852.png","24852.png","4","Happiness"
"ffhq","Cleaned_FFHQ_Dataset_50/train/5/44633.png","44633.png","5","Neutral"
"ffhq","Cleaned_FFHQ_Dataset_50/train/4/34484.png","34484.png","4","Happiness"
"ffhq","Cleaned_FFHQ_Dataset_50/train/4/40295.png","40295.png","4","Happiness"
"ffhq","Cleaned_FFHQ_Dataset_50/train/4/41552.png","41552.png","4","Happiness"
"ffhq","Cleaned_FFHQ_Dataset_50/train/4/35869.png","35869.png","4","Happiness"
"ffhq","Cleaned_FFHQ_Dataset_50/train/5/31982.png","31982.png","5","Neutral"
"ffhq","Cleaned_FFHQ_Dataset_50/train/5/23205.png","23205.png","5","Neutral"
"ffhq","Cleaned_FFHQ_Dataset_50/train/4/33713.png","33713.png","4","Happiness"
"ffhq","Cleaned_FFHQ_Dataset_50/train/5/28550.png","28550.png","5","Neutral"
"ffhq","Cleaned_FFHQ_Dataset_50/train/5/28766.png","28766.png","5","Neutral"
"ffhq","Cleaned_FFHQ_Dataset_50/train/4/42777.png","42777.png","4","Happiness"
"ffhq","Cleaned_FFHQ_Dataset_50/train/4/59163.png","59163.png","4","Happiness"
"ffhq","Cleaned_FFHQ_Dataset_50/train/5/43883.png","43883.png","5","Neutral"
"ffhq","Cleaned_FFHQ_Dataset_50/train/5/08399.png","08399.png","5","Neutral"
"ffhq","Cleaned_FFHQ_Dataset_50/train/5/54074.png","54074.png","5","Neutral"
"ffhq","Cleaned_FFHQ_Dataset_50/train/4/46835.png","46835.png","4","Happiness"
"ffhq","Cleaned_FFHQ_Dataset_50/train/5/10486.png","10486.png","5","Neutral"
"ffhq","Cleaned_FFHQ_Dataset_50/train/4/47553.png","47553.png","4","Happiness"
"ffhq","Cleaned_FFHQ_Dataset_50/train/4/33240.png","33240.png","4","Happiness"
"ffhq","Cleaned_FFHQ_Dataset_50/train/4/54142.png","54142.png","4","Happiness"
"ffhq","Cleaned_FFHQ_Dataset_50/train/5/29849.png","29849.png","5","Neutral"
"ffhq","Cleaned_FFHQ_Dataset_50/train/5/12772.png","12772.png","5","Neutral"
"ffhq","Cleaned_FFHQ_Dataset_50/train/4/09220.png","09220.png","4","Happiness"
"ffhq","Cleaned_FFHQ_Dataset_50/train/5/54954.png","54954.png","5","Neutral"
"ffhq","Cleaned_FFHQ_Dataset_50/train/5/60890.png","60890.png","5","Neutral"
"ffhq","Cleaned_FFHQ_Dataset_50/train/5/36194.png","36194.png","5","Neutral"
"ffhq","Cleaned_FFHQ_Dataset_50/train/5/41856.png","41856.png","5","Neutral"
"ffhq","Cleaned_FFHQ_Dataset_50/train/4/02382.png","02382.png","4","Happiness"
"ffhq","Cleaned_FFHQ_Dataset_50/train/4/64835.png","64835.png","4","Happiness"
"ffhq","Cleaned_FFHQ_Dataset_50/train/5/53608.png","53608.png","5","Neutral"
"ffhq","Cleaned_FFHQ_Dataset_50/train/4/51200.png","51200.png","4","Happiness"
"ffhq","Cleaned_FFHQ_Dataset_50/train/5/27969.png","27969.png","5","Neutral"
"ffhq","Cleaned_FFHQ_Dataset_50/train/5/07472.png","07472.png","5","Neutral"
"ffhq","Cleaned_FFHQ_Dataset_50/train/5/49545.png","49545.png","5","Neutral"
"ffhq","Cleaned_FFHQ_Dataset_50/train/5/64723.png","64723.png","5","Neutral"
"ffhq","Cleaned_FFHQ_Dataset_50/train/5/06027.png","06027.png","5","Neutral"
"ffhq","Cleaned_FFHQ_Dataset_50/train/5/06812.png","06812.png","5","Neutral"
"ffhq","Cleaned_FFHQ_Dataset_50/train/5/48201.png","48201.png","5","Neutral"
"ffhq","Cleaned_FFHQ_Dataset_50/train/4/43841.png","43841.png","4","Happiness"
"ffhq","Cleaned_FFHQ_Dataset_50/train/4/47421.png","47421.png","4","Happiness"
"ffhq","Cleaned_FFHQ_Dataset_50/train/4/68860.png","68860.png","4","Happiness"
"ffhq","Cleaned_FFHQ_Dataset_50/train/4/48942.png","48942.png","4","Happiness"
"ffhq","Cleaned_FFHQ_Dataset_50/train/4/66574.png","66574.png","4","Happiness"
"ffhq","Cleaned_FFHQ_Dataset_50/train/5/36864.png","36864.png","5","Neutral"
"ffhq","Cleaned_FFHQ_Dataset_50/train/4/55291.png","55291.png","4","Happiness"
"ffhq","Cleaned_FFHQ_Dataset_50/train/4/04518.png","04518.png","4","Happiness"
"ffhq","Cleaned_FFHQ_Dataset_50/train/4/59081.png","59081.png","4","Happiness"
"ffhq","Cleaned_FFHQ_Dataset_50/train/4/02211.png","02211.png","4","Happiness"
"ffhq","Cleaned_FFHQ_Dataset_50/train/4/16253.png","16253.png","4","Happiness"
"ffhq","Cleaned_FFHQ_Dataset_50/train/5/19679.png","19679.png","5","Neutral"
"ffhq","Cleaned_FFHQ_Dataset_50/train/5/04605.png","04605.png","5","Neutral"
"ffhq","Cleaned_FFHQ_Dataset_50/train/5/11610.png","11610.png","5","Neutral"
"ffhq","Cleaned_FFHQ_Dataset_50/train/4/23024.png","23024.png","4","Happiness"
"ffhq","Cleaned_FFHQ_Dataset_50/train/5/49642.png","49642.png","5","Neutral"
"ffhq","Cleaned_FFHQ_Dataset_50/train/4/34894.png","34894.png","4","Happiness"
"ffhq","Cleaned_FFHQ_Dataset_50/train/4/00439.png","00439.png","4","Happiness"
"ffhq","Cleaned_FFHQ_Dataset_50/train/5/07378.png","07378.png","5","Neutral"
"ffhq","Cleaned_FFHQ_Dataset_50/train/5/34444.png","34444.png","5","Neutral"
"ffhq","Cleaned_FFHQ_Dataset_50/train/5/54030.png","54030.png","5","Neutral"
"ffhq","Cleaned_FFHQ_Dataset_50/train/4/44534.png","44534.png","4","Happiness"
"ffhq","Cleaned_FFHQ_Dataset_50/train/4/57947.png","57947.png","4","Happiness"
"ffhq","Cleaned_FFHQ_Dataset_50/train/4/15968.png","15968.png","4","Happiness"
"ffhq","Cleaned_FFHQ_Dataset_50/train/5/53983.png","53983.png","5","Neutral"
"ffhq","Cleaned_FFHQ_Dataset_50/train/4/57042.png","57042.png","4","Happiness"
"ffhq","Cleaned_FFHQ_Dataset_50/train/5/06770.png","06770.png","5","Neutral"
"ffhq","Cleaned_FFHQ_Dataset_50/train/5/69259.png","69259.png","5","Neutral"
"ffhq","Cleaned_FFHQ_Dataset_50/train/4/12415.png","12415.png","4","Happiness"
"ffhq","Cleaned_FFHQ_Dataset_50/train/4/50776.png","50776.png","4","Happiness"
"ffhq","Cleaned_FFHQ_Dataset_50/train/5/68215.png","68215.png","5","Neutral"
"ffhq","Cleaned_FFHQ_Dataset_50/train/4/07073.png","07073.png","4","Happiness"
"ffhq","Cleaned_FFHQ_Dataset_50/train/4/53790.png","53790.png","4","Happiness"
"ffhq","Cleaned_FFHQ_Dataset_50/train/4/54282.png","54282.png","4","Happiness"
"ffhq","Cleaned_FFHQ_Dataset_50/train/5/30464.png","30464.png","5","Neutral"
"ffhq","Cleaned_FFHQ_Dataset_50/train/4/60812.png","60812.png","4","Happiness"
"ffhq","Cleaned_FFHQ_Dataset_50/train/5/69884.png","69884.png","5","Neutral"
"ffhq","Cleaned_FFHQ_Dataset_50/train/4/08604.png","08604.png","4","Happiness"
"ffhq","Cleaned_FFHQ_Dataset_50/train/4/59442.png","59442.png","4","Happiness"
"ffhq","Cleaned_FFHQ_Dataset_50/train/5/65556.png","65556.png","5","Neutral"
"ffhq","Cleaned_FFHQ_Dataset_50/train/4/22062.png","22062.png","4","Happiness"
"ffhq","Cleaned_FFHQ_Dataset_50/train/4/42686.png","42686.png","4","Happiness"
"ffhq","Cleaned_FFHQ_Dataset_50/train/4/32297.png","32297.png","4","Happiness"
"ffhq","Cleaned_FFHQ_Dataset_50/train/4/45816.png","45816.png","4","Happiness"
"ffhq","Cleaned_FFHQ_Dataset_50/train/4/27089.png","27089.png","4","Happiness"
"ffhq","Cleaned_FFHQ_Dataset_50/train/5/18885.png","18885.png","5","Neutral"
"ffhq","Cleaned_FFHQ_Dataset_50/train/5/43796.png","43796.png","5","Neutral"
"ffhq","Cleaned_FFHQ_Dataset_50/train/5/65077.png","65077.png","5","Neutral"
"ffhq","Cleaned_FFHQ_Dataset_50/train/5/08413.png","08413.png","5","Neutral"
"ffhq","Cleaned_FFHQ_Dataset_50/train/4/55878.png","55878.png","4","Happiness"
"ffhq","Cleaned_FFHQ_Dataset_50/train/5/62668.png","62668.png","5","Neutral"
"ffhq","Cleaned_FFHQ_Dataset_50/train/5/36603.png","36603.png","5","Neutral"
"ffhq","Cleaned_FFHQ_Dataset_50/train/4/62130.png","62130.png","4","Happiness"
"ffhq","Cleaned_FFHQ_Dataset_50/train/4/64385.png","64385.png","4","Happiness"
"ffhq","Cleaned_FFHQ_Dataset_50/train/4/07537.png","07537.png","4","Happiness"
"ffhq","Cleaned_FFHQ_Dataset_50/train/4/37313.png","37313.png","4","Happiness"
"ffhq","Cleaned_FFHQ_Dataset_50/train/5/25058.png","25058.png","5","Neutral"
"ffhq","Cleaned_FFHQ_Dataset_50/train/5/48125.png","48125.png","5","Neutral"
"ffhq","Cleaned_FFHQ_Dataset_50/train/4/69212.png","69212.png","4","Happiness"
"ffhq","Cleaned_FFHQ_Dataset_50/train/4/29952.png","29952.png","4","Happiness"
"ffhq","Cleaned_FFHQ_Dataset_50/train/4/20164.png","20164.png","4","Happiness"
"ffhq","Cleaned_FFHQ_Dataset_50/train/4/30554.png","30554.png","4","Happiness"
"ffhq","Cleaned_FFHQ_Dataset_50/train/4/25254.png","25254.png","4","Happiness"
"ffhq","Cleaned_FFHQ_Dataset_50/train/4/24237.png","24237.png","4","Happiness"
"ffhq","Cleaned_FFHQ_Dataset_50/train/4/53185.png","53185.png","4","Happiness"
"ffhq","Cleaned_FFHQ_Dataset_50/train/5/22901.png","22901.png","5","Neutral"
"ffhq","Cleaned_FFHQ_Dataset_50/train/4/40612.png","40612.png","4","Happiness"
"ffhq","Cleaned_FFHQ_Dataset_50/train/5/30510.png","30510.png","5","Neutral"
"ffhq","Cleaned_FFHQ_Dataset_50/train/5/68697.png","68697.png","5","Neutral"
"ffhq","Cleaned_FFHQ_Dataset_50/train/5/04851.png","04851.png","5","Neutral"
"ffhq","Cleaned_FFHQ_Dataset_50/train/4/38702.png","38702.png","4","Happiness"
"ffhq","Cleaned_FFHQ_Dataset_50/train/5/01862.png","01862.png","5","Neutral"
"ffhq","Cleaned_FFHQ_Dataset_50/train/4/62905.png","62905.png","4","Happiness"
"ffhq","Cleaned_FFHQ_Dataset_50/train/5/53742.png","53742.png","5","Neutral"
"ffhq","Cleaned_FFHQ_Dataset_50/train/5/12247.png","12247.png","5","Neutral"
"ffhq","Cleaned_FFHQ_Dataset_50/train/5/32399.png","32399.png","5","Neutral"
"ffhq","Cleaned_FFHQ_Dataset_50/train/5/54965.png","54965.png","5","Neutral"
"ffhq","Cleaned_FFHQ_Dataset_50/train/5/67220.png","67220.png","5","Neutral"
"ffhq","Cleaned_FFHQ_Dataset_50/train/4/11397.png","11397.png","4","Happiness"
"ffhq","Cleaned_FFHQ_Dataset_50/train/5/68297.png","68297.png","5","Neutral"
"ffhq","Cleaned_FFHQ_Dataset_50/train/4/02744.png","02744.png","4","Happiness"
"ffhq","Cleaned_FFHQ_Dataset_50/train/5/28033.png","28033.png","5","Neutral"
"ffhq","Cleaned_FFHQ_Dataset_50/train/5/39107.png","39107.png","5","Neutral"
"ffhq","Cleaned_FFHQ_Dataset_50/train/4/04561.png","04561.png","4","Happiness"
"ffhq","Cleaned_FFHQ_Dataset_50/train/4/07602.png","07602.png","4","Happiness"
"ffhq","Cleaned_FFHQ_Dataset_50/train/5/02214.png","02214.png","5","Neutral"
"ffhq","Cleaned_FFHQ_Dataset_50/train/5/06517.png","06517.png","5","Neutral"
"ffhq","Cleaned_FFHQ_Dataset_50/train/4/04580.png","04580.png","4","Happiness"
"ffhq","Cleaned_FFHQ_Dataset_50/train/4/58860.png","58860.png","4","Happiness"
"ffhq","Cleaned_FFHQ_Dataset_50/train/5/03079.png","03079.png","5","Neutral"
"ffhq","Cleaned_FFHQ_Dataset_50/train/4/28015.png","28015.png","4","Happiness"
"ffhq","Cleaned_FFHQ_Dataset_50/train/4/57482.png","57482.png","4","Happiness"
"ffhq","Cleaned_FFHQ_Dataset_50/train/5/40035.png","40035.png","5","Neutral"
"ffhq","Cleaned_FFHQ_Dataset_50/train/4/21224.png","21224.png","4","Happiness"
"ffhq","Cleaned_FFHQ_Dataset_50/train/5/06401.png","06401.png","5","Neutral"
"ffhq","Cleaned_FFHQ_Dataset_50/train/4/10594.png","10594.png","4","Happiness"
"ffhq","Cleaned_FFHQ_Dataset_50/train/5/20014.png","20014.png","5","Neutral"
"ffhq","Cleaned_FFHQ_Dataset_50/train/5/10497.png","10497.png","5","Neutral"
"ffhq","Cleaned_FFHQ_Dataset_50/train/4/51072.png","51072.png","4","Happiness"
"ffhq","Cleaned_FFHQ_Dataset_50/train/5/27906.png","27906.png","5","Neutral"
"ffhq","Cleaned_FFHQ_Dataset_50/train/5/64227.png","64227.png","5","Neutral"
"ffhq","Cleaned_FFHQ_Dataset_50/train/4/05185.png","05185.png","4","Happiness"
"ffhq","Cleaned_FFHQ_Dataset_50/train/4/65923.png","65923.png","4","Happiness"
"ffhq","Cleaned_FFHQ_Dataset_50/train/5/43843.png","43843.png","5","Neutral"
"ffhq","Cleaned_FFHQ_Dataset_50/train/5/62566.png","62566.png","5","Neutral"
"ffhq","Cleaned_FFHQ_Dataset_50/train/5/50395.png","50395.png","5","Neutral"
"ffhq","Cleaned_FFHQ_Dataset_50/train/5/55727.png","55727.png","5","Neutral"
"ffhq","Cleaned_FFHQ_Dataset_50/train/5/66725.png","66725.png","5","Neutral"
"ffhq","Cleaned_FFHQ_Dataset_50/train/5/68973.png","68973.png","5","Neutral"
"ffhq","Cleaned_FFHQ_Dataset_50/train/5/39008.png","39008.png","5","Neutral"
"ffhq","Cleaned_FFHQ_Dataset_50/train/4/69117.png","69117.png","4","Happiness"
"ffhq","Cleaned_FFHQ_Dataset_50/train/5/68285.png","68285.png","5","Neutral"
"ffhq","Cleaned_FFHQ_Dataset_50/train/5/37665.png","37665.png","5","Neutral"
"ffhq","Cleaned_FFHQ_Dataset_50/train/4/57202.png","57202.png","4","Happiness"
"ffhq","Cleaned_FFHQ_Dataset_50/train/4/14216.png","14216.png","4","Happiness"
"ffhq","Cleaned_FFHQ_Dataset_50/train/5/41386.png","41386.png","5","Neutral"
"ffhq","Cleaned_FFHQ_Dataset_50/train/4/68766.png","68766.png","4","Happiness"
"ffhq","Cleaned_FFHQ_Dataset_50/train/5/20255.png","20255.png","5","Neutral"
"ffhq","Cleaned_FFHQ_Dataset_50/train/5/58889.png","58889.png","5","Neutral"
"ffhq","Cleaned_FFHQ_Dataset_50/train/4/16196.png","16196.png","4","Happiness"
"ffhq","Cleaned_FFHQ_Dataset_50/train/5/38154.png","38154.png","5","Neutral"
"ffhq","Cleaned_FFHQ_Dataset_50/train/5/24911.png","24911.png","5","Neutral"
"ffhq","Cleaned_FFHQ_Dataset_50/train/5/60669.png","60669.png","5","Neutral"
"ffhq","Cleaned_FFHQ_Dataset_50/train/5/25896.png","25896.png","5","Neutral"
"ffhq","Cleaned_FFHQ_Dataset_50/train/4/63329.png","63329.png","4","Happiness"
"ffhq","Cleaned_FFHQ_Dataset_50/train/4/13828.png","13828.png","4","Happiness"
"ffhq","Cleaned_FFHQ_Dataset_50/train/5/55536.png","55536.png","5","Neutral"
"ffhq","Cleaned_FFHQ_Dataset_50/train/4/02860.png","02860.png","4","Happiness"
"ffhq","Cleaned_FFHQ_Dataset_50/train/5/38635.png","38635.png","5","Neutral"
"ffhq","Cleaned_FFHQ_Dataset_50/train/6/23027.png","23027.png","6","Sadness"
"ffhq","Cleaned_FFHQ_Dataset_50/train/4/50132.png","50132.png","4","Happiness"
"ffhq","Cleaned_FFHQ_Dataset_50/train/4/02242.png","02242.png","4","Happiness"
"ffhq","Cleaned_FFHQ_Dataset_50/train/4/56446.png","56446.png","4","Happiness"
"ffhq","Cleaned_FFHQ_Dataset_50/train/5/43825.png","43825.png","5","Neutral"
"ffhq","Cleaned_FFHQ_Dataset_50/train/4/37386.png","37386.png","4","Happiness"
"ffhq","Cleaned_FFHQ_Dataset_50/train/5/67042.png","67042.png","5","Neutral"
"ffhq","Cleaned_FFHQ_Dataset_50/train/4/07027.png","07027.png","4","Happiness"
"ffhq","Cleaned_FFHQ_Dataset_50/train/4/32936.png","32936.png","4","Happiness"
"ffhq","Cleaned_FFHQ_Dataset_50/train/5/44865.png","44865.png","5","Neutral"
"ffhq","Cleaned_FFHQ_Dataset_50/train/4/23861.png","23861.png","4","Happiness"
"ffhq","Cleaned_FFHQ_Dataset_50/train/5/59080.png","59080.png","5","Neutral"
"ffhq","Cleaned_FFHQ_Dataset_50/train/5/05285.png","05285.png","5","Neutral"
"ffhq","Cleaned_FFHQ_Dataset_50/train/5/44977.png","44977.png","5","Neutral"
"ffhq","Cleaned_FFHQ_Dataset_50/train/5/11824.png","11824.png","5","Neutral"
"ffhq","Cleaned_FFHQ_Dataset_50/train/5/56489.png","56489.png","5","Neutral"
"ffhq","Cleaned_FFHQ_Dataset_50/train/5/66166.png","66166.png","5","Neutral"
"ffhq","Cleaned_FFHQ_Dataset_50/train/5/13518.png","13518.png","5","Neutral"
"ffhq","Cleaned_FFHQ_Dataset_50/train/5/22057.png","22057.png","5","Neutral"
"ffhq","Cleaned_FFHQ_Dataset_50/train/4/28223.png","28223.png","4","Happiness"
"ffhq","Cleaned_FFHQ_Dataset_50/train/5/51994.png","51994.png","5","Neutral"
"ffhq","Cleaned_FFHQ_Dataset_50/train/4/35564.png","35564.png","4","Happiness"
"ffhq","Cleaned_FFHQ_Dataset_50/train/4/54903.png","54903.png","4","Happiness"
"ffhq","Cleaned_FFHQ_Dataset_50/train/4/40809.png","40809.png","4","Happiness"
"ffhq","Cleaned_FFHQ_Dataset_50/train/5/46460.png","46460.png","5","Neutral"
"ffhq","Cleaned_FFHQ_Dataset_50/train/5/63125.png","63125.png","5","Neutral"
"ffhq","Cleaned_FFHQ_Dataset_50/train/5/24347.png","24347.png","5","Neutral"
"ffhq","Cleaned_FFHQ_Dataset_50/train/5/59498.png","59498.png","5","Neutral"
"ffhq","Cleaned_FFHQ_Dataset_50/train/5/69803.png","69803.png","5","Neutral"
"ffhq","Cleaned_FFHQ_Dataset_50/train/4/51073.png","51073.png","4","Happiness"
"ffhq","Cleaned_FFHQ_Dataset_50/train/5/37986.png","37986.png","5","Neutral"
"ffhq","Cleaned_FFHQ_Dataset_50/train/5/33932.png","33932.png","5","Neutral"
"ffhq","Cleaned_FFHQ_Dataset_50/train/4/06058.png","06058.png","4","Happiness"
"ffhq","Cleaned_FFHQ_Dataset_50/train/4/29958.png","29958.png","4","Happiness"
"ffhq","Cleaned_FFHQ_Dataset_50/train/4/23449.png","23449.png","4","Happiness"
"ffhq","Cleaned_FFHQ_Dataset_50/train/5/39725.png","39725.png","5","Neutral"
"ffhq","Cleaned_FFHQ_Dataset_50/train/4/08501.png","08501.png","4","Happiness"
"ffhq","Cleaned_FFHQ_Dataset_50/train/4/20905.png","20905.png","4","Happiness"
"ffhq","Cleaned_FFHQ_Dataset_50/train/4/04191.png","04191.png","4","Happiness"
"ffhq","Cleaned_FFHQ_Dataset_50/train/5/38374.png","38374.png","5","Neutral"
"ffhq","Cleaned_FFHQ_Dataset_50/train/4/44652.png","44652.png","4","Happiness"
"ffhq","Cleaned_FFHQ_Dataset_50/train/5/13846.png","13846.png","5","Neutral"
"ffhq","Cleaned_FFHQ_Dataset_50/train/5/12194.png","12194.png","5","Neutral"
"ffhq","Cleaned_FFHQ_Dataset_50/train/4/06956.png","06956.png","4","Happiness"
"ffhq","Cleaned_FFHQ_Dataset_50/train/4/01378.png","01378.png","4","Happiness"
"ffhq","Cleaned_FFHQ_Dataset_50/train/5/25925.png","25925.png","5","Neutral"
"ffhq","Cleaned_FFHQ_Dataset_50/train/4/69078.png","69078.png","4","Happiness"
"ffhq","Cleaned_FFHQ_Dataset_50/train/4/60550.png","60550.png","4","Happiness"
"ffhq","Cleaned_FFHQ_Dataset_50/train/5/04856.png","04856.png","5","Neutral"
"ffhq","Cleaned_FFHQ_Dataset_50/train/5/47008.png","47008.png","5","Neutral"
"ffhq","Cleaned_FFHQ_Dataset_50/train/4/48944.png","48944.png","4","Happiness"
"ffhq","Cleaned_FFHQ_Dataset_50/train/4/08693.png","08693.png","4","Happiness"
"ffhq","Cleaned_FFHQ_Dataset_50/train/4/67647.png","67647.png","4","Happiness"
"ffhq","Cleaned_FFHQ_Dataset_50/train/4/39116.png","39116.png","4","Happiness"
"ffhq","Cleaned_FFHQ_Dataset_50/train/4/56714.png","56714.png","4","Happiness"
"ffhq","Cleaned_FFHQ_Dataset_50/train/5/30697.png","30697.png","5","Neutral"
"ffhq","Cleaned_FFHQ_Dataset_50/train/4/00693.png","00693.png","4","Happiness"
"ffhq","Cleaned_FFHQ_Dataset_50/train/4/39723.png","39723.png","4","Happiness"
"ffhq","Cleaned_FFHQ_Dataset_50/train/4/02768.png","02768.png","4","Happiness"
"ffhq","Cleaned_FFHQ_Dataset_50/train/4/36649.png","36649.png","4","Happiness"
"ffhq","Cleaned_FFHQ_Dataset_50/train/6/06315.png","06315.png","6","Sadness"
"ffhq","Cleaned_FFHQ_Dataset_50/train/4/32999.png","32999.png","4","Happiness"
"ffhq","Cleaned_FFHQ_Dataset_50/train/4/55706.png","55706.png","4","Happiness"
"ffhq","Cleaned_FFHQ_Dataset_50/train/4/55525.png","55525.png","4","Happiness"
"ffhq","Cleaned_FFHQ_Dataset_50/train/5/52587.png","52587.png","5","Neutral"
"ffhq","Cleaned_FFHQ_Dataset_50/train/4/64967.png","64967.png","4","Happiness"
"ffhq","Cleaned_FFHQ_Dataset_50/train/5/20134.png","20134.png","5","Neutral"
"ffhq","Cleaned_FFHQ_Dataset_50/train/4/13754.png","13754.png","4","Happiness"
"ffhq","Cleaned_FFHQ_Dataset_50/train/4/40655.png","40655.png","4","Happiness"
"ffhq","Cleaned_FFHQ_Dataset_50/train/4/60944.png","60944.png","4","Happiness"
"ffhq","Cleaned_FFHQ_Dataset_50/train/5/62254.png","62254.png","5","Neutral"
"ffhq","Cleaned_FFHQ_Dataset_50/train/5/62912.png","62912.png","5","Neutral"
"ffhq","Cleaned_FFHQ_Dataset_50/train/5/12926.png","12926.png","5","Neutral"
"ffhq","Cleaned_FFHQ_Dataset_50/train/5/53690.png","53690.png","5","Neutral"
"ffhq","Cleaned_FFHQ_Dataset_50/train/5/42942.png","42942.png","5","Neutral"
"ffhq","Cleaned_FFHQ_Dataset_50/train/4/29161.png","29161.png","4","Happiness"
"ffhq","Cleaned_FFHQ_Dataset_50/train/5/39403.png","39403.png","5","Neutral"
"ffhq","Cleaned_FFHQ_Dataset_50/train/4/12426.png","12426.png","4","Happiness"
"ffhq","Cleaned_FFHQ_Dataset_50/train/4/17022.png","17022.png","4","Happiness"
"ffhq","Cleaned_FFHQ_Dataset_50/train/4/37691.png","37691.png","4","Happiness"
"ffhq","Cleaned_FFHQ_Dataset_50/train/4/43868.png","43868.png","4","Happiness"
"ffhq","Cleaned_FFHQ_Dataset_50/train/4/01014.png","01014.png","4","Happiness"
"ffhq","Cleaned_FFHQ_Dataset_50/train/5/04738.png","04738.png","5","Neutral"
"ffhq","Cleaned_FFHQ_Dataset_50/train/5/25263.png","25263.png","5","Neutral"
"ffhq","Cleaned_FFHQ_Dataset_50/train/4/40128.png","40128.png","4","Happiness"
"ffhq","Cleaned_FFHQ_Dataset_50/train/4/11124.png","11124.png","4","Happiness"
"ffhq","Cleaned_FFHQ_Dataset_50/train/4/23565.png","23565.png","4","Happiness"
"ffhq","Cleaned_FFHQ_Dataset_50/train/5/27643.png","27643.png","5","Neutral"
"ffhq","Cleaned_FFHQ_Dataset_50/train/5/08926.png","08926.png","5","Neutral"
"ffhq","Cleaned_FFHQ_Dataset_50/train/4/20413.png","20413.png","4","Happiness"
"ffhq","Cleaned_FFHQ_Dataset_50/train/5/43865.png","43865.png","5","Neutral"
"ffhq","Cleaned_FFHQ_Dataset_50/train/5/15210.png","15210.png","5","Neutral"
"ffhq","Cleaned_FFHQ_Dataset_50/train/4/17765.png","17765.png","4","Happiness"
"ffhq","Cleaned_FFHQ_Dataset_50/train/5/43791.png","43791.png","5","Neutral"
"ffhq","Cleaned_FFHQ_Dataset_50/train/4/55371.png","55371.png","4","Happiness"
"ffhq","Cleaned_FFHQ_Dataset_50/train/5/18525.png","18525.png","5","Neutral"
"ffhq","Cleaned_FFHQ_Dataset_50/train/5/61521.png","61521.png","5","Neutral"
"ffhq","Cleaned_FFHQ_Dataset_50/train/4/34188.png","34188.png","4","Happiness"
"ffhq","Cleaned_FFHQ_Dataset_50/train/4/24253.png","24253.png","4","Happiness"
"ffhq","Cleaned_FFHQ_Dataset_50/train/4/54474.png","54474.png","4","Happiness"
"ffhq","Cleaned_FFHQ_Dataset_50/train/4/30622.png","30622.png","4","Happiness"
"ffhq","Cleaned_FFHQ_Dataset_50/train/5/20257.png","20257.png","5","Neutral"
"ffhq","Cleaned_FFHQ_Dataset_50/train/5/59218.png","59218.png","5","Neutral"
"ffhq","Cleaned_FFHQ_Dataset_50/train/4/19625.png","19625.png","4","Happiness"
"ffhq","Cleaned_FFHQ_Dataset_50/train/5/38754.png","38754.png","5","Neutral"
"ffhq","Cleaned_FFHQ_Dataset_50/train/4/09391.png","09391.png","4","Happiness"
"ffhq","Cleaned_FFHQ_Dataset_50/train/4/50118.png","50118.png","4","Happiness"
"ffhq","Cleaned_FFHQ_Dataset_50/train/4/53331.png","53331.png","4","Happiness"
"ffhq","Cleaned_FFHQ_Dataset_50/train/4/12315.png","12315.png","4","Happiness"
"ffhq","Cleaned_FFHQ_Dataset_50/train/5/01671.png","01671.png","5","Neutral"
"ffhq","Cleaned_FFHQ_Dataset_50/train/4/53892.png","53892.png","4","Happiness"
"ffhq","Cleaned_FFHQ_Dataset_50/train/4/62955.png","62955.png","4","Happiness"
"ffhq","Cleaned_FFHQ_Dataset_50/train/5/16299.png","16299.png","5","Neutral"
"ffhq","Cleaned_FFHQ_Dataset_50/train/5/21592.png","21592.png","5","Neutral"
"ffhq","Cleaned_FFHQ_Dataset_50/train/5/19128.png","19128.png","5","Neutral"
"ffhq","Cleaned_FFHQ_Dataset_50/train/5/23046.png","23046.png","5","Neutral"
"ffhq","Cleaned_FFHQ_Dataset_50/train/4/20386.png","20386.png","4","Happiness"
"ffhq","Cleaned_FFHQ_Dataset_50/train/5/20150.png","20150.png","5","Neutral"
"ffhq","Cleaned_FFHQ_Dataset_50/train/5/34120.png","34120.png","5","Neutral"
"ffhq","Cleaned_FFHQ_Dataset_50/train/5/48131.png","48131.png","5","Neutral"
"ffhq","Cleaned_FFHQ_Dataset_50/train/4/15299.png","15299.png","4","Happiness"
"ffhq","Cleaned_FFHQ_Dataset_50/train/5/02648.png","02648.png","5","Neutral"
"ffhq","Cleaned_FFHQ_Dataset_50/train/4/19893.png","19893.png","4","Happiness"
"ffhq","Cleaned_FFHQ_Dataset_50/train/4/46323.png","46323.png","4","Happiness"
"ffhq","Cleaned_FFHQ_Dataset_50/train/4/13554.png","13554.png","4","Happiness"
"ffhq","Cleaned_FFHQ_Dataset_50/train/4/21936.png","21936.png","4","Happiness"
"ffhq","Cleaned_FFHQ_Dataset_50/train/5/55170.png","55170.png","5","Neutral"
"ffhq","Cleaned_FFHQ_Dataset_50/train/4/41163.png","41163.png","4","Happiness"
"ffhq","Cleaned_FFHQ_Dataset_50/train/4/16590.png","16590.png","4","Happiness"
"ffhq","Cleaned_FFHQ_Dataset_50/train/4/64941.png","64941.png","4","Happiness"
"ffhq","Cleaned_FFHQ_Dataset_50/train/4/48309.png","48309.png","4","Happiness"
"ffhq","Cleaned_FFHQ_Dataset_50/train/4/43751.png","43751.png","4","Happiness"
"ffhq","Cleaned_FFHQ_Dataset_50/train/7/43587.png","43587.png","7","Surprise"
"ffhq","Cleaned_FFHQ_Dataset_50/train/4/63710.png","63710.png","4","Happiness"
"ffhq","Cleaned_FFHQ_Dataset_50/train/4/20549.png","20549.png","4","Happiness"
"ffhq","Cleaned_FFHQ_Dataset_50/train/4/47223.png","47223.png","4","Happiness"
"ffhq","Cleaned_FFHQ_Dataset_50/train/5/52075.png","52075.png","5","Neutral"
"ffhq","Cleaned_FFHQ_Dataset_50/train/4/42285.png","42285.png","4","Happiness"
"ffhq","Cleaned_FFHQ_Dataset_50/train/5/14812.png","14812.png","5","Neutral"
"ffhq","Cleaned_FFHQ_Dataset_50/train/5/30085.png","30085.png","5","Neutral"
"ffhq","Cleaned_FFHQ_Dataset_50/train/4/53560.png","53560.png","4","Happiness"
"ffhq","Cleaned_FFHQ_Dataset_50/train/4/46911.png","46911.png","4","Happiness"
"ffhq","Cleaned_FFHQ_Dataset_50/train/4/32340.png","32340.png","4","Happiness"
"ffhq","Cleaned_FFHQ_Dataset_50/train/4/23475.png","23475.png","4","Happiness"
"ffhq","Cleaned_FFHQ_Dataset_50/train/4/24307.png","24307.png","4","Happiness"
"ffhq","Cleaned_FFHQ_Dataset_50/train/5/26305.png","26305.png","5","Neutral"
"ffhq","Cleaned_FFHQ_Dataset_50/train/4/38512.png","38512.png","4","Happiness"
"ffhq","Cleaned_FFHQ_Dataset_50/train/5/25899.png","25899.png","5","Neutral"
"ffhq","Cleaned_FFHQ_Dataset_50/train/5/66776.png","66776.png","5","Neutral"
"ffhq","Cleaned_FFHQ_Dataset_50/train/5/64992.png","64992.png","5","Neutral"
"ffhq","Cleaned_FFHQ_Dataset_50/train/4/34422.png","34422.png","4","Happiness"
"ffhq","Cleaned_FFHQ_Dataset_50/train/4/31541.png","31541.png","4","Happiness"
"ffhq","Cleaned_FFHQ_Dataset_50/train/4/39979.png","39979.png","4","Happiness"
"ffhq","Cleaned_FFHQ_Dataset_50/train/4/23137.png","23137.png","4","Happiness"
"ffhq","Cleaned_FFHQ_Dataset_50/train/5/65143.png","65143.png","5","Neutral"
"ffhq","Cleaned_FFHQ_Dataset_50/train/4/42109.png","42109.png","4","Happiness"
"ffhq","Cleaned_FFHQ_Dataset_50/train/5/34574.png","34574.png","5","Neutral"
"ffhq","Cleaned_FFHQ_Dataset_50/train/5/12396.png","12396.png","5","Neutral"
"ffhq","Cleaned_FFHQ_Dataset_50/train/5/23301.png","23301.png","5","Neutral"
"ffhq","Cleaned_FFHQ_Dataset_50/train/4/14214.png","14214.png","4","Happiness"
"ffhq","Cleaned_FFHQ_Dataset_50/train/5/53585.png","53585.png","5","Neutral"
"ffhq","Cleaned_FFHQ_Dataset_50/train/4/30817.png","30817.png","4","Happiness"
"ffhq","Cleaned_FFHQ_Dataset_50/train/5/26817.png","26817.png","5","Neutral"
"ffhq","Cleaned_FFHQ_Dataset_50/train/5/39549.png","39549.png","5","Neutral"
"ffhq","Cleaned_FFHQ_Dataset_50/train/4/60809.png","60809.png","4","Happiness"
"ffhq","Cleaned_FFHQ_Dataset_50/train/5/36510.png","36510.png","5","Neutral"
"ffhq","Cleaned_FFHQ_Dataset_50/train/5/35296.png","35296.png","5","Neutral"
"ffhq","Cleaned_FFHQ_Dataset_50/train/4/54477.png","54477.png","4","Happiness"
"ffhq","Cleaned_FFHQ_Dataset_50/train/4/57463.png","57463.png","4","Happiness"
"ffhq","Cleaned_FFHQ_Dataset_50/train/5/17967.png","17967.png","5","Neutral"
"ffhq","Cleaned_FFHQ_Dataset_50/train/4/51625.png","51625.png","4","Happiness"
"ffhq","Cleaned_FFHQ_Dataset_50/train/4/58549.png","58549.png","4","Happiness"
"ffhq","Cleaned_FFHQ_Dataset_50/train/5/12176.png","12176.png","5","Neutral"
"ffhq","Cleaned_FFHQ_Dataset_50/train/4/30934.png","30934.png","4","Happiness"
"ffhq","Cleaned_FFHQ_Dataset_50/train/4/58881.png","58881.png","4","Happiness"
"ffhq","Cleaned_FFHQ_Dataset_50/train/5/66706.png","66706.png","5","Neutral"
"ffhq","Cleaned_FFHQ_Dataset_50/train/5/27129.png","27129.png","5","Neutral"
"ffhq","Cleaned_FFHQ_Dataset_50/train/4/30010.png","30010.png","4","Happiness"
"ffhq","Cleaned_FFHQ_Dataset_50/train/5/00513.png","00513.png","5","Neutral"
"ffhq","Cleaned_FFHQ_Dataset_50/train/4/43941.png","43941.png","4","Happiness"
"ffhq","Cleaned_FFHQ_Dataset_50/train/4/55596.png","55596.png","4","Happiness"
"ffhq","Cleaned_FFHQ_Dataset_50/train/5/21848.png","21848.png","5","Neutral"
"ffhq","Cleaned_FFHQ_Dataset_50/train/5/13298.png","13298.png","5","Neutral"
"ffhq","Cleaned_FFHQ_Dataset_50/train/4/02362.png","02362.png","4","Happiness"
"ffhq","Cleaned_FFHQ_Dataset_50/train/4/44248.png","44248.png","4","Happiness"
"ffhq","Cleaned_FFHQ_Dataset_50/train/4/44023.png","44023.png","4","Happiness"
"ffhq","Cleaned_FFHQ_Dataset_50/train/5/16191.png","16191.png","5","Neutral"
"ffhq","Cleaned_FFHQ_Dataset_50/train/4/33258.png","33258.png","4","Happiness"
"ffhq","Cleaned_FFHQ_Dataset_50/train/5/45504.png","45504.png","5","Neutral"
"ffhq","Cleaned_FFHQ_Dataset_50/train/4/47343.png","47343.png","4","Happiness"
"ffhq","Cleaned_FFHQ_Dataset_50/train/5/67827.png","67827.png","5","Neutral"
"ffhq","Cleaned_FFHQ_Dataset_50/train/4/34881.png","34881.png","4","Happiness"
"ffhq","Cleaned_FFHQ_Dataset_50/train/5/19524.png","19524.png","5","Neutral"
"ffhq","Cleaned_FFHQ_Dataset_50/train/4/05301.png","05301.png","4","Happiness"
"ffhq","Cleaned_FFHQ_Dataset_50/train/4/19613.png","19613.png","4","Happiness"
"ffhq","Cleaned_FFHQ_Dataset_50/train/5/66597.png","66597.png","5","Neutral"
"ffhq","Cleaned_FFHQ_Dataset_50/train/5/66452.png","66452.png","5","Neutral"
"ffhq","Cleaned_FFHQ_Dataset_50/train/5/15102.png","15102.png","5","Neutral"
"ffhq","Cleaned_FFHQ_Dataset_50/train/5/04422.png","04422.png","5","Neutral"
"ffhq","Cleaned_FFHQ_Dataset_50/train/4/16511.png","16511.png","4","Happiness"
"ffhq","Cleaned_FFHQ_Dataset_50/train/4/22835.png","22835.png","4","Happiness"
"ffhq","Cleaned_FFHQ_Dataset_50/train/4/64439.png","64439.png","4","Happiness"
"ffhq","Cleaned_FFHQ_Dataset_50/train/4/54670.png","54670.png","4","Happiness"
"ffhq","Cleaned_FFHQ_Dataset_50/train/4/36170.png","36170.png","4","Happiness"
"ffhq","Cleaned_FFHQ_Dataset_50/train/4/25791.png","25791.png","4","Happiness"
"ffhq","Cleaned_FFHQ_Dataset_50/train/4/66157.png","66157.png","4","Happiness"
"ffhq","Cleaned_FFHQ_Dataset_50/train/5/62747.png","62747.png","5","Neutral"
"ffhq","Cleaned_FFHQ_Dataset_50/train/5/41054.png","41054.png","5","Neutral"
"ffhq","Cleaned_FFHQ_Dataset_50/train/5/02793.png","02793.png","5","Neutral"
"ffhq","Cleaned_FFHQ_Dataset_50/train/5/37436.png","37436.png","5","Neutral"
"ffhq","Cleaned_FFHQ_Dataset_50/train/4/47828.png","47828.png","4","Happiness"
"ffhq","Cleaned_FFHQ_Dataset_50/train/4/06128.png","06128.png","4","Happiness"
"ffhq","Cleaned_FFHQ_Dataset_50/train/4/27574.png","27574.png","4","Happiness"
"ffhq","Cleaned_FFHQ_Dataset_50/train/4/47643.png","47643.png","4","Happiness"
"ffhq","Cleaned_FFHQ_Dataset_50/train/4/58521.png","58521.png","4","Happiness"
"ffhq","Cleaned_FFHQ_Dataset_50/train/4/47401.png","47401.png","4","Happiness"
"ffhq","Cleaned_FFHQ_Dataset_50/train/4/47837.png","47837.png","4","Happiness"
"ffhq","Cleaned_FFHQ_Dataset_50/train/5/27742.png","27742.png","5","Neutral"
"ffhq","Cleaned_FFHQ_Dataset_50/train/4/26859.png","26859.png","4","Happiness"
"ffhq","Cleaned_FFHQ_Dataset_50/train/4/65328.png","65328.png","4","Happiness"
"ffhq","Cleaned_FFHQ_Dataset_50/train/5/30427.png","30427.png","5","Neutral"
"ffhq","Cleaned_FFHQ_Dataset_50/train/5/28032.png","28032.png","5","Neutral"
"ffhq","Cleaned_FFHQ_Dataset_50/train/5/64902.png","64902.png","5","Neutral"
"ffhq","Cleaned_FFHQ_Dataset_50/train/5/16457.png","16457.png","5","Neutral"
"ffhq","Cleaned_FFHQ_Dataset_50/train/5/18796.png","18796.png","5","Neutral"
"ffhq","Cleaned_FFHQ_Dataset_50/train/7/38752.png","38752.png","7","Surprise"
"ffhq","Cleaned_FFHQ_Dataset_50/train/5/27515.png","27515.png","5","Neutral"
"ffhq","Cleaned_FFHQ_Dataset_50/train/5/15353.png","15353.png","5","Neutral"
"ffhq","Cleaned_FFHQ_Dataset_50/train/5/50126.png","50126.png","5","Neutral"
"ffhq","Cleaned_FFHQ_Dataset_50/train/4/19653.png","19653.png","4","Happiness"
"ffhq","Cleaned_FFHQ_Dataset_50/train/4/38495.png","38495.png","4","Happiness"
"ffhq","Cleaned_FFHQ_Dataset_50/train/4/51150.png","51150.png","4","Happiness"
"ffhq","Cleaned_FFHQ_Dataset_50/train/4/33633.png","33633.png","4","Happiness"
"ffhq","Cleaned_FFHQ_Dataset_50/train/4/05436.png","05436.png","4","Happiness"
"ffhq","Cleaned_FFHQ_Dataset_50/train/5/00862.png","00862.png","5","Neutral"
"ffhq","Cleaned_FFHQ_Dataset_50/train/5/22675.png","22675.png","5","Neutral"
"ffhq","Cleaned_FFHQ_Dataset_50/train/4/03644.png","03644.png","4","Happiness"
"ffhq","Cleaned_FFHQ_Dataset_50/train/4/69760.png","69760.png","4","Happiness"
"ffhq","Cleaned_FFHQ_Dataset_50/train/4/45170.png","45170.png","4","Happiness"
"ffhq","Cleaned_FFHQ_Dataset_50/train/7/65791.png","65791.png","7","Surprise"
"ffhq","Cleaned_FFHQ_Dataset_50/train/5/69673.png","69673.png","5","Neutral"
"ffhq","Cleaned_FFHQ_Dataset_50/train/4/41253.png","41253.png","4","Happiness"
"ffhq","Cleaned_FFHQ_Dataset_50/train/5/27491.png","27491.png","5","Neutral"
"ffhq","Cleaned_FFHQ_Dataset_50/train/4/69381.png","69381.png","4","Happiness"
"ffhq","Cleaned_FFHQ_Dataset_50/train/4/58351.png","58351.png","4","Happiness"
"ffhq","Cleaned_FFHQ_Dataset_50/train/4/26005.png","26005.png","4","Happiness"
"ffhq","Cleaned_FFHQ_Dataset_50/train/4/20980.png","20980.png","4","Happiness"
"ffhq","Cleaned_FFHQ_Dataset_50/train/4/07563.png","07563.png","4","Happiness"
"ffhq","Cleaned_FFHQ_Dataset_50/train/5/16763.png","16763.png","5","Neutral"
"ffhq","Cleaned_FFHQ_Dataset_50/train/5/14108.png","14108.png","5","Neutral"
"ffhq","Cleaned_FFHQ_Dataset_50/train/5/36778.png","36778.png","5","Neutral"
"ffhq","Cleaned_FFHQ_Dataset_50/train/4/35284.png","35284.png","4","Happiness"
"ffhq","Cleaned_FFHQ_Dataset_50/train/5/54444.png","54444.png","5","Neutral"
"ffhq","Cleaned_FFHQ_Dataset_50/train/5/45880.png","45880.png","5","Neutral"
"ffhq","Cleaned_FFHQ_Dataset_50/train/4/04077.png","04077.png","4","Happiness"
"ffhq","Cleaned_FFHQ_Dataset_50/train/4/27936.png","27936.png","4","Happiness"
"ffhq","Cleaned_FFHQ_Dataset_50/train/5/63569.png","63569.png","5","Neutral"
"ffhq","Cleaned_FFHQ_Dataset_50/train/4/68357.png","68357.png","4","Happiness"
"ffhq","Cleaned_FFHQ_Dataset_50/train/4/43926.png","43926.png","4","Happiness"
"ffhq","Cleaned_FFHQ_Dataset_50/train/4/37196.png","37196.png","4","Happiness"
"ffhq","Cleaned_FFHQ_Dataset_50/train/5/54530.png","54530.png","5","Neutral"
"ffhq","Cleaned_FFHQ_Dataset_50/train/4/45556.png","45556.png","4","Happiness"
"ffhq","Cleaned_FFHQ_Dataset_50/train/4/33942.png","33942.png","4","Happiness"
"ffhq","Cleaned_FFHQ_Dataset_50/train/5/69262.png","69262.png","5","Neutral"
"ffhq","Cleaned_FFHQ_Dataset_50/train/4/55138.png","55138.png","4","Happiness"
"ffhq","Cleaned_FFHQ_Dataset_50/train/4/41865.png","41865.png","4","Happiness"
"ffhq","Cleaned_FFHQ_Dataset_50/train/4/43137.png","43137.png","4","Happiness"
"ffhq","Cleaned_FFHQ_Dataset_50/train/5/33470.png","33470.png","5","Neutral"
"ffhq","Cleaned_FFHQ_Dataset_50/train/4/09193.png","09193.png","4","Happiness"
"ffhq","Cleaned_FFHQ_Dataset_50/train/5/35939.png","35939.png","5","Neutral"
"ffhq","Cleaned_FFHQ_Dataset_50/train/4/48894.png","48894.png","4","Happiness"
"ffhq","Cleaned_FFHQ_Dataset_50/train/4/16739.png","16739.png","4","Happiness"
"ffhq","Cleaned_FFHQ_Dataset_50/train/4/66193.png","66193.png","4","Happiness"
"ffhq","Cleaned_FFHQ_Dataset_50/train/4/08355.png","08355.png","4","Happiness"
"ffhq","Cleaned_FFHQ_Dataset_50/train/4/24265.png","24265.png","4","Happiness"
"ffhq","Cleaned_FFHQ_Dataset_50/train/4/24673.png","24673.png","4","Happiness"
"ffhq","Cleaned_FFHQ_Dataset_50/train/5/24638.png","24638.png","5","Neutral"
"ffhq","Cleaned_FFHQ_Dataset_50/train/4/28602.png","28602.png","4","Happiness"
"ffhq","Cleaned_FFHQ_Dataset_50/train/5/10080.png","10080.png","5","Neutral"
"ffhq","Cleaned_FFHQ_Dataset_50/train/4/59324.png","59324.png","4","Happiness"
"ffhq","Cleaned_FFHQ_Dataset_50/train/5/05906.png","05906.png","5","Neutral"
"ffhq","Cleaned_FFHQ_Dataset_50/train/4/36355.png","36355.png","4","Happiness"
"ffhq","Cleaned_FFHQ_Dataset_50/train/5/35592.png","35592.png","5","Neutral"
"ffhq","Cleaned_FFHQ_Dataset_50/train/5/10386.png","10386.png","5","Neutral"
"ffhq","Cleaned_FFHQ_Dataset_50/train/5/65464.png","65464.png","5","Neutral"
"ffhq","Cleaned_FFHQ_Dataset_50/train/4/56553.png","56553.png","4","Happiness"
"ffhq","Cleaned_FFHQ_Dataset_50/train/5/28898.png","28898.png","5","Neutral"
"ffhq","Cleaned_FFHQ_Dataset_50/train/4/48545.png","48545.png","4","Happiness"
"ffhq","Cleaned_FFHQ_Dataset_50/train/4/37142.png","37142.png","4","Happiness"
"ffhq","Cleaned_FFHQ_Dataset_50/train/5/29765.png","29765.png","5","Neutral"
"ffhq","Cleaned_FFHQ_Dataset_50/train/5/06570.png","06570.png","5","Neutral"
"ffhq","Cleaned_FFHQ_Dataset_50/train/4/50398.png","50398.png","4","Happiness"
"ffhq","Cleaned_FFHQ_Dataset_50/train/5/12680.png","12680.png","5","Neutral"
"ffhq","Cleaned_FFHQ_Dataset_50/train/4/07217.png","07217.png","4","Happiness"
"ffhq","Cleaned_FFHQ_Dataset_50/train/4/26508.png","26508.png","4","Happiness"
"ffhq","Cleaned_FFHQ_Dataset_50/train/4/39938.png","39938.png","4","Happiness"
"ffhq","Cleaned_FFHQ_Dataset_50/train/5/51465.png","51465.png","5","Neutral"
"ffhq","Cleaned_FFHQ_Dataset_50/train/4/65320.png","65320.png","4","Happiness"
"ffhq","Cleaned_FFHQ_Dataset_50/train/4/29848.png","29848.png","4","Happiness"
"ffhq","Cleaned_FFHQ_Dataset_50/train/4/20787.png","20787.png","4","Happiness"
"ffhq","Cleaned_FFHQ_Dataset_50/train/4/22897.png","22897.png","4","Happiness"
"ffhq","Cleaned_FFHQ_Dataset_50/train/4/39405.png","39405.png","4","Happiness"
"ffhq","Cleaned_FFHQ_Dataset_50/train/4/49810.png","49810.png","4","Happiness"
"ffhq","Cleaned_FFHQ_Dataset_50/train/4/67460.png","67460.png","4","Happiness"
"ffhq","Cleaned_FFHQ_Dataset_50/train/5/63312.png","63312.png","5","Neutral"
"ffhq","Cleaned_FFHQ_Dataset_50/train/5/07564.png","07564.png","5","Neutral"
"ffhq","Cleaned_FFHQ_Dataset_50/train/4/58540.png","58540.png","4","Happiness"
"ffhq","Cleaned_FFHQ_Dataset_50/train/5/05369.png","05369.png","5","Neutral"
"ffhq","Cleaned_FFHQ_Dataset_50/train/4/24872.png","24872.png","4","Happiness"
"ffhq","Cleaned_FFHQ_Dataset_50/train/4/16461.png","16461.png","4","Happiness"
"ffhq","Cleaned_FFHQ_Dataset_50/train/4/54305.png","54305.png","4","Happiness"
"ffhq","Cleaned_FFHQ_Dataset_50/train/5/06268.png","06268.png","5","Neutral"
"ffhq","Cleaned_FFHQ_Dataset_50/train/5/06001.png","06001.png","5","Neutral"
"ffhq","Cleaned_FFHQ_Dataset_50/train/4/55726.png","55726.png","4","Happiness"
"ffhq","Cleaned_FFHQ_Dataset_50/train/5/61725.png","61725.png","5","Neutral"
"ffhq","Cleaned_FFHQ_Dataset_50/train/7/68664.png","68664.png","7","Surprise"
"ffhq","Cleaned_FFHQ_Dataset_50/train/4/16171.png","16171.png","4","Happiness"
"ffhq","Cleaned_FFHQ_Dataset_50/train/5/50640.png","50640.png","5","Neutral"
"ffhq","Cleaned_FFHQ_Dataset_50/train/4/50727.png","50727.png","4","Happiness"
"ffhq","Cleaned_FFHQ_Dataset_50/train/4/03167.png","03167.png","4","Happiness"
"ffhq","Cleaned_FFHQ_Dataset_50/train/5/11943.png","11943.png","5","Neutral"
"ffhq","Cleaned_FFHQ_Dataset_50/train/4/37331.png","37331.png","4","Happiness"
"ffhq","Cleaned_FFHQ_Dataset_50/train/5/52130.png","52130.png","5","Neutral"
"ffhq","Cleaned_FFHQ_Dataset_50/train/4/60057.png","60057.png","4","Happiness"
"ffhq","Cleaned_FFHQ_Dataset_50/train/4/33311.png","33311.png","4","Happiness"
"ffhq","Cleaned_FFHQ_Dataset_50/train/5/57898.png","57898.png","5","Neutral"
"ffhq","Cleaned_FFHQ_Dataset_50/train/7/24558.png","24558.png","7","Surprise"
"ffhq","Cleaned_FFHQ_Dataset_50/train/4/27558.png","27558.png","4","Happiness"
"ffhq","Cleaned_FFHQ_Dataset_50/train/5/25128.png","25128.png","5","Neutral"
"ffhq","Cleaned_FFHQ_Dataset_50/train/4/43331.png","43331.png","4","Happiness"
"ffhq","Cleaned_FFHQ_Dataset_50/train/5/04301.png","04301.png","5","Neutral"
"ffhq","Cleaned_FFHQ_Dataset_50/train/5/14881.png","14881.png","5","Neutral"
"ffhq","Cleaned_FFHQ_Dataset_50/train/5/02250.png","02250.png","5","Neutral"
"ffhq","Cleaned_FFHQ_Dataset_50/train/4/67532.png","67532.png","4","Happiness"
"ffhq","Cleaned_FFHQ_Dataset_50/train/5/49174.png","49174.png","5","Neutral"
"ffhq","Cleaned_FFHQ_Dataset_50/train/5/49943.png","49943.png","5","Neutral"
"ffhq","Cleaned_FFHQ_Dataset_50/train/4/44742.png","44742.png","4","Happiness"
"ffhq","Cleaned_FFHQ_Dataset_50/train/5/27266.png","27266.png","5","Neutral"
"ffhq","Cleaned_FFHQ_Dataset_50/train/4/61618.png","61618.png","4","Happiness"
"ffhq","Cleaned_FFHQ_Dataset_50/train/5/37364.png","37364.png","5","Neutral"
"ffhq","Cleaned_FFHQ_Dataset_50/train/4/53717.png","53717.png","4","Happiness"
"ffhq","Cleaned_FFHQ_Dataset_50/train/5/50800.png","50800.png","5","Neutral"
"ffhq","Cleaned_FFHQ_Dataset_50/train/5/56908.png","56908.png","5","Neutral"
"ffhq","Cleaned_FFHQ_Dataset_50/train/4/27081.png","27081.png","4","Happiness"
"ffhq","Cleaned_FFHQ_Dataset_50/train/4/36282.png","36282.png","4","Happiness"
"ffhq","Cleaned_FFHQ_Dataset_50/train/5/44489.png","44489.png","5","Neutral"
"ffhq","Cleaned_FFHQ_Dataset_50/train/4/09789.png","09789.png","4","Happiness"
"ffhq","Cleaned_FFHQ_Dataset_50/train/4/17394.png","17394.png","4","Happiness"
"ffhq","Cleaned_FFHQ_Dataset_50/train/5/69997.png","69997.png","5","Neutral"
"ffhq","Cleaned_FFHQ_Dataset_50/train/4/04066.png","04066.png","4","Happiness"
"ffhq","Cleaned_FFHQ_Dataset_50/train/4/03554.png","03554.png","4","Happiness"
"ffhq","Cleaned_FFHQ_Dataset_50/train/5/21807.png","21807.png","5","Neutral"
"ffhq","Cleaned_FFHQ_Dataset_50/train/4/04387.png","04387.png","4","Happiness"
"ffhq","Cleaned_FFHQ_Dataset_50/train/5/54608.png","54608.png","5","Neutral"
"ffhq","Cleaned_FFHQ_Dataset_50/train/5/28919.png","28919.png","5","Neutral"
"ffhq","Cleaned_FFHQ_Dataset_50/train/5/35332.png","35332.png","5","Neutral"
"ffhq","Cleaned_FFHQ_Dataset_50/train/5/28222.png","28222.png","5","Neutral"
"ffhq","Cleaned_FFHQ_Dataset_50/train/4/07795.png","07795.png","4","Happiness"
"ffhq","Cleaned_FFHQ_Dataset_50/train/4/38460.png","38460.png","4","Happiness"
"ffhq","Cleaned_FFHQ_Dataset_50/train/5/10491.png","10491.png","5","Neutral"
"ffhq","Cleaned_FFHQ_Dataset_50/train/4/49219.png","49219.png","4","Happiness"
"ffhq","Cleaned_FFHQ_Dataset_50/train/4/02107.png","02107.png","4","Happiness"
"ffhq","Cleaned_FFHQ_Dataset_50/train/4/30348.png","30348.png","4","Happiness"
"ffhq","Cleaned_FFHQ_Dataset_50/train/4/58670.png","58670.png","4","Happiness"
"ffhq","Cleaned_FFHQ_Dataset_50/train/4/57324.png","57324.png","4","Happiness"
"ffhq","Cleaned_FFHQ_Dataset_50/train/5/48414.png","48414.png","5","Neutral"
"ffhq","Cleaned_FFHQ_Dataset_50/train/5/45871.png","45871.png","5","Neutral"
"ffhq","Cleaned_FFHQ_Dataset_50/train/4/66039.png","66039.png","4","Happiness"
"ffhq","Cleaned_FFHQ_Dataset_50/train/5/00125.png","00125.png","5","Neutral"
"ffhq","Cleaned_FFHQ_Dataset_50/train/4/17920.png","17920.png","4","Happiness"
"ffhq","Cleaned_FFHQ_Dataset_50/train/5/36210.png","36210.png","5","Neutral"
"ffhq","Cleaned_FFHQ_Dataset_50/train/5/66852.png","66852.png","5","Neutral"
"ffhq","Cleaned_FFHQ_Dataset_50/train/5/20655.png","20655.png","5","Neutral"
"ffhq","Cleaned_FFHQ_Dataset_50/train/5/44456.png","44456.png","5","Neutral"
"ffhq","Cleaned_FFHQ_Dataset_50/train/4/69962.png","69962.png","4","Happiness"
"ffhq","Cleaned_FFHQ_Dataset_50/train/5/41066.png","41066.png","5","Neutral"
"ffhq","Cleaned_FFHQ_Dataset_50/train/5/57144.png","57144.png","5","Neutral"
"ffhq","Cleaned_FFHQ_Dataset_50/train/5/15355.png","15355.png","5","Neutral"
"ffhq","Cleaned_FFHQ_Dataset_50/train/4/49352.png","49352.png","4","Happiness"
"ffhq","Cleaned_FFHQ_Dataset_50/train/4/19945.png","19945.png","4","Happiness"
"ffhq","Cleaned_FFHQ_Dataset_50/train/4/54131.png","54131.png","4","Happiness"
"ffhq","Cleaned_FFHQ_Dataset_50/train/5/29363.png","29363.png","5","Neutral"
"ffhq","Cleaned_FFHQ_Dataset_50/train/4/29223.png","29223.png","4","Happiness"
"ffhq","Cleaned_FFHQ_Dataset_50/train/4/26544.png","26544.png","4","Happiness"
"ffhq","Cleaned_FFHQ_Dataset_50/train/5/39169.png","39169.png","5","Neutral"
"ffhq","Cleaned_FFHQ_Dataset_50/train/4/65437.png","65437.png","4","Happiness"
"ffhq","Cleaned_FFHQ_Dataset_50/train/4/27199.png","27199.png","4","Happiness"
"ffhq","Cleaned_FFHQ_Dataset_50/train/4/22301.png","22301.png","4","Happiness"
"ffhq","Cleaned_FFHQ_Dataset_50/train/4/64593.png","64593.png","4","Happiness"
"ffhq","Cleaned_FFHQ_Dataset_50/train/4/49286.png","49286.png","4","Happiness"
"ffhq","Cleaned_FFHQ_Dataset_50/train/5/46796.png","46796.png","5","Neutral"
"ffhq","Cleaned_FFHQ_Dataset_50/train/0/46014.png","46014.png","0","Anger"
"ffhq","Cleaned_FFHQ_Dataset_50/train/4/45781.png","45781.png","4","Happiness"
"ffhq","Cleaned_FFHQ_Dataset_50/train/4/60028.png","60028.png","4","Happiness"
"ffhq","Cleaned_FFHQ_Dataset_50/train/4/22576.png","22576.png","4","Happiness"
"ffhq","Cleaned_FFHQ_Dataset_50/train/4/30237.png","30237.png","4","Happiness"
"ffhq","Cleaned_FFHQ_Dataset_50/train/4/07161.png","07161.png","4","Happiness"
"ffhq","Cleaned_FFHQ_Dataset_50/train/4/19018.png","19018.png","4","Happiness"
"ffhq","Cleaned_FFHQ_Dataset_50/train/4/09115.png","09115.png","4","Happiness"
"ffhq","Cleaned_FFHQ_Dataset_50/train/5/30546.png","30546.png","5","Neutral"
"ffhq","Cleaned_FFHQ_Dataset_50/train/4/34026.png","34026.png","4","Happiness"
"ffhq","Cleaned_FFHQ_Dataset_50/train/5/39377.png","39377.png","5","Neutral"
"ffhq","Cleaned_FFHQ_Dataset_50/train/4/08579.png","08579.png","4","Happiness"
"ffhq","Cleaned_FFHQ_Dataset_50/train/4/43260.png","43260.png","4","Happiness"
"ffhq","Cleaned_FFHQ_Dataset_50/train/5/34239.png","34239.png","5","Neutral"
"ffhq","Cleaned_FFHQ_Dataset_50/train/6/54392.png","54392.png","6","Sadness"
"ffhq","Cleaned_FFHQ_Dataset_50/train/5/38171.png","38171.png","5","Neutral"
"ffhq","Cleaned_FFHQ_Dataset_50/train/5/29216.png","29216.png","5","Neutral"
"ffhq","Cleaned_FFHQ_Dataset_50/train/5/13834.png","13834.png","5","Neutral"
"ffhq","Cleaned_FFHQ_Dataset_50/train/5/67884.png","67884.png","5","Neutral"
"ffhq","Cleaned_FFHQ_Dataset_50/train/4/15754.png","15754.png","4","Happiness"
"ffhq","Cleaned_FFHQ_Dataset_50/train/4/37081.png","37081.png","4","Happiness"
"ffhq","Cleaned_FFHQ_Dataset_50/train/5/51415.png","51415.png","5","Neutral"
"ffhq","Cleaned_FFHQ_Dataset_50/train/5/28027.png","28027.png","5","Neutral"
"ffhq","Cleaned_FFHQ_Dataset_50/train/5/61948.png","61948.png","5","Neutral"
"ffhq","Cleaned_FFHQ_Dataset_50/train/4/22230.png","22230.png","4","Happiness"
"ffhq","Cleaned_FFHQ_Dataset_50/train/5/07699.png","07699.png","5","Neutral"
"ffhq","Cleaned_FFHQ_Dataset_50/train/4/68796.png","68796.png","4","Happiness"
"ffhq","Cleaned_FFHQ_Dataset_50/train/4/59888.png","59888.png","4","Happiness"
"ffhq","Cleaned_FFHQ_Dataset_50/train/4/31438.png","31438.png","4","Happiness"
"ffhq","Cleaned_FFHQ_Dataset_50/train/4/29801.png","29801.png","4","Happiness"
"ffhq","Cleaned_FFHQ_Dataset_50/train/5/27877.png","27877.png","5","Neutral"
"ffhq","Cleaned_FFHQ_Dataset_50/train/5/35544.png","35544.png","5","Neutral"
"ffhq","Cleaned_FFHQ_Dataset_50/train/5/57738.png","57738.png","5","Neutral"
"ffhq","Cleaned_FFHQ_Dataset_50/train/5/40054.png","40054.png","5","Neutral"
"ffhq","Cleaned_FFHQ_Dataset_50/train/4/03449.png","03449.png","4","Happiness"
"ffhq","Cleaned_FFHQ_Dataset_50/train/4/26319.png","26319.png","4","Happiness"
"ffhq","Cleaned_FFHQ_Dataset_50/train/5/43471.png","43471.png","5","Neutral"
"ffhq","Cleaned_FFHQ_Dataset_50/train/4/01593.png","01593.png","4","Happiness"
"ffhq","Cleaned_FFHQ_Dataset_50/train/5/09653.png","09653.png","5","Neutral"
"ffhq","Cleaned_FFHQ_Dataset_50/train/4/14058.png","14058.png","4","Happiness"
"ffhq","Cleaned_FFHQ_Dataset_50/train/4/16919.png","16919.png","4","Happiness"
"ffhq","Cleaned_FFHQ_Dataset_50/train/4/55154.png","55154.png","4","Happiness"
"ffhq","Cleaned_FFHQ_Dataset_50/train/4/09111.png","09111.png","4","Happiness"
"ffhq","Cleaned_FFHQ_Dataset_50/train/5/56745.png","56745.png","5","Neutral"
"ffhq","Cleaned_FFHQ_Dataset_50/train/4/19273.png","19273.png","4","Happiness"
"ffhq","Cleaned_FFHQ_Dataset_50/train/5/22999.png","22999.png","5","Neutral"
"ffhq","Cleaned_FFHQ_Dataset_50/train/4/30469.png","30469.png","4","Happiness"
"ffhq","Cleaned_FFHQ_Dataset_50/train/5/34289.png","34289.png","5","Neutral"
"ffhq","Cleaned_FFHQ_Dataset_50/train/5/21566.png","21566.png","5","Neutral"
"ffhq","Cleaned_FFHQ_Dataset_50/train/5/15295.png","15295.png","5","Neutral"
"ffhq","Cleaned_FFHQ_Dataset_50/train/5/42575.png","42575.png","5","Neutral"
"ffhq","Cleaned_FFHQ_Dataset_50/train/4/08955.png","08955.png","4","Happiness"
"ffhq","Cleaned_FFHQ_Dataset_50/train/4/45839.png","45839.png","4","Happiness"
"ffhq","Cleaned_FFHQ_Dataset_50/train/5/13339.png","13339.png","5","Neutral"
"ffhq","Cleaned_FFHQ_Dataset_50/train/5/39232.png","39232.png","5","Neutral"
"ffhq","Cleaned_FFHQ_Dataset_50/train/4/30553.png","30553.png","4","Happiness"
"ffhq","Cleaned_FFHQ_Dataset_50/train/4/21164.png","21164.png","4","Happiness"
"ffhq","Cleaned_FFHQ_Dataset_50/train/5/40550.png","40550.png","5","Neutral"
"ffhq","Cleaned_FFHQ_Dataset_50/train/4/69345.png","69345.png","4","Happiness"
"ffhq","Cleaned_FFHQ_Dataset_50/train/5/47146.png","47146.png","5","Neutral"
"ffhq","Cleaned_FFHQ_Dataset_50/train/4/50100.png","50100.png","4","Happiness"
"ffhq","Cleaned_FFHQ_Dataset_50/train/5/24002.png","24002.png","5","Neutral"
"ffhq","Cleaned_FFHQ_Dataset_50/train/4/20701.png","20701.png","4","Happiness"
"ffhq","Cleaned_FFHQ_Dataset_50/train/5/46229.png","46229.png","5","Neutral"
"ffhq","Cleaned_FFHQ_Dataset_50/train/5/13626.png","13626.png","5","Neutral"
"ffhq","Cleaned_FFHQ_Dataset_50/train/5/46707.png","46707.png","5","Neutral"
"ffhq","Cleaned_FFHQ_Dataset_50/train/4/43893.png","43893.png","4","Happiness"
"ffhq","Cleaned_FFHQ_Dataset_50/train/5/08720.png","08720.png","5","Neutral"
"ffhq","Cleaned_FFHQ_Dataset_50/train/4/42485.png","42485.png","4","Happiness"
"ffhq","Cleaned_FFHQ_Dataset_50/train/5/06955.png","06955.png","5","Neutral"
"ffhq","Cleaned_FFHQ_Dataset_50/train/4/32642.png","32642.png","4","Happiness"
"ffhq","Cleaned_FFHQ_Dataset_50/train/4/35369.png","35369.png","4","Happiness"
"ffhq","Cleaned_FFHQ_Dataset_50/train/4/19315.png","19315.png","4","Happiness"
"ffhq","Cleaned_FFHQ_Dataset_50/train/5/66242.png","66242.png","5","Neutral"
"ffhq","Cleaned_FFHQ_Dataset_50/train/5/02403.png","02403.png","5","Neutral"
"ffhq","Cleaned_FFHQ_Dataset_50/train/4/51254.png","51254.png","4","Happiness"
"ffhq","Cleaned_FFHQ_Dataset_50/train/4/11461.png","11461.png","4","Happiness"
"ffhq","Cleaned_FFHQ_Dataset_50/train/4/58128.png","58128.png","4","Happiness"
"ffhq","Cleaned_FFHQ_Dataset_50/train/5/62121.png","62121.png","5","Neutral"
"ffhq","Cleaned_FFHQ_Dataset_50/train/5/01857.png","01857.png","5","Neutral"
"ffhq","Cleaned_FFHQ_Dataset_50/train/4/55307.png","55307.png","4","Happiness"
"ffhq","Cleaned_FFHQ_Dataset_50/train/4/55550.png","55550.png","4","Happiness"
"ffhq","Cleaned_FFHQ_Dataset_50/train/4/68521.png","68521.png","4","Happiness"
"ffhq","Cleaned_FFHQ_Dataset_50/train/4/61805.png","61805.png","4","Happiness"
"ffhq","Cleaned_FFHQ_Dataset_50/train/5/34068.png","34068.png","5","Neutral"
"ffhq","Cleaned_FFHQ_Dataset_50/train/4/28200.png","28200.png","4","Happiness"
"ffhq","Cleaned_FFHQ_Dataset_50/train/4/24590.png","24590.png","4","Happiness"
"ffhq","Cleaned_FFHQ_Dataset_50/train/4/13538.png","13538.png","4","Happiness"
"ffhq","Cleaned_FFHQ_Dataset_50/train/4/37812.png","37812.png","4","Happiness"
"ffhq","Cleaned_FFHQ_Dataset_50/train/5/15160.png","15160.png","5","Neutral"
"ffhq","Cleaned_FFHQ_Dataset_50/train/4/25707.png","25707.png","4","Happiness"
"ffhq","Cleaned_FFHQ_Dataset_50/train/5/00608.png","00608.png","5","Neutral"
"ffhq","Cleaned_FFHQ_Dataset_50/train/5/39981.png","39981.png","5","Neutral"
"ffhq","Cleaned_FFHQ_Dataset_50/train/4/16647.png","16647.png","4","Happiness"
"ffhq","Cleaned_FFHQ_Dataset_50/train/4/06153.png","06153.png","4","Happiness"
"ffhq","Cleaned_FFHQ_Dataset_50/train/5/07090.png","07090.png","5","Neutral"
"ffhq","Cleaned_FFHQ_Dataset_50/train/5/27316.png","27316.png","5","Neutral"
"ffhq","Cleaned_FFHQ_Dataset_50/train/4/11775.png","11775.png","4","Happiness"
"ffhq","Cleaned_FFHQ_Dataset_50/train/4/04002.png","04002.png","4","Happiness"
"ffhq","Cleaned_FFHQ_Dataset_50/train/4/12364.png","12364.png","4","Happiness"
"ffhq","Cleaned_FFHQ_Dataset_50/train/5/03826.png","03826.png","5","Neutral"
"ffhq","Cleaned_FFHQ_Dataset_50/train/5/66424.png","66424.png","5","Neutral"
"ffhq","Cleaned_FFHQ_Dataset_50/train/5/47719.png","47719.png","5","Neutral"
"ffhq","Cleaned_FFHQ_Dataset_50/train/4/25460.png","25460.png","4","Happiness"
"ffhq","Cleaned_FFHQ_Dataset_50/train/5/40466.png","40466.png","5","Neutral"
"ffhq","Cleaned_FFHQ_Dataset_50/train/4/39570.png","39570.png","4","Happiness"
"ffhq","Cleaned_FFHQ_Dataset_50/train/4/09483.png","09483.png","4","Happiness"
"ffhq","Cleaned_FFHQ_Dataset_50/train/5/22384.png","22384.png","5","Neutral"
"ffhq","Cleaned_FFHQ_Dataset_50/train/5/25006.png","25006.png","5","Neutral"
"ffhq","Cleaned_FFHQ_Dataset_50/train/5/44104.png","44104.png","5","Neutral"
"ffhq","Cleaned_FFHQ_Dataset_50/train/5/22457.png","22457.png","5","Neutral"
"ffhq","Cleaned_FFHQ_Dataset_50/train/4/22584.png","22584.png","4","Happiness"
"ffhq","Cleaned_FFHQ_Dataset_50/train/4/15086.png","15086.png","4","Happiness"
"ffhq","Cleaned_FFHQ_Dataset_50/train/5/60943.png","60943.png","5","Neutral"
"ffhq","Cleaned_FFHQ_Dataset_50/train/5/27608.png","27608.png","5","Neutral"
"ffhq","Cleaned_FFHQ_Dataset_50/train/5/44158.png","44158.png","5","Neutral"
"ffhq","Cleaned_FFHQ_Dataset_50/train/5/29504.png","29504.png","5","Neutral"
"ffhq","Cleaned_FFHQ_Dataset_50/train/4/48963.png","48963.png","4","Happiness"
"ffhq","Cleaned_FFHQ_Dataset_50/train/5/33282.png","33282.png","5","Neutral"
"ffhq","Cleaned_FFHQ_Dataset_50/train/5/51356.png","51356.png","5","Neutral"
"ffhq","Cleaned_FFHQ_Dataset_50/train/5/01215.png","01215.png","5","Neutral"
"ffhq","Cleaned_FFHQ_Dataset_50/train/4/41800.png","41800.png","4","Happiness"
"ffhq","Cleaned_FFHQ_Dataset_50/train/5/44823.png","44823.png","5","Neutral"
"ffhq","Cleaned_FFHQ_Dataset_50/train/5/13287.png","13287.png","5","Neutral"
"ffhq","Cleaned_FFHQ_Dataset_50/train/5/66909.png","66909.png","5","Neutral"
"ffhq","Cleaned_FFHQ_Dataset_50/train/4/43987.png","43987.png","4","Happiness"
"ffhq","Cleaned_FFHQ_Dataset_50/train/5/21752.png","21752.png","5","Neutral"
"ffhq","Cleaned_FFHQ_Dataset_50/train/5/49656.png","49656.png","5","Neutral"
"ffhq","Cleaned_FFHQ_Dataset_50/train/4/63521.png","63521.png","4","Happiness"
"ffhq","Cleaned_FFHQ_Dataset_50/train/4/69494.png","69494.png","4","Happiness"
"ffhq","Cleaned_FFHQ_Dataset_50/train/4/15494.png","15494.png","4","Happiness"
"ffhq","Cleaned_FFHQ_Dataset_50/train/5/65586.png","65586.png","5","Neutral"
"ffhq","Cleaned_FFHQ_Dataset_50/train/4/40887.png","40887.png","4","Happiness"
"ffhq","Cleaned_FFHQ_Dataset_50/train/4/16703.png","16703.png","4","Happiness"
"ffhq","Cleaned_FFHQ_Dataset_50/train/5/52277.png","52277.png","5","Neutral"
"ffhq","Cleaned_FFHQ_Dataset_50/train/5/69361.png","69361.png","5","Neutral"
"ffhq","Cleaned_FFHQ_Dataset_50/train/5/24488.png","24488.png","5","Neutral"
"ffhq","Cleaned_FFHQ_Dataset_50/train/4/10341.png","10341.png","4","Happiness"
"ffhq","Cleaned_FFHQ_Dataset_50/train/4/40221.png","40221.png","4","Happiness"
"ffhq","Cleaned_FFHQ_Dataset_50/train/4/26784.png","26784.png","4","Happiness"
"ffhq","Cleaned_FFHQ_Dataset_50/train/5/07051.png","07051.png","5","Neutral"
"ffhq","Cleaned_FFHQ_Dataset_50/train/5/26133.png","26133.png","5","Neutral"
"ffhq","Cleaned_FFHQ_Dataset_50/train/4/35631.png","35631.png","4","Happiness"
"ffhq","Cleaned_FFHQ_Dataset_50/train/5/08219.png","08219.png","5","Neutral"
"ffhq","Cleaned_FFHQ_Dataset_50/train/5/18787.png","18787.png","5","Neutral"
"ffhq","Cleaned_FFHQ_Dataset_50/train/5/43712.png","43712.png","5","Neutral"
"ffhq","Cleaned_FFHQ_Dataset_50/train/4/53359.png","53359.png","4","Happiness"
"ffhq","Cleaned_FFHQ_Dataset_50/train/4/57801.png","57801.png","4","Happiness"
"ffhq","Cleaned_FFHQ_Dataset_50/train/4/49605.png","49605.png","4","Happiness"
"ffhq","Cleaned_FFHQ_Dataset_50/train/4/53831.png","53831.png","4","Happiness"
"ffhq","Cleaned_FFHQ_Dataset_50/train/4/56948.png","56948.png","4","Happiness"
"ffhq","Cleaned_FFHQ_Dataset_50/train/4/43502.png","43502.png","4","Happiness"
"ffhq","Cleaned_FFHQ_Dataset_50/train/5/16944.png","16944.png","5","Neutral"
"ffhq","Cleaned_FFHQ_Dataset_50/train/4/43286.png","43286.png","4","Happiness"
"ffhq","Cleaned_FFHQ_Dataset_50/train/5/64604.png","64604.png","5","Neutral"
"ffhq","Cleaned_FFHQ_Dataset_50/train/4/24621.png","24621.png","4","Happiness"
"ffhq","Cleaned_FFHQ_Dataset_50/train/4/68399.png","68399.png","4","Happiness"
"ffhq","Cleaned_FFHQ_Dataset_50/train/5/06168.png","06168.png","5","Neutral"
"ffhq","Cleaned_FFHQ_Dataset_50/train/5/52617.png","52617.png","5","Neutral"
"ffhq","Cleaned_FFHQ_Dataset_50/train/4/05082.png","05082.png","4","Happiness"
"ffhq","Cleaned_FFHQ_Dataset_50/train/4/46909.png","46909.png","4","Happiness"
"ffhq","Cleaned_FFHQ_Dataset_50/train/4/33835.png","33835.png","4","Happiness"
"ffhq","Cleaned_FFHQ_Dataset_50/train/5/08344.png","08344.png","5","Neutral"
"ffhq","Cleaned_FFHQ_Dataset_50/train/4/51500.png","51500.png","4","Happiness"
"ffhq","Cleaned_FFHQ_Dataset_50/train/5/34641.png","34641.png","5","Neutral"
"ffhq","Cleaned_FFHQ_Dataset_50/train/4/33488.png","33488.png","4","Happiness"
"ffhq","Cleaned_FFHQ_Dataset_50/train/5/22117.png","22117.png","5","Neutral"
"ffhq","Cleaned_FFHQ_Dataset_50/train/4/00190.png","00190.png","4","Happiness"
"ffhq","Cleaned_FFHQ_Dataset_50/train/5/41123.png","41123.png","5","Neutral"
"ffhq","Cleaned_FFHQ_Dataset_50/train/4/20098.png","20098.png","4","Happiness"
"ffhq","Cleaned_FFHQ_Dataset_50/train/4/44749.png","44749.png","4","Happiness"
"ffhq","Cleaned_FFHQ_Dataset_50/train/4/36435.png","36435.png","4","Happiness"
"ffhq","Cleaned_FFHQ_Dataset_50/train/4/43594.png","43594.png","4","Happiness"
"ffhq","Cleaned_FFHQ_Dataset_50/train/5/46274.png","46274.png","5","Neutral"
"ffhq","Cleaned_FFHQ_Dataset_50/train/5/11352.png","11352.png","5","Neutral"
"ffhq","Cleaned_FFHQ_Dataset_50/train/5/11847.png","11847.png","5","Neutral"
"ffhq","Cleaned_FFHQ_Dataset_50/train/5/64525.png","64525.png","5","Neutral"
"ffhq","Cleaned_FFHQ_Dataset_50/train/5/58024.png","58024.png","5","Neutral"
"ffhq","Cleaned_FFHQ_Dataset_50/train/5/56646.png","56646.png","5","Neutral"
"ffhq","Cleaned_FFHQ_Dataset_50/train/5/14766.png","14766.png","5","Neutral"
"ffhq","Cleaned_FFHQ_Dataset_50/train/4/37316.png","37316.png","4","Happiness"
"ffhq","Cleaned_FFHQ_Dataset_50/train/5/09488.png","09488.png","5","Neutral"
"ffhq","Cleaned_FFHQ_Dataset_50/train/4/61723.png","61723.png","4","Happiness"
"ffhq","Cleaned_FFHQ_Dataset_50/train/5/66516.png","66516.png","5","Neutral"
"ffhq","Cleaned_FFHQ_Dataset_50/train/5/02038.png","02038.png","5","Neutral"
"ffhq","Cleaned_FFHQ_Dataset_50/train/5/36834.png","36834.png","5","Neutral"
"ffhq","Cleaned_FFHQ_Dataset_50/train/4/42685.png","42685.png","4","Happiness"
"ffhq","Cleaned_FFHQ_Dataset_50/train/5/63721.png","63721.png","5","Neutral"
"ffhq","Cleaned_FFHQ_Dataset_50/train/5/59201.png","59201.png","5","Neutral"
"ffhq","Cleaned_FFHQ_Dataset_50/train/5/69247.png","69247.png","5","Neutral"
"ffhq","Cleaned_FFHQ_Dataset_50/train/5/33601.png","33601.png","5","Neutral"
"ffhq","Cleaned_FFHQ_Dataset_50/train/5/36837.png","36837.png","5","Neutral"
"ffhq","Cleaned_FFHQ_Dataset_50/train/4/68712.png","68712.png","4","Happiness"
"ffhq","Cleaned_FFHQ_Dataset_50/train/5/56116.png","56116.png","5","Neutral"
"ffhq","Cleaned_FFHQ_Dataset_50/train/5/02435.png","02435.png","5","Neutral"
"ffhq","Cleaned_FFHQ_Dataset_50/train/5/41801.png","41801.png","5","Neutral"
"ffhq","Cleaned_FFHQ_Dataset_50/train/4/32562.png","32562.png","4","Happiness"
"ffhq","Cleaned_FFHQ_Dataset_50/train/4/09895.png","09895.png","4","Happiness"
"ffhq","Cleaned_FFHQ_Dataset_50/train/5/37596.png","37596.png","5","Neutral"
"ffhq","Cleaned_FFHQ_Dataset_50/train/4/31473.png","31473.png","4","Happiness"
"ffhq","Cleaned_FFHQ_Dataset_50/train/4/33274.png","33274.png","4","Happiness"
"ffhq","Cleaned_FFHQ_Dataset_50/train/5/02064.png","02064.png","5","Neutral"
"ffhq","Cleaned_FFHQ_Dataset_50/train/5/30073.png","30073.png","5","Neutral"
"ffhq","Cleaned_FFHQ_Dataset_50/train/4/64919.png","64919.png","4","Happiness"
"ffhq","Cleaned_FFHQ_Dataset_50/train/4/62902.png","62902.png","4","Happiness"
"ffhq","Cleaned_FFHQ_Dataset_50/train/4/24317.png","24317.png","4","Happiness"
"ffhq","Cleaned_FFHQ_Dataset_50/train/4/06689.png","06689.png","4","Happiness"
"ffhq","Cleaned_FFHQ_Dataset_50/train/4/38482.png","38482.png","4","Happiness"
"ffhq","Cleaned_FFHQ_Dataset_50/train/4/46278.png","46278.png","4","Happiness"
"ffhq","Cleaned_FFHQ_Dataset_50/train/4/45117.png","45117.png","4","Happiness"
"ffhq","Cleaned_FFHQ_Dataset_50/train/4/57980.png","57980.png","4","Happiness"
"ffhq","Cleaned_FFHQ_Dataset_50/train/4/31146.png","31146.png","4","Happiness"
"ffhq","Cleaned_FFHQ_Dataset_50/train/4/64760.png","64760.png","4","Happiness"
"ffhq","Cleaned_FFHQ_Dataset_50/train/5/68590.png","68590.png","5","Neutral"
"ffhq","Cleaned_FFHQ_Dataset_50/train/4/11560.png","11560.png","4","Happiness"
"ffhq","Cleaned_FFHQ_Dataset_50/train/5/10865.png","10865.png","5","Neutral"
"ffhq","Cleaned_FFHQ_Dataset_50/train/5/58843.png","58843.png","5","Neutral"
"ffhq","Cleaned_FFHQ_Dataset_50/train/4/40332.png","40332.png","4","Happiness"
"ffhq","Cleaned_FFHQ_Dataset_50/train/4/28527.png","28527.png","4","Happiness"
"ffhq","Cleaned_FFHQ_Dataset_50/train/4/54051.png","54051.png","4","Happiness"
"ffhq","Cleaned_FFHQ_Dataset_50/train/5/42709.png","42709.png","5","Neutral"
"ffhq","Cleaned_FFHQ_Dataset_50/train/4/60412.png","60412.png","4","Happiness"
"ffhq","Cleaned_FFHQ_Dataset_50/train/5/12086.png","12086.png","5","Neutral"
"ffhq","Cleaned_FFHQ_Dataset_50/train/4/15986.png","15986.png","4","Happiness"
"ffhq","Cleaned_FFHQ_Dataset_50/train/5/50424.png","50424.png","5","Neutral"
"ffhq","Cleaned_FFHQ_Dataset_50/train/5/52572.png","52572.png","5","Neutral"
"ffhq","Cleaned_FFHQ_Dataset_50/train/5/03303.png","03303.png","5","Neutral"
"ffhq","Cleaned_FFHQ_Dataset_50/train/4/29082.png","29082.png","4","Happiness"
"ffhq","Cleaned_FFHQ_Dataset_50/train/4/06842.png","06842.png","4","Happiness"
"ffhq","Cleaned_FFHQ_Dataset_50/train/5/41397.png","41397.png","5","Neutral"
"ffhq","Cleaned_FFHQ_Dataset_50/train/5/40773.png","40773.png","5","Neutral"
"ffhq","Cleaned_FFHQ_Dataset_50/train/4/39311.png","39311.png","4","Happiness"
"ffhq","Cleaned_FFHQ_Dataset_50/train/4/49288.png","49288.png","4","Happiness"
"ffhq","Cleaned_FFHQ_Dataset_50/train/4/01320.png","01320.png","4","Happiness"
"ffhq","Cleaned_FFHQ_Dataset_50/train/4/62649.png","62649.png","4","Happiness"
"ffhq","Cleaned_FFHQ_Dataset_50/train/5/35677.png","35677.png","5","Neutral"
"ffhq","Cleaned_FFHQ_Dataset_50/train/5/52712.png","52712.png","5","Neutral"
"ffhq","Cleaned_FFHQ_Dataset_50/train/5/54484.png","54484.png","5","Neutral"
"ffhq","Cleaned_FFHQ_Dataset_50/train/4/62247.png","62247.png","4","Happiness"
"ffhq","Cleaned_FFHQ_Dataset_50/train/4/13930.png","13930.png","4","Happiness"
"ffhq","Cleaned_FFHQ_Dataset_50/train/4/24578.png","24578.png","4","Happiness"
"ffhq","Cleaned_FFHQ_Dataset_50/train/4/57659.png","57659.png","4","Happiness"
"ffhq","Cleaned_FFHQ_Dataset_50/train/4/30878.png","30878.png","4","Happiness"
"ffhq","Cleaned_FFHQ_Dataset_50/train/5/32365.png","32365.png","5","Neutral"
"ffhq","Cleaned_FFHQ_Dataset_50/train/5/35119.png","35119.png","5","Neutral"
"ffhq","Cleaned_FFHQ_Dataset_50/train/5/49297.png","49297.png","5","Neutral"
"ffhq","Cleaned_FFHQ_Dataset_50/train/4/17660.png","17660.png","4","Happiness"
"ffhq","Cleaned_FFHQ_Dataset_50/train/4/34545.png","34545.png","4","Happiness"
"ffhq","Cleaned_FFHQ_Dataset_50/train/4/10118.png","10118.png","4","Happiness"
"ffhq","Cleaned_FFHQ_Dataset_50/train/4/22561.png","22561.png","4","Happiness"
"ffhq","Cleaned_FFHQ_Dataset_50/train/4/54690.png","54690.png","4","Happiness"
"ffhq","Cleaned_FFHQ_Dataset_50/train/5/08346.png","08346.png","5","Neutral"
"ffhq","Cleaned_FFHQ_Dataset_50/train/5/57252.png","57252.png","5","Neutral"
"ffhq","Cleaned_FFHQ_Dataset_50/train/4/66544.png","66544.png","4","Happiness"
"ffhq","Cleaned_FFHQ_Dataset_50/train/5/10422.png","10422.png","5","Neutral"
"ffhq","Cleaned_FFHQ_Dataset_50/train/4/63629.png","63629.png","4","Happiness"
"ffhq","Cleaned_FFHQ_Dataset_50/train/5/44425.png","44425.png","5","Neutral"
"ffhq","Cleaned_FFHQ_Dataset_50/train/4/07096.png","07096.png","4","Happiness"
"ffhq","Cleaned_FFHQ_Dataset_50/train/4/43527.png","43527.png","4","Happiness"
"ffhq","Cleaned_FFHQ_Dataset_50/train/5/19309.png","19309.png","5","Neutral"
"ffhq","Cleaned_FFHQ_Dataset_50/train/4/37285.png","37285.png","4","Happiness"
"ffhq","Cleaned_FFHQ_Dataset_50/train/5/23988.png","23988.png","5","Neutral"
"ffhq","Cleaned_FFHQ_Dataset_50/train/4/23770.png","23770.png","4","Happiness"
"ffhq","Cleaned_FFHQ_Dataset_50/train/4/60413.png","60413.png","4","Happiness"
"ffhq","Cleaned_FFHQ_Dataset_50/train/4/32654.png","32654.png","4","Happiness"
"ffhq","Cleaned_FFHQ_Dataset_50/train/4/33940.png","33940.png","4","Happiness"
"ffhq","Cleaned_FFHQ_Dataset_50/train/4/69388.png","69388.png","4","Happiness"
"ffhq","Cleaned_FFHQ_Dataset_50/train/4/02742.png","02742.png","4","Happiness"
"ffhq","Cleaned_FFHQ_Dataset_50/train/5/24178.png","24178.png","5","Neutral"
"ffhq","Cleaned_FFHQ_Dataset_50/train/4/46862.png","46862.png","4","Happiness"
"ffhq","Cleaned_FFHQ_Dataset_50/train/4/65220.png","65220.png","4","Happiness"
"ffhq","Cleaned_FFHQ_Dataset_50/train/5/68259.png","68259.png","5","Neutral"
"ffhq","Cleaned_FFHQ_Dataset_50/train/4/67838.png","67838.png","4","Happiness"
"ffhq","Cleaned_FFHQ_Dataset_50/train/5/52515.png","52515.png","5","Neutral"
"ffhq","Cleaned_FFHQ_Dataset_50/train/4/35335.png","35335.png","4","Happiness"
"ffhq","Cleaned_FFHQ_Dataset_50/train/5/16458.png","16458.png","5","Neutral"
"ffhq","Cleaned_FFHQ_Dataset_50/train/5/22369.png","22369.png","5","Neutral"
"ffhq","Cleaned_FFHQ_Dataset_50/train/5/14351.png","14351.png","5","Neutral"
"ffhq","Cleaned_FFHQ_Dataset_50/train/4/18507.png","18507.png","4","Happiness"
"ffhq","Cleaned_FFHQ_Dataset_50/train/4/69221.png","69221.png","4","Happiness"
"ffhq","Cleaned_FFHQ_Dataset_50/train/5/35960.png","35960.png","5","Neutral"
"ffhq","Cleaned_FFHQ_Dataset_50/train/4/62673.png","62673.png","4","Happiness"
"ffhq","Cleaned_FFHQ_Dataset_50/train/4/49215.png","49215.png","4","Happiness"
"ffhq","Cleaned_FFHQ_Dataset_50/train/4/33663.png","33663.png","4","Happiness"
"ffhq","Cleaned_FFHQ_Dataset_50/train/4/54602.png","54602.png","4","Happiness"
"ffhq","Cleaned_FFHQ_Dataset_50/train/5/30538.png","30538.png","5","Neutral"
"ffhq","Cleaned_FFHQ_Dataset_50/train/4/27331.png","27331.png","4","Happiness"
"ffhq","Cleaned_FFHQ_Dataset_50/train/4/63426.png","63426.png","4","Happiness"
"ffhq","Cleaned_FFHQ_Dataset_50/train/4/20209.png","20209.png","4","Happiness"
"ffhq","Cleaned_FFHQ_Dataset_50/train/5/03281.png","03281.png","5","Neutral"
"ffhq","Cleaned_FFHQ_Dataset_50/train/5/00039.png","00039.png","5","Neutral"
"ffhq","Cleaned_FFHQ_Dataset_50/train/5/65035.png","65035.png","5","Neutral"
"ffhq","Cleaned_FFHQ_Dataset_50/train/5/39814.png","39814.png","5","Neutral"
"ffhq","Cleaned_FFHQ_Dataset_50/train/5/58720.png","58720.png","5","Neutral"
"ffhq","Cleaned_FFHQ_Dataset_50/train/4/31942.png","31942.png","4","Happiness"
"ffhq","Cleaned_FFHQ_Dataset_50/train/4/69829.png","69829.png","4","Happiness"
"ffhq","Cleaned_FFHQ_Dataset_50/train/4/07382.png","07382.png","4","Happiness"
"ffhq","Cleaned_FFHQ_Dataset_50/train/5/27222.png","27222.png","5","Neutral"
"ffhq","Cleaned_FFHQ_Dataset_50/train/5/55131.png","55131.png","5","Neutral"
"ffhq","Cleaned_FFHQ_Dataset_50/train/5/58133.png","58133.png","5","Neutral"
"ffhq","Cleaned_FFHQ_Dataset_50/train/5/33135.png","33135.png","5","Neutral"
"ffhq","Cleaned_FFHQ_Dataset_50/train/5/21643.png","21643.png","5","Neutral"
"ffhq","Cleaned_FFHQ_Dataset_50/train/5/58783.png","58783.png","5","Neutral"
"ffhq","Cleaned_FFHQ_Dataset_50/train/5/42884.png","42884.png","5","Neutral"
"ffhq","Cleaned_FFHQ_Dataset_50/train/4/17281.png","17281.png","4","Happiness"
"ffhq","Cleaned_FFHQ_Dataset_50/train/5/16056.png","16056.png","5","Neutral"
"ffhq","Cleaned_FFHQ_Dataset_50/train/5/40712.png","40712.png","5","Neutral"
"ffhq","Cleaned_FFHQ_Dataset_50/train/5/31121.png","31121.png","5","Neutral"
"ffhq","Cleaned_FFHQ_Dataset_50/train/4/11067.png","11067.png","4","Happiness"
"ffhq","Cleaned_FFHQ_Dataset_50/train/4/20373.png","20373.png","4","Happiness"
"ffhq","Cleaned_FFHQ_Dataset_50/train/5/01840.png","01840.png","5","Neutral"
"ffhq","Cleaned_FFHQ_Dataset_50/train/4/02635.png","02635.png","4","Happiness"
"ffhq","Cleaned_FFHQ_Dataset_50/train/5/21268.png","21268.png","5","Neutral"
"ffhq","Cleaned_FFHQ_Dataset_50/train/4/09791.png","09791.png","4","Happiness"
"ffhq","Cleaned_FFHQ_Dataset_50/train/4/06175.png","06175.png","4","Happiness"
"ffhq","Cleaned_FFHQ_Dataset_50/train/5/01111.png","01111.png","5","Neutral"
"ffhq","Cleaned_FFHQ_Dataset_50/train/4/58556.png","58556.png","4","Happiness"
"ffhq","Cleaned_FFHQ_Dataset_50/train/5/15828.png","15828.png","5","Neutral"
"ffhq","Cleaned_FFHQ_Dataset_50/train/4/14952.png","14952.png","4","Happiness"
"ffhq","Cleaned_FFHQ_Dataset_50/train/4/47656.png","47656.png","4","Happiness"
"ffhq","Cleaned_FFHQ_Dataset_50/train/4/54982.png","54982.png","4","Happiness"
"ffhq","Cleaned_FFHQ_Dataset_50/train/5/07574.png","07574.png","5","Neutral"
"ffhq","Cleaned_FFHQ_Dataset_50/train/4/11334.png","11334.png","4","Happiness"
"ffhq","Cleaned_FFHQ_Dataset_50/train/4/41271.png","41271.png","4","Happiness"
"ffhq","Cleaned_FFHQ_Dataset_50/train/6/64860.png","64860.png","6","Sadness"
"ffhq","Cleaned_FFHQ_Dataset_50/train/5/34113.png","34113.png","5","Neutral"
"ffhq","Cleaned_FFHQ_Dataset_50/train/4/56862.png","56862.png","4","Happiness"
"ffhq","Cleaned_FFHQ_Dataset_50/train/4/49986.png","49986.png","4","Happiness"
"ffhq","Cleaned_FFHQ_Dataset_50/train/5/21008.png","21008.png","5","Neutral"
"ffhq","Cleaned_FFHQ_Dataset_50/train/4/12947.png","12947.png","4","Happiness"
"ffhq","Cleaned_FFHQ_Dataset_50/train/4/19264.png","19264.png","4","Happiness"
"ffhq","Cleaned_FFHQ_Dataset_50/train/4/27809.png","27809.png","4","Happiness"
"ffhq","Cleaned_FFHQ_Dataset_50/train/4/37498.png","37498.png","4","Happiness"
"ffhq","Cleaned_FFHQ_Dataset_50/train/5/40051.png","40051.png","5","Neutral"
"ffhq","Cleaned_FFHQ_Dataset_50/train/5/61065.png","61065.png","5","Neutral"
"ffhq","Cleaned_FFHQ_Dataset_50/train/4/42913.png","42913.png","4","Happiness"
"ffhq","Cleaned_FFHQ_Dataset_50/train/4/61061.png","61061.png","4","Happiness"
"ffhq","Cleaned_FFHQ_Dataset_50/train/5/44195.png","44195.png","5","Neutral"
"ffhq","Cleaned_FFHQ_Dataset_50/train/5/06084.png","06084.png","5","Neutral"
"ffhq","Cleaned_FFHQ_Dataset_50/train/5/56161.png","56161.png","5","Neutral"
"ffhq","Cleaned_FFHQ_Dataset_50/train/4/01764.png","01764.png","4","Happiness"
"ffhq","Cleaned_FFHQ_Dataset_50/train/5/22198.png","22198.png","5","Neutral"
"ffhq","Cleaned_FFHQ_Dataset_50/train/5/01727.png","01727.png","5","Neutral"
"ffhq","Cleaned_FFHQ_Dataset_50/train/4/35307.png","35307.png","4","Happiness"
"ffhq","Cleaned_FFHQ_Dataset_50/train/4/60032.png","60032.png","4","Happiness"
"ffhq","Cleaned_FFHQ_Dataset_50/train/5/60381.png","60381.png","5","Neutral"
"ffhq","Cleaned_FFHQ_Dataset_50/train/3/15129.png","15129.png","3","Fear"
"ffhq","Cleaned_FFHQ_Dataset_50/train/4/03039.png","03039.png","4","Happiness"
"ffhq","Cleaned_FFHQ_Dataset_50/train/4/47094.png","47094.png","4","Happiness"
"ffhq","Cleaned_FFHQ_Dataset_50/train/5/57744.png","57744.png","5","Neutral"
"ffhq","Cleaned_FFHQ_Dataset_50/train/5/08316.png","08316.png","5","Neutral"
"ffhq","Cleaned_FFHQ_Dataset_50/train/6/55585.png","55585.png","6","Sadness"
"ffhq","Cleaned_FFHQ_Dataset_50/train/5/16613.png","16613.png","5","Neutral"
"ffhq","Cleaned_FFHQ_Dataset_50/train/4/09428.png","09428.png","4","Happiness"
"ffhq","Cleaned_FFHQ_Dataset_50/train/4/49059.png","49059.png","4","Happiness"
"ffhq","Cleaned_FFHQ_Dataset_50/train/5/64750.png","64750.png","5","Neutral"
"ffhq","Cleaned_FFHQ_Dataset_50/train/1/09070.png","09070.png","1","Contempt"
"ffhq","Cleaned_FFHQ_Dataset_50/train/5/00850.png","00850.png","5","Neutral"
"ffhq","Cleaned_FFHQ_Dataset_50/train/4/44760.png","44760.png","4","Happiness"
"ffhq","Cleaned_FFHQ_Dataset_50/train/5/20126.png","20126.png","5","Neutral"
"ffhq","Cleaned_FFHQ_Dataset_50/train/5/64412.png","64412.png","5","Neutral"
"ffhq","Cleaned_FFHQ_Dataset_50/train/5/22494.png","22494.png","5","Neutral"
"ffhq","Cleaned_FFHQ_Dataset_50/train/5/02174.png","02174.png","5","Neutral"
"ffhq","Cleaned_FFHQ_Dataset_50/train/5/45326.png","45326.png","5","Neutral"
"ffhq","Cleaned_FFHQ_Dataset_50/train/4/60695.png","60695.png","4","Happiness"
"ffhq","Cleaned_FFHQ_Dataset_50/train/5/42812.png","42812.png","5","Neutral"
"ffhq","Cleaned_FFHQ_Dataset_50/train/4/35144.png","35144.png","4","Happiness"
"ffhq","Cleaned_FFHQ_Dataset_50/train/5/55179.png","55179.png","5","Neutral"
"ffhq","Cleaned_FFHQ_Dataset_50/train/4/22170.png","22170.png","4","Happiness"
"ffhq","Cleaned_FFHQ_Dataset_50/train/4/07630.png","07630.png","4","Happiness"
"ffhq","Cleaned_FFHQ_Dataset_50/train/4/52438.png","52438.png","4","Happiness"
"ffhq","Cleaned_FFHQ_Dataset_50/train/4/49382.png","49382.png","4","Happiness"
"ffhq","Cleaned_FFHQ_Dataset_50/train/4/43414.png","43414.png","4","Happiness"
"ffhq","Cleaned_FFHQ_Dataset_50/train/5/67168.png","67168.png","5","Neutral"
"ffhq","Cleaned_FFHQ_Dataset_50/train/4/16694.png","16694.png","4","Happiness"
"ffhq","Cleaned_FFHQ_Dataset_50/train/5/41245.png","41245.png","5","Neutral"
"ffhq","Cleaned_FFHQ_Dataset_50/train/4/54046.png","54046.png","4","Happiness"
"ffhq","Cleaned_FFHQ_Dataset_50/train/5/61142.png","61142.png","5","Neutral"
"ffhq","Cleaned_FFHQ_Dataset_50/train/5/03407.png","03407.png","5","Neutral"
"ffhq","Cleaned_FFHQ_Dataset_50/train/4/26338.png","26338.png","4","Happiness"
"ffhq","Cleaned_FFHQ_Dataset_50/train/4/61780.png","61780.png","4","Happiness"
"ffhq","Cleaned_FFHQ_Dataset_50/train/4/51086.png","51086.png","4","Happiness"
"ffhq","Cleaned_FFHQ_Dataset_50/train/5/50217.png","50217.png","5","Neutral"
"ffhq","Cleaned_FFHQ_Dataset_50/train/4/39992.png","39992.png","4","Happiness"
"ffhq","Cleaned_FFHQ_Dataset_50/train/4/19425.png","19425.png","4","Happiness"
"ffhq","Cleaned_FFHQ_Dataset_50/train/4/31310.png","31310.png","4","Happiness"
"ffhq","Cleaned_FFHQ_Dataset_50/train/4/57091.png","57091.png","4","Happiness"
"ffhq","Cleaned_FFHQ_Dataset_50/train/4/17583.png","17583.png","4","Happiness"
"ffhq","Cleaned_FFHQ_Dataset_50/train/4/21358.png","21358.png","4","Happiness"
"ffhq","Cleaned_FFHQ_Dataset_50/train/5/30063.png","30063.png","5","Neutral"
"ffhq","Cleaned_FFHQ_Dataset_50/train/5/18446.png","18446.png","5","Neutral"
"ffhq","Cleaned_FFHQ_Dataset_50/train/4/49405.png","49405.png","4","Happiness"
"ffhq","Cleaned_FFHQ_Dataset_50/train/5/57730.png","57730.png","5","Neutral"
"ffhq","Cleaned_FFHQ_Dataset_50/train/4/31189.png","31189.png","4","Happiness"
"ffhq","Cleaned_FFHQ_Dataset_50/train/4/28795.png","28795.png","4","Happiness"
"ffhq","Cleaned_FFHQ_Dataset_50/train/5/28685.png","28685.png","5","Neutral"
"ffhq","Cleaned_FFHQ_Dataset_50/train/5/34956.png","34956.png","5","Neutral"
"ffhq","Cleaned_FFHQ_Dataset_50/train/5/60458.png","60458.png","5","Neutral"
"ffhq","Cleaned_FFHQ_Dataset_50/train/4/34793.png","34793.png","4","Happiness"
"ffhq","Cleaned_FFHQ_Dataset_50/train/4/11749.png","11749.png","4","Happiness"
"ffhq","Cleaned_FFHQ_Dataset_50/train/7/66525.png","66525.png","7","Surprise"
"ffhq","Cleaned_FFHQ_Dataset_50/train/4/10510.png","10510.png","4","Happiness"
"ffhq","Cleaned_FFHQ_Dataset_50/train/5/52168.png","52168.png","5","Neutral"
"ffhq","Cleaned_FFHQ_Dataset_50/train/5/44721.png","44721.png","5","Neutral"
"ffhq","Cleaned_FFHQ_Dataset_50/train/5/17540.png","17540.png","5","Neutral"
"ffhq","Cleaned_FFHQ_Dataset_50/train/5/14632.png","14632.png","5","Neutral"
"ffhq","Cleaned_FFHQ_Dataset_50/train/4/35115.png","35115.png","4","Happiness"
"ffhq","Cleaned_FFHQ_Dataset_50/train/4/53481.png","53481.png","4","Happiness"
"ffhq","Cleaned_FFHQ_Dataset_50/train/5/08494.png","08494.png","5","Neutral"
"ffhq","Cleaned_FFHQ_Dataset_50/train/5/31218.png","31218.png","5","Neutral"
"ffhq","Cleaned_FFHQ_Dataset_50/train/5/26475.png","26475.png","5","Neutral"
"ffhq","Cleaned_FFHQ_Dataset_50/train/4/65527.png","65527.png","4","Happiness"
"ffhq","Cleaned_FFHQ_Dataset_50/train/5/07302.png","07302.png","5","Neutral"
"ffhq","Cleaned_FFHQ_Dataset_50/train/4/33776.png","33776.png","4","Happiness"
"ffhq","Cleaned_FFHQ_Dataset_50/train/5/33731.png","33731.png","5","Neutral"
"ffhq","Cleaned_FFHQ_Dataset_50/train/5/36842.png","36842.png","5","Neutral"
"ffhq","Cleaned_FFHQ_Dataset_50/train/4/63687.png","63687.png","4","Happiness"
"ffhq","Cleaned_FFHQ_Dataset_50/train/4/18093.png","18093.png","4","Happiness"
"ffhq","Cleaned_FFHQ_Dataset_50/train/4/31706.png","31706.png","4","Happiness"
"ffhq","Cleaned_FFHQ_Dataset_50/train/5/58137.png","58137.png","5","Neutral"
"ffhq","Cleaned_FFHQ_Dataset_50/train/4/33134.png","33134.png","4","Happiness"
"ffhq","Cleaned_FFHQ_Dataset_50/train/4/42911.png","42911.png","4","Happiness"
"ffhq","Cleaned_FFHQ_Dataset_50/train/4/32437.png","32437.png","4","Happiness"
"ffhq","Cleaned_FFHQ_Dataset_50/train/4/07693.png","07693.png","4","Happiness"
"ffhq","Cleaned_FFHQ_Dataset_50/train/5/57632.png","57632.png","5","Neutral"
"ffhq","Cleaned_FFHQ_Dataset_50/train/5/60512.png","60512.png","5","Neutral"
"ffhq","Cleaned_FFHQ_Dataset_50/train/5/50509.png","50509.png","5","Neutral"
"ffhq","Cleaned_FFHQ_Dataset_50/train/5/58259.png","58259.png","5","Neutral"
"ffhq","Cleaned_FFHQ_Dataset_50/train/5/44346.png","44346.png","5","Neutral"
"ffhq","Cleaned_FFHQ_Dataset_50/train/4/65147.png","65147.png","4","Happiness"
"ffhq","Cleaned_FFHQ_Dataset_50/train/5/57539.png","57539.png","5","Neutral"
"ffhq","Cleaned_FFHQ_Dataset_50/train/4/04829.png","04829.png","4","Happiness"
"ffhq","Cleaned_FFHQ_Dataset_50/train/4/41312.png","41312.png","4","Happiness"
"ffhq","Cleaned_FFHQ_Dataset_50/train/5/16947.png","16947.png","5","Neutral"
"ffhq","Cleaned_FFHQ_Dataset_50/train/4/57899.png","57899.png","4","Happiness"
"ffhq","Cleaned_FFHQ_Dataset_50/train/5/34202.png","34202.png","5","Neutral"
"ffhq","Cleaned_FFHQ_Dataset_50/train/4/45692.png","45692.png","4","Happiness"
"ffhq","Cleaned_FFHQ_Dataset_50/train/5/15063.png","15063.png","5","Neutral"
"ffhq","Cleaned_FFHQ_Dataset_50/train/5/35795.png","35795.png","5","Neutral"
"ffhq","Cleaned_FFHQ_Dataset_50/train/4/00525.png","00525.png","4","Happiness"
"ffhq","Cleaned_FFHQ_Dataset_50/train/4/10288.png","10288.png","4","Happiness"
"ffhq","Cleaned_FFHQ_Dataset_50/train/4/43268.png","43268.png","4","Happiness"
"ffhq","Cleaned_FFHQ_Dataset_50/train/4/16726.png","16726.png","4","Happiness"
"ffhq","Cleaned_FFHQ_Dataset_50/train/4/51917.png","51917.png","4","Happiness"
"ffhq","Cleaned_FFHQ_Dataset_50/train/4/63388.png","63388.png","4","Happiness"
"ffhq","Cleaned_FFHQ_Dataset_50/train/4/45279.png","45279.png","4","Happiness"
"ffhq","Cleaned_FFHQ_Dataset_50/train/6/47780.png","47780.png","6","Sadness"
"ffhq","Cleaned_FFHQ_Dataset_50/train/5/57483.png","57483.png","5","Neutral"
"ffhq","Cleaned_FFHQ_Dataset_50/train/5/41136.png","41136.png","5","Neutral"
"ffhq","Cleaned_FFHQ_Dataset_50/train/4/29351.png","29351.png","4","Happiness"
"ffhq","Cleaned_FFHQ_Dataset_50/train/5/39599.png","39599.png","5","Neutral"
"ffhq","Cleaned_FFHQ_Dataset_50/train/4/47075.png","47075.png","4","Happiness"
"ffhq","Cleaned_FFHQ_Dataset_50/train/5/60195.png","60195.png","5","Neutral"
"ffhq","Cleaned_FFHQ_Dataset_50/train/5/53782.png","53782.png","5","Neutral"
"ffhq","Cleaned_FFHQ_Dataset_50/train/4/48633.png","48633.png","4","Happiness"
"ffhq","Cleaned_FFHQ_Dataset_50/train/4/17805.png","17805.png","4","Happiness"
"ffhq","Cleaned_FFHQ_Dataset_50/train/4/37680.png","37680.png","4","Happiness"
"ffhq","Cleaned_FFHQ_Dataset_50/train/5/05264.png","05264.png","5","Neutral"
"ffhq","Cleaned_FFHQ_Dataset_50/train/4/56479.png","56479.png","4","Happiness"
"ffhq","Cleaned_FFHQ_Dataset_50/train/5/60026.png","60026.png","5","Neutral"
"ffhq","Cleaned_FFHQ_Dataset_50/train/4/22073.png","22073.png","4","Happiness"
"ffhq","Cleaned_FFHQ_Dataset_50/train/4/31999.png","31999.png","4","Happiness"
"ffhq","Cleaned_FFHQ_Dataset_50/train/5/61540.png","61540.png","5","Neutral"
"ffhq","Cleaned_FFHQ_Dataset_50/train/5/02855.png","02855.png","5","Neutral"
"ffhq","Cleaned_FFHQ_Dataset_50/train/4/15816.png","15816.png","4","Happiness"
"ffhq","Cleaned_FFHQ_Dataset_50/train/5/02275.png","02275.png","5","Neutral"
"ffhq","Cleaned_FFHQ_Dataset_50/train/5/08182.png","08182.png","5","Neutral"
"ffhq","Cleaned_FFHQ_Dataset_50/train/4/17200.png","17200.png","4","Happiness"
"ffhq","Cleaned_FFHQ_Dataset_50/train/4/36526.png","36526.png","4","Happiness"
"ffhq","Cleaned_FFHQ_Dataset_50/train/5/62319.png","62319.png","5","Neutral"
"ffhq","Cleaned_FFHQ_Dataset_50/train/4/44368.png","44368.png","4","Happiness"
"ffhq","Cleaned_FFHQ_Dataset_50/train/5/60820.png","60820.png","5","Neutral"
"ffhq","Cleaned_FFHQ_Dataset_50/train/5/38961.png","38961.png","5","Neutral"
"ffhq","Cleaned_FFHQ_Dataset_50/train/6/07517.png","07517.png","6","Sadness"
"ffhq","Cleaned_FFHQ_Dataset_50/train/4/24363.png","24363.png","4","Happiness"
"ffhq","Cleaned_FFHQ_Dataset_50/train/4/28548.png","28548.png","4","Happiness"
"ffhq","Cleaned_FFHQ_Dataset_50/train/4/56618.png","56618.png","4","Happiness"
"ffhq","Cleaned_FFHQ_Dataset_50/train/5/35110.png","35110.png","5","Neutral"
"ffhq","Cleaned_FFHQ_Dataset_50/train/4/52527.png","52527.png","4","Happiness"
"ffhq","Cleaned_FFHQ_Dataset_50/train/5/59067.png","59067.png","5","Neutral"
"ffhq","Cleaned_FFHQ_Dataset_50/train/5/32467.png","32467.png","5","Neutral"
"ffhq","Cleaned_FFHQ_Dataset_50/train/4/02548.png","02548.png","4","Happiness"
"ffhq","Cleaned_FFHQ_Dataset_50/train/5/48014.png","48014.png","5","Neutral"
"ffhq","Cleaned_FFHQ_Dataset_50/train/5/17974.png","17974.png","5","Neutral"
"ffhq","Cleaned_FFHQ_Dataset_50/train/4/55151.png","55151.png","4","Happiness"
"ffhq","Cleaned_FFHQ_Dataset_50/train/5/22578.png","22578.png","5","Neutral"
"ffhq","Cleaned_FFHQ_Dataset_50/train/5/13842.png","13842.png","5","Neutral"
"ffhq","Cleaned_FFHQ_Dataset_50/train/5/07949.png","07949.png","5","Neutral"
"ffhq","Cleaned_FFHQ_Dataset_50/train/5/66219.png","66219.png","5","Neutral"
"ffhq","Cleaned_FFHQ_Dataset_50/train/5/37221.png","37221.png","5","Neutral"
"ffhq","Cleaned_FFHQ_Dataset_50/train/5/41781.png","41781.png","5","Neutral"
"ffhq","Cleaned_FFHQ_Dataset_50/train/4/39333.png","39333.png","4","Happiness"
"ffhq","Cleaned_FFHQ_Dataset_50/train/4/69781.png","69781.png","4","Happiness"
"ffhq","Cleaned_FFHQ_Dataset_50/train/5/68551.png","68551.png","5","Neutral"
"ffhq","Cleaned_FFHQ_Dataset_50/train/5/68109.png","68109.png","5","Neutral"
"ffhq","Cleaned_FFHQ_Dataset_50/train/4/40390.png","40390.png","4","Happiness"
"ffhq","Cleaned_FFHQ_Dataset_50/train/4/42500.png","42500.png","4","Happiness"
"ffhq","Cleaned_FFHQ_Dataset_50/train/4/25712.png","25712.png","4","Happiness"
"ffhq","Cleaned_FFHQ_Dataset_50/train/4/45321.png","45321.png","4","Happiness"
"ffhq","Cleaned_FFHQ_Dataset_50/train/4/01713.png","01713.png","4","Happiness"
"ffhq","Cleaned_FFHQ_Dataset_50/train/4/65473.png","65473.png","4","Happiness"
"ffhq","Cleaned_FFHQ_Dataset_50/train/4/10302.png","10302.png","4","Happiness"
"ffhq","Cleaned_FFHQ_Dataset_50/train/4/32726.png","32726.png","4","Happiness"
"ffhq","Cleaned_FFHQ_Dataset_50/train/4/11131.png","11131.png","4","Happiness"
"ffhq","Cleaned_FFHQ_Dataset_50/train/5/14571.png","14571.png","5","Neutral"
"ffhq","Cleaned_FFHQ_Dataset_50/train/4/66963.png","66963.png","4","Happiness"
"ffhq","Cleaned_FFHQ_Dataset_50/train/4/21377.png","21377.png","4","Happiness"
"ffhq","Cleaned_FFHQ_Dataset_50/train/5/13631.png","13631.png","5","Neutral"
"ffhq","Cleaned_FFHQ_Dataset_50/train/5/63785.png","63785.png","5","Neutral"
"ffhq","Cleaned_FFHQ_Dataset_50/train/4/04218.png","04218.png","4","Happiness"
"ffhq","Cleaned_FFHQ_Dataset_50/train/5/66455.png","66455.png","5","Neutral"
"ffhq","Cleaned_FFHQ_Dataset_50/train/5/59992.png","59992.png","5","Neutral"
"ffhq","Cleaned_FFHQ_Dataset_50/train/4/49917.png","49917.png","4","Happiness"
"ffhq","Cleaned_FFHQ_Dataset_50/train/4/18489.png","18489.png","4","Happiness"
"ffhq","Cleaned_FFHQ_Dataset_50/train/5/39649.png","39649.png","5","Neutral"
"ffhq","Cleaned_FFHQ_Dataset_50/train/5/49347.png","49347.png","5","Neutral"
"ffhq","Cleaned_FFHQ_Dataset_50/train/4/24213.png","24213.png","4","Happiness"
"ffhq","Cleaned_FFHQ_Dataset_50/train/4/11237.png","11237.png","4","Happiness"
"ffhq","Cleaned_FFHQ_Dataset_50/train/5/62164.png","62164.png","5","Neutral"
"ffhq","Cleaned_FFHQ_Dataset_50/train/5/20120.png","20120.png","5","Neutral"
"ffhq","Cleaned_FFHQ_Dataset_50/train/4/28238.png","28238.png","4","Happiness"
"ffhq","Cleaned_FFHQ_Dataset_50/train/5/26865.png","26865.png","5","Neutral"
"ffhq","Cleaned_FFHQ_Dataset_50/train/4/45156.png","45156.png","4","Happiness"
"ffhq","Cleaned_FFHQ_Dataset_50/train/5/01312.png","01312.png","5","Neutral"
"ffhq","Cleaned_FFHQ_Dataset_50/train/4/40116.png","40116.png","4","Happiness"
"ffhq","Cleaned_FFHQ_Dataset_50/train/4/48378.png","48378.png","4","Happiness"
"ffhq","Cleaned_FFHQ_Dataset_50/train/4/36933.png","36933.png","4","Happiness"
"ffhq","Cleaned_FFHQ_Dataset_50/train/4/05222.png","05222.png","4","Happiness"
"ffhq","Cleaned_FFHQ_Dataset_50/train/4/26325.png","26325.png","4","Happiness"
"ffhq","Cleaned_FFHQ_Dataset_50/train/5/60507.png","60507.png","5","Neutral"
"ffhq","Cleaned_FFHQ_Dataset_50/train/4/27919.png","27919.png","4","Happiness"
"ffhq","Cleaned_FFHQ_Dataset_50/train/4/06679.png","06679.png","4","Happiness"
"ffhq","Cleaned_FFHQ_Dataset_50/train/5/08558.png","08558.png","5","Neutral"
"ffhq","Cleaned_FFHQ_Dataset_50/train/5/10557.png","10557.png","5","Neutral"
"ffhq","Cleaned_FFHQ_Dataset_50/train/5/43435.png","43435.png","5","Neutral"
"ffhq","Cleaned_FFHQ_Dataset_50/train/5/13603.png","13603.png","5","Neutral"
"ffhq","Cleaned_FFHQ_Dataset_50/train/2/14338.png","14338.png","2","Disgust"
"ffhq","Cleaned_FFHQ_Dataset_50/train/4/17782.png","17782.png","4","Happiness"
"ffhq","Cleaned_FFHQ_Dataset_50/train/4/21462.png","21462.png","4","Happiness"
"ffhq","Cleaned_FFHQ_Dataset_50/train/4/16911.png","16911.png","4","Happiness"
"ffhq","Cleaned_FFHQ_Dataset_50/train/5/65902.png","65902.png","5","Neutral"
"ffhq","Cleaned_FFHQ_Dataset_50/train/4/36726.png","36726.png","4","Happiness"
"ffhq","Cleaned_FFHQ_Dataset_50/train/4/12968.png","12968.png","4","Happiness"
"ffhq","Cleaned_FFHQ_Dataset_50/train/4/38936.png","38936.png","4","Happiness"
"ffhq","Cleaned_FFHQ_Dataset_50/train/5/43635.png","43635.png","5","Neutral"
"ffhq","Cleaned_FFHQ_Dataset_50/train/5/55479.png","55479.png","5","Neutral"
"ffhq","Cleaned_FFHQ_Dataset_50/train/4/62322.png","62322.png","4","Happiness"
"ffhq","Cleaned_FFHQ_Dataset_50/train/4/38423.png","38423.png","4","Happiness"
"ffhq","Cleaned_FFHQ_Dataset_50/train/4/01445.png","01445.png","4","Happiness"
"ffhq","Cleaned_FFHQ_Dataset_50/train/5/42268.png","42268.png","5","Neutral"
"ffhq","Cleaned_FFHQ_Dataset_50/train/5/41850.png","41850.png","5","Neutral"
"ffhq","Cleaned_FFHQ_Dataset_50/train/4/55736.png","55736.png","4","Happiness"
"ffhq","Cleaned_FFHQ_Dataset_50/train/4/38979.png","38979.png","4","Happiness"
"ffhq","Cleaned_FFHQ_Dataset_50/train/4/31161.png","31161.png","4","Happiness"
"ffhq","Cleaned_FFHQ_Dataset_50/train/4/60080.png","60080.png","4","Happiness"
"ffhq","Cleaned_FFHQ_Dataset_50/train/5/28635.png","28635.png","5","Neutral"
"ffhq","Cleaned_FFHQ_Dataset_50/train/4/12549.png","12549.png","4","Happiness"
"ffhq","Cleaned_FFHQ_Dataset_50/train/5/61189.png","61189.png","5","Neutral"
"ffhq","Cleaned_FFHQ_Dataset_50/train/4/28958.png","28958.png","4","Happiness"
"ffhq","Cleaned_FFHQ_Dataset_50/train/4/62127.png","62127.png","4","Happiness"
"ffhq","Cleaned_FFHQ_Dataset_50/train/4/14801.png","14801.png","4","Happiness"
"ffhq","Cleaned_FFHQ_Dataset_50/train/4/23293.png","23293.png","4","Happiness"
"ffhq","Cleaned_FFHQ_Dataset_50/train/4/01172.png","01172.png","4","Happiness"
"ffhq","Cleaned_FFHQ_Dataset_50/train/5/41067.png","41067.png","5","Neutral"
"ffhq","Cleaned_FFHQ_Dataset_50/train/4/21322.png","21322.png","4","Happiness"
"ffhq","Cleaned_FFHQ_Dataset_50/train/4/32323.png","32323.png","4","Happiness"
"ffhq","Cleaned_FFHQ_Dataset_50/train/5/14536.png","14536.png","5","Neutral"
"ffhq","Cleaned_FFHQ_Dataset_50/train/5/56014.png","56014.png","5","Neutral"
"ffhq","Cleaned_FFHQ_Dataset_50/train/4/57375.png","57375.png","4","Happiness"
"ffhq","Cleaned_FFHQ_Dataset_50/train/4/50190.png","50190.png","4","Happiness"
"ffhq","Cleaned_FFHQ_Dataset_50/train/4/18663.png","18663.png","4","Happiness"
"ffhq","Cleaned_FFHQ_Dataset_50/train/5/59465.png","59465.png","5","Neutral"
"ffhq","Cleaned_FFHQ_Dataset_50/train/4/20784.png","20784.png","4","Happiness"
"ffhq","Cleaned_FFHQ_Dataset_50/train/4/33872.png","33872.png","4","Happiness"
"ffhq","Cleaned_FFHQ_Dataset_50/train/4/27613.png","27613.png","4","Happiness"
"ffhq","Cleaned_FFHQ_Dataset_50/train/5/51189.png","51189.png","5","Neutral"
"ffhq","Cleaned_FFHQ_Dataset_50/train/5/36568.png","36568.png","5","Neutral"
"ffhq","Cleaned_FFHQ_Dataset_50/train/4/17725.png","17725.png","4","Happiness"
"ffhq","Cleaned_FFHQ_Dataset_50/train/6/28425.png","28425.png","6","Sadness"
"ffhq","Cleaned_FFHQ_Dataset_50/train/4/31485.png","31485.png","4","Happiness"
"ffhq","Cleaned_FFHQ_Dataset_50/train/5/58485.png","58485.png","5","Neutral"
"ffhq","Cleaned_FFHQ_Dataset_50/train/4/44774.png","44774.png","4","Happiness"
"ffhq","Cleaned_FFHQ_Dataset_50/train/4/31292.png","31292.png","4","Happiness"
"ffhq","Cleaned_FFHQ_Dataset_50/train/4/47563.png","47563.png","4","Happiness"
"ffhq","Cleaned_FFHQ_Dataset_50/train/4/45124.png","45124.png","4","Happiness"
"ffhq","Cleaned_FFHQ_Dataset_50/train/5/22269.png","22269.png","5","Neutral"
"ffhq","Cleaned_FFHQ_Dataset_50/train/4/09782.png","09782.png","4","Happiness"
"ffhq","Cleaned_FFHQ_Dataset_50/train/5/62877.png","62877.png","5","Neutral"
"ffhq","Cleaned_FFHQ_Dataset_50/train/4/02436.png","02436.png","4","Happiness"
"ffhq","Cleaned_FFHQ_Dataset_50/train/5/59793.png","59793.png","5","Neutral"
"ffhq","Cleaned_FFHQ_Dataset_50/train/5/49812.png","49812.png","5","Neutral"
"ffhq","Cleaned_FFHQ_Dataset_50/train/4/01474.png","01474.png","4","Happiness"
"ffhq","Cleaned_FFHQ_Dataset_50/train/5/54278.png","54278.png","5","Neutral"
"ffhq","Cleaned_FFHQ_Dataset_50/train/5/62093.png","62093.png","5","Neutral"
"ffhq","Cleaned_FFHQ_Dataset_50/train/4/30568.png","30568.png","4","Happiness"
"ffhq","Cleaned_FFHQ_Dataset_50/train/4/14854.png","14854.png","4","Happiness"
"ffhq","Cleaned_FFHQ_Dataset_50/train/4/27250.png","27250.png","4","Happiness"
"ffhq","Cleaned_FFHQ_Dataset_50/train/5/34156.png","34156.png","5","Neutral"
"ffhq","Cleaned_FFHQ_Dataset_50/train/5/29585.png","29585.png","5","Neutral"
"ffhq","Cleaned_FFHQ_Dataset_50/train/5/10298.png","10298.png","5","Neutral"
"ffhq","Cleaned_FFHQ_Dataset_50/train/4/51386.png","51386.png","4","Happiness"
"ffhq","Cleaned_FFHQ_Dataset_50/train/4/65244.png","65244.png","4","Happiness"
"ffhq","Cleaned_FFHQ_Dataset_50/train/4/14659.png","14659.png","4","Happiness"
"ffhq","Cleaned_FFHQ_Dataset_50/train/5/20995.png","20995.png","5","Neutral"
"ffhq","Cleaned_FFHQ_Dataset_50/train/5/28956.png","28956.png","5","Neutral"
"ffhq","Cleaned_FFHQ_Dataset_50/train/4/66650.png","66650.png","4","Happiness"
"ffhq","Cleaned_FFHQ_Dataset_50/train/5/33735.png","33735.png","5","Neutral"
"ffhq","Cleaned_FFHQ_Dataset_50/train/5/09263.png","09263.png","5","Neutral"
"ffhq","Cleaned_FFHQ_Dataset_50/train/4/65594.png","65594.png","4","Happiness"
"ffhq","Cleaned_FFHQ_Dataset_50/train/5/42427.png","42427.png","5","Neutral"
"ffhq","Cleaned_FFHQ_Dataset_50/train/5/19956.png","19956.png","5","Neutral"
"ffhq","Cleaned_FFHQ_Dataset_50/train/5/44950.png","44950.png","5","Neutral"
"ffhq","Cleaned_FFHQ_Dataset_50/train/5/13878.png","13878.png","5","Neutral"
"ffhq","Cleaned_FFHQ_Dataset_50/train/5/54880.png","54880.png","5","Neutral"
"ffhq","Cleaned_FFHQ_Dataset_50/train/4/46399.png","46399.png","4","Happiness"
"ffhq","Cleaned_FFHQ_Dataset_50/train/4/07774.png","07774.png","4","Happiness"
"ffhq","Cleaned_FFHQ_Dataset_50/train/4/24674.png","24674.png","4","Happiness"
"ffhq","Cleaned_FFHQ_Dataset_50/train/5/53668.png","53668.png","5","Neutral"
"ffhq","Cleaned_FFHQ_Dataset_50/train/4/30975.png","30975.png","4","Happiness"
"ffhq","Cleaned_FFHQ_Dataset_50/train/7/40030.png","40030.png","7","Surprise"
"ffhq","Cleaned_FFHQ_Dataset_50/train/4/22027.png","22027.png","4","Happiness"
"ffhq","Cleaned_FFHQ_Dataset_50/train/4/47575.png","47575.png","4","Happiness"
"ffhq","Cleaned_FFHQ_Dataset_50/train/5/25696.png","25696.png","5","Neutral"
"ffhq","Cleaned_FFHQ_Dataset_50/train/5/43619.png","43619.png","5","Neutral"
"ffhq","Cleaned_FFHQ_Dataset_50/train/5/01003.png","01003.png","5","Neutral"
"ffhq","Cleaned_FFHQ_Dataset_50/train/4/14565.png","14565.png","4","Happiness"
"ffhq","Cleaned_FFHQ_Dataset_50/train/4/09269.png","09269.png","4","Happiness"
"ffhq","Cleaned_FFHQ_Dataset_50/train/4/57284.png","57284.png","4","Happiness"
"ffhq","Cleaned_FFHQ_Dataset_50/train/4/69088.png","69088.png","4","Happiness"
"ffhq","Cleaned_FFHQ_Dataset_50/train/4/24706.png","24706.png","4","Happiness"
"ffhq","Cleaned_FFHQ_Dataset_50/train/4/21981.png","21981.png","4","Happiness"
"ffhq","Cleaned_FFHQ_Dataset_50/train/5/35784.png","35784.png","5","Neutral"
"ffhq","Cleaned_FFHQ_Dataset_50/train/5/35118.png","35118.png","5","Neutral"
"ffhq","Cleaned_FFHQ_Dataset_50/train/4/56420.png","56420.png","4","Happiness"
"ffhq","Cleaned_FFHQ_Dataset_50/train/5/46294.png","46294.png","5","Neutral"
"ffhq","Cleaned_FFHQ_Dataset_50/train/4/55775.png","55775.png","4","Happiness"
"ffhq","Cleaned_FFHQ_Dataset_50/train/5/63096.png","63096.png","5","Neutral"
"ffhq","Cleaned_FFHQ_Dataset_50/train/4/04277.png","04277.png","4","Happiness"
"ffhq","Cleaned_FFHQ_Dataset_50/train/5/09599.png","09599.png","5","Neutral"
"ffhq","Cleaned_FFHQ_Dataset_50/train/4/64821.png","64821.png","4","Happiness"
"ffhq","Cleaned_FFHQ_Dataset_50/train/5/64407.png","64407.png","5","Neutral"
"ffhq","Cleaned_FFHQ_Dataset_50/train/4/61459.png","61459.png","4","Happiness"
"ffhq","Cleaned_FFHQ_Dataset_50/train/4/65889.png","65889.png","4","Happiness"
"ffhq","Cleaned_FFHQ_Dataset_50/train/5/59836.png","59836.png","5","Neutral"
"ffhq","Cleaned_FFHQ_Dataset_50/train/4/40734.png","40734.png","4","Happiness"
"ffhq","Cleaned_FFHQ_Dataset_50/train/5/13621.png","13621.png","5","Neutral"
"ffhq","Cleaned_FFHQ_Dataset_50/train/5/47542.png","47542.png","5","Neutral"
"ffhq","Cleaned_FFHQ_Dataset_50/train/5/34221.png","34221.png","5","Neutral"
"ffhq","Cleaned_FFHQ_Dataset_50/train/5/25176.png","25176.png","5","Neutral"
"ffhq","Cleaned_FFHQ_Dataset_50/train/4/26879.png","26879.png","4","Happiness"
"ffhq","Cleaned_FFHQ_Dataset_50/train/5/12707.png","12707.png","5","Neutral"
"ffhq","Cleaned_FFHQ_Dataset_50/train/5/60019.png","60019.png","5","Neutral"
"ffhq","Cleaned_FFHQ_Dataset_50/train/5/58397.png","58397.png","5","Neutral"
"ffhq","Cleaned_FFHQ_Dataset_50/train/5/64959.png","64959.png","5","Neutral"
"ffhq","Cleaned_FFHQ_Dataset_50/train/5/22255.png","22255.png","5","Neutral"
"ffhq","Cleaned_FFHQ_Dataset_50/train/4/43158.png","43158.png","4","Happiness"
"ffhq","Cleaned_FFHQ_Dataset_50/train/4/38461.png","38461.png","4","Happiness"
"ffhq","Cleaned_FFHQ_Dataset_50/train/4/29308.png","29308.png","4","Happiness"
"ffhq","Cleaned_FFHQ_Dataset_50/train/5/16409.png","16409.png","5","Neutral"
"ffhq","Cleaned_FFHQ_Dataset_50/train/4/32044.png","32044.png","4","Happiness"
"ffhq","Cleaned_FFHQ_Dataset_50/train/4/66881.png","66881.png","4","Happiness"
"ffhq","Cleaned_FFHQ_Dataset_50/train/5/60930.png","60930.png","5","Neutral"
"ffhq","Cleaned_FFHQ_Dataset_50/train/4/06533.png","06533.png","4","Happiness"
"ffhq","Cleaned_FFHQ_Dataset_50/train/4/10363.png","10363.png","4","Happiness"
"ffhq","Cleaned_FFHQ_Dataset_50/train/4/31495.png","31495.png","4","Happiness"
"ffhq","Cleaned_FFHQ_Dataset_50/train/4/62752.png","62752.png","4","Happiness"
"ffhq","Cleaned_FFHQ_Dataset_50/train/5/01321.png","01321.png","5","Neutral"
"ffhq","Cleaned_FFHQ_Dataset_50/train/5/16750.png","16750.png","5","Neutral"
"ffhq","Cleaned_FFHQ_Dataset_50/train/4/48829.png","48829.png","4","Happiness"
"ffhq","Cleaned_FFHQ_Dataset_50/train/4/36515.png","36515.png","4","Happiness"
"ffhq","Cleaned_FFHQ_Dataset_50/train/5/55548.png","55548.png","5","Neutral"
"ffhq","Cleaned_FFHQ_Dataset_50/train/4/02688.png","02688.png","4","Happiness"
"ffhq","Cleaned_FFHQ_Dataset_50/train/5/10085.png","10085.png","5","Neutral"
"ffhq","Cleaned_FFHQ_Dataset_50/train/4/50750.png","50750.png","4","Happiness"
"ffhq","Cleaned_FFHQ_Dataset_50/train/4/61024.png","61024.png","4","Happiness"
"ffhq","Cleaned_FFHQ_Dataset_50/train/7/49187.png","49187.png","7","Surprise"
"ffhq","Cleaned_FFHQ_Dataset_50/train/4/22731.png","22731.png","4","Happiness"
"ffhq","Cleaned_FFHQ_Dataset_50/train/5/20552.png","20552.png","5","Neutral"
"ffhq","Cleaned_FFHQ_Dataset_50/train/5/08184.png","08184.png","5","Neutral"
"ffhq","Cleaned_FFHQ_Dataset_50/train/5/43126.png","43126.png","5","Neutral"
"ffhq","Cleaned_FFHQ_Dataset_50/train/4/40540.png","40540.png","4","Happiness"
"ffhq","Cleaned_FFHQ_Dataset_50/train/5/44084.png","44084.png","5","Neutral"
"ffhq","Cleaned_FFHQ_Dataset_50/train/4/31069.png","31069.png","4","Happiness"
"ffhq","Cleaned_FFHQ_Dataset_50/train/5/02574.png","02574.png","5","Neutral"
"ffhq","Cleaned_FFHQ_Dataset_50/train/5/25730.png","25730.png","5","Neutral"
"ffhq","Cleaned_FFHQ_Dataset_50/train/4/25679.png","25679.png","4","Happiness"
"ffhq","Cleaned_FFHQ_Dataset_50/train/4/22944.png","22944.png","4","Happiness"
"ffhq","Cleaned_FFHQ_Dataset_50/train/5/41539.png","41539.png","5","Neutral"
"ffhq","Cleaned_FFHQ_Dataset_50/train/5/31756.png","31756.png","5","Neutral"
"ffhq","Cleaned_FFHQ_Dataset_50/train/5/02305.png","02305.png","5","Neutral"
"ffhq","Cleaned_FFHQ_Dataset_50/train/4/41987.png","41987.png","4","Happiness"
"ffhq","Cleaned_FFHQ_Dataset_50/train/5/08546.png","08546.png","5","Neutral"
"ffhq","Cleaned_FFHQ_Dataset_50/train/4/24172.png","24172.png","4","Happiness"
"ffhq","Cleaned_FFHQ_Dataset_50/train/4/22114.png","22114.png","4","Happiness"
"ffhq","Cleaned_FFHQ_Dataset_50/train/4/58275.png","58275.png","4","Happiness"
"ffhq","Cleaned_FFHQ_Dataset_50/train/4/21853.png","21853.png","4","Happiness"
"ffhq","Cleaned_FFHQ_Dataset_50/train/5/24846.png","24846.png","5","Neutral"
"ffhq","Cleaned_FFHQ_Dataset_50/train/5/38834.png","38834.png","5","Neutral"
"ffhq","Cleaned_FFHQ_Dataset_50/train/5/13127.png","13127.png","5","Neutral"
"ffhq","Cleaned_FFHQ_Dataset_50/train/4/36192.png","36192.png","4","Happiness"
"ffhq","Cleaned_FFHQ_Dataset_50/train/5/15270.png","15270.png","5","Neutral"
"ffhq","Cleaned_FFHQ_Dataset_50/train/4/23870.png","23870.png","4","Happiness"
"ffhq","Cleaned_FFHQ_Dataset_50/train/5/11677.png","11677.png","5","Neutral"
"ffhq","Cleaned_FFHQ_Dataset_50/train/5/13747.png","13747.png","5","Neutral"
"ffhq","Cleaned_FFHQ_Dataset_50/train/5/28191.png","28191.png","5","Neutral"
"ffhq","Cleaned_FFHQ_Dataset_50/train/5/53734.png","53734.png","5","Neutral"
"ffhq","Cleaned_FFHQ_Dataset_50/train/4/34650.png","34650.png","4","Happiness"
"ffhq","Cleaned_FFHQ_Dataset_50/train/4/10775.png","10775.png","4","Happiness"
"ffhq","Cleaned_FFHQ_Dataset_50/train/5/04374.png","04374.png","5","Neutral"
"ffhq","Cleaned_FFHQ_Dataset_50/train/5/69225.png","69225.png","5","Neutral"
"ffhq","Cleaned_FFHQ_Dataset_50/train/5/34594.png","34594.png","5","Neutral"
"ffhq","Cleaned_FFHQ_Dataset_50/train/5/17635.png","17635.png","5","Neutral"
"ffhq","Cleaned_FFHQ_Dataset_50/train/5/47846.png","47846.png","5","Neutral"
"ffhq","Cleaned_FFHQ_Dataset_50/train/5/02675.png","02675.png","5","Neutral"
"ffhq","Cleaned_FFHQ_Dataset_50/train/4/17361.png","17361.png","4","Happiness"
"ffhq","Cleaned_FFHQ_Dataset_50/train/5/03873.png","03873.png","5","Neutral"
"ffhq","Cleaned_FFHQ_Dataset_50/train/4/07140.png","07140.png","4","Happiness"
"ffhq","Cleaned_FFHQ_Dataset_50/train/5/11291.png","11291.png","5","Neutral"
"ffhq","Cleaned_FFHQ_Dataset_50/train/5/54455.png","54455.png","5","Neutral"
"ffhq","Cleaned_FFHQ_Dataset_50/train/5/21903.png","21903.png","5","Neutral"
"ffhq","Cleaned_FFHQ_Dataset_50/train/4/38725.png","38725.png","4","Happiness"
"ffhq","Cleaned_FFHQ_Dataset_50/train/4/57639.png","57639.png","4","Happiness"
"ffhq","Cleaned_FFHQ_Dataset_50/train/4/58403.png","58403.png","4","Happiness"
"ffhq","Cleaned_FFHQ_Dataset_50/train/4/22741.png","22741.png","4","Happiness"
"ffhq","Cleaned_FFHQ_Dataset_50/train/4/69475.png","69475.png","4","Happiness"
"ffhq","Cleaned_FFHQ_Dataset_50/train/4/04298.png","04298.png","4","Happiness"
"ffhq","Cleaned_FFHQ_Dataset_50/train/4/02597.png","02597.png","4","Happiness"
"ffhq","Cleaned_FFHQ_Dataset_50/train/5/17625.png","17625.png","5","Neutral"
"ffhq","Cleaned_FFHQ_Dataset_50/train/4/45681.png","45681.png","4","Happiness"
"ffhq","Cleaned_FFHQ_Dataset_50/train/4/09561.png","09561.png","4","Happiness"
"ffhq","Cleaned_FFHQ_Dataset_50/train/5/56232.png","56232.png","5","Neutral"
"ffhq","Cleaned_FFHQ_Dataset_50/train/4/24990.png","24990.png","4","Happiness"
"ffhq","Cleaned_FFHQ_Dataset_50/train/4/04840.png","04840.png","4","Happiness"
"ffhq","Cleaned_FFHQ_Dataset_50/train/4/37736.png","37736.png","4","Happiness"
"ffhq","Cleaned_FFHQ_Dataset_50/train/4/64195.png","64195.png","4","Happiness"
"ffhq","Cleaned_FFHQ_Dataset_50/train/5/52582.png","52582.png","5","Neutral"
"ffhq","Cleaned_FFHQ_Dataset_50/train/5/03973.png","03973.png","5","Neutral"
"ffhq","Cleaned_FFHQ_Dataset_50/train/4/51881.png","51881.png","4","Happiness"
"ffhq","Cleaned_FFHQ_Dataset_50/train/5/25437.png","25437.png","5","Neutral"
"ffhq","Cleaned_FFHQ_Dataset_50/train/5/64251.png","64251.png","5","Neutral"
"ffhq","Cleaned_FFHQ_Dataset_50/train/5/31563.png","31563.png","5","Neutral"
"ffhq","Cleaned_FFHQ_Dataset_50/train/4/09719.png","09719.png","4","Happiness"
"ffhq","Cleaned_FFHQ_Dataset_50/train/4/59632.png","59632.png","4","Happiness"
"ffhq","Cleaned_FFHQ_Dataset_50/train/4/21866.png","21866.png","4","Happiness"
"ffhq","Cleaned_FFHQ_Dataset_50/train/4/00395.png","00395.png","4","Happiness"
"ffhq","Cleaned_FFHQ_Dataset_50/train/4/06241.png","06241.png","4","Happiness"
"ffhq","Cleaned_FFHQ_Dataset_50/train/4/26839.png","26839.png","4","Happiness"
"ffhq","Cleaned_FFHQ_Dataset_50/train/4/34004.png","34004.png","4","Happiness"
"ffhq","Cleaned_FFHQ_Dataset_50/train/4/23803.png","23803.png","4","Happiness"
"ffhq","Cleaned_FFHQ_Dataset_50/train/5/41304.png","41304.png","5","Neutral"
"ffhq","Cleaned_FFHQ_Dataset_50/train/4/31767.png","31767.png","4","Happiness"
"ffhq","Cleaned_FFHQ_Dataset_50/train/5/16743.png","16743.png","5","Neutral"
"ffhq","Cleaned_FFHQ_Dataset_50/train/5/22918.png","22918.png","5","Neutral"
"ffhq","Cleaned_FFHQ_Dataset_50/train/4/55335.png","55335.png","4","Happiness"
"ffhq","Cleaned_FFHQ_Dataset_50/train/4/32450.png","32450.png","4","Happiness"
"ffhq","Cleaned_FFHQ_Dataset_50/train/4/26654.png","26654.png","4","Happiness"
"ffhq","Cleaned_FFHQ_Dataset_50/train/4/28412.png","28412.png","4","Happiness"
"ffhq","Cleaned_FFHQ_Dataset_50/train/4/25941.png","25941.png","4","Happiness"
"ffhq","Cleaned_FFHQ_Dataset_50/train/4/57388.png","57388.png","4","Happiness"
"ffhq","Cleaned_FFHQ_Dataset_50/train/5/29819.png","29819.png","5","Neutral"
"ffhq","Cleaned_FFHQ_Dataset_50/train/4/69377.png","69377.png","4","Happiness"
"ffhq","Cleaned_FFHQ_Dataset_50/train/4/09245.png","09245.png","4","Happiness"
"ffhq","Cleaned_FFHQ_Dataset_50/train/5/14932.png","14932.png","5","Neutral"
"ffhq","Cleaned_FFHQ_Dataset_50/train/5/50829.png","50829.png","5","Neutral"
"ffhq","Cleaned_FFHQ_Dataset_50/train/5/68131.png","68131.png","5","Neutral"
"ffhq","Cleaned_FFHQ_Dataset_50/train/5/56424.png","56424.png","5","Neutral"
"ffhq","Cleaned_FFHQ_Dataset_50/train/5/12225.png","12225.png","5","Neutral"
"ffhq","Cleaned_FFHQ_Dataset_50/train/5/03543.png","03543.png","5","Neutral"
"ffhq","Cleaned_FFHQ_Dataset_50/train/5/54419.png","54419.png","5","Neutral"
"ffhq","Cleaned_FFHQ_Dataset_50/train/5/52021.png","52021.png","5","Neutral"
"ffhq","Cleaned_FFHQ_Dataset_50/train/5/63572.png","63572.png","5","Neutral"
"ffhq","Cleaned_FFHQ_Dataset_50/train/4/51819.png","51819.png","4","Happiness"
"ffhq","Cleaned_FFHQ_Dataset_50/train/5/17276.png","17276.png","5","Neutral"
"ffhq","Cleaned_FFHQ_Dataset_50/train/5/64794.png","64794.png","5","Neutral"
"ffhq","Cleaned_FFHQ_Dataset_50/train/4/46550.png","46550.png","4","Happiness"
"ffhq","Cleaned_FFHQ_Dataset_50/train/4/44493.png","44493.png","4","Happiness"
"ffhq","Cleaned_FFHQ_Dataset_50/train/5/00723.png","00723.png","5","Neutral"
"ffhq","Cleaned_FFHQ_Dataset_50/train/4/34326.png","34326.png","4","Happiness"
"ffhq","Cleaned_FFHQ_Dataset_50/train/4/29782.png","29782.png","4","Happiness"
"ffhq","Cleaned_FFHQ_Dataset_50/train/4/21725.png","21725.png","4","Happiness"
"ffhq","Cleaned_FFHQ_Dataset_50/train/5/69531.png","69531.png","5","Neutral"
"ffhq","Cleaned_FFHQ_Dataset_50/train/5/00021.png","00021.png","5","Neutral"
"ffhq","Cleaned_FFHQ_Dataset_50/train/4/07201.png","07201.png","4","Happiness"
"ffhq","Cleaned_FFHQ_Dataset_50/train/5/07167.png","07167.png","5","Neutral"
"ffhq","Cleaned_FFHQ_Dataset_50/train/5/36950.png","36950.png","5","Neutral"
"ffhq","Cleaned_FFHQ_Dataset_50/train/5/23851.png","23851.png","5","Neutral"
"ffhq","Cleaned_FFHQ_Dataset_50/train/4/38941.png","38941.png","4","Happiness"
"ffhq","Cleaned_FFHQ_Dataset_50/train/4/63955.png","63955.png","4","Happiness"
"ffhq","Cleaned_FFHQ_Dataset_50/train/4/66745.png","66745.png","4","Happiness"
"ffhq","Cleaned_FFHQ_Dataset_50/train/5/60859.png","60859.png","5","Neutral"
"ffhq","Cleaned_FFHQ_Dataset_50/train/4/46344.png","46344.png","4","Happiness"
"ffhq","Cleaned_FFHQ_Dataset_50/train/4/48860.png","48860.png","4","Happiness"
"ffhq","Cleaned_FFHQ_Dataset_50/train/4/40189.png","40189.png","4","Happiness"
"ffhq","Cleaned_FFHQ_Dataset_50/train/4/00201.png","00201.png","4","Happiness"
"ffhq","Cleaned_FFHQ_Dataset_50/train/4/40170.png","40170.png","4","Happiness"
"ffhq","Cleaned_FFHQ_Dataset_50/train/4/36418.png","36418.png","4","Happiness"
"ffhq","Cleaned_FFHQ_Dataset_50/train/4/48087.png","48087.png","4","Happiness"
"ffhq","Cleaned_FFHQ_Dataset_50/train/5/36961.png","36961.png","5","Neutral"
"ffhq","Cleaned_FFHQ_Dataset_50/train/4/21369.png","21369.png","4","Happiness"
"ffhq","Cleaned_FFHQ_Dataset_50/train/5/47066.png","47066.png","5","Neutral"
"ffhq","Cleaned_FFHQ_Dataset_50/train/4/69572.png","69572.png","4","Happiness"
"ffhq","Cleaned_FFHQ_Dataset_50/train/5/16669.png","16669.png","5","Neutral"
"ffhq","Cleaned_FFHQ_Dataset_50/train/4/27257.png","27257.png","4","Happiness"
"ffhq","Cleaned_FFHQ_Dataset_50/train/5/31299.png","31299.png","5","Neutral"
"ffhq","Cleaned_FFHQ_Dataset_50/train/4/22886.png","22886.png","4","Happiness"
"ffhq","Cleaned_FFHQ_Dataset_50/train/5/52695.png","52695.png","5","Neutral"
"ffhq","Cleaned_FFHQ_Dataset_50/train/5/08181.png","08181.png","5","Neutral"
"ffhq","Cleaned_FFHQ_Dataset_50/train/4/26572.png","26572.png","4","Happiness"
"ffhq","Cleaned_FFHQ_Dataset_50/train/5/03013.png","03013.png","5","Neutral"
"ffhq","Cleaned_FFHQ_Dataset_50/train/4/05036.png","05036.png","4","Happiness"
"ffhq","Cleaned_FFHQ_Dataset_50/train/4/13447.png","13447.png","4","Happiness"
"ffhq","Cleaned_FFHQ_Dataset_50/train/5/05660.png","05660.png","5","Neutral"
"ffhq","Cleaned_FFHQ_Dataset_50/train/4/13149.png","13149.png","4","Happiness"
"ffhq","Cleaned_FFHQ_Dataset_50/train/5/53895.png","53895.png","5","Neutral"
"ffhq","Cleaned_FFHQ_Dataset_50/train/4/08433.png","08433.png","4","Happiness"
"ffhq","Cleaned_FFHQ_Dataset_50/train/4/41296.png","41296.png","4","Happiness"
"ffhq","Cleaned_FFHQ_Dataset_50/train/4/39368.png","39368.png","4","Happiness"
"ffhq","Cleaned_FFHQ_Dataset_50/train/4/46245.png","46245.png","4","Happiness"
"ffhq","Cleaned_FFHQ_Dataset_50/train/4/56774.png","56774.png","4","Happiness"
"ffhq","Cleaned_FFHQ_Dataset_50/train/4/13590.png","13590.png","4","Happiness"
"ffhq","Cleaned_FFHQ_Dataset_50/train/5/36455.png","36455.png","5","Neutral"
"ffhq","Cleaned_FFHQ_Dataset_50/train/5/58420.png","58420.png","5","Neutral"
"ffhq","Cleaned_FFHQ_Dataset_50/train/4/14121.png","14121.png","4","Happiness"
"ffhq","Cleaned_FFHQ_Dataset_50/train/4/57540.png","57540.png","4","Happiness"
"ffhq","Cleaned_FFHQ_Dataset_50/train/4/10137.png","10137.png","4","Happiness"
"ffhq","Cleaned_FFHQ_Dataset_50/train/5/12214.png","12214.png","5","Neutral"
"ffhq","Cleaned_FFHQ_Dataset_50/train/5/13875.png","13875.png","5","Neutral"
"ffhq","Cleaned_FFHQ_Dataset_50/train/5/22516.png","22516.png","5","Neutral"
"ffhq","Cleaned_FFHQ_Dataset_50/train/5/35823.png","35823.png","5","Neutral"
"ffhq","Cleaned_FFHQ_Dataset_50/train/4/14522.png","14522.png","4","Happiness"
"ffhq","Cleaned_FFHQ_Dataset_50/train/4/38422.png","38422.png","4","Happiness"
"ffhq","Cleaned_FFHQ_Dataset_50/train/5/67076.png","67076.png","5","Neutral"
"ffhq","Cleaned_FFHQ_Dataset_50/train/4/61005.png","61005.png","4","Happiness"
"ffhq","Cleaned_FFHQ_Dataset_50/train/4/08727.png","08727.png","4","Happiness"
"ffhq","Cleaned_FFHQ_Dataset_50/train/5/44572.png","44572.png","5","Neutral"
"ffhq","Cleaned_FFHQ_Dataset_50/train/5/15746.png","15746.png","5","Neutral"
"ffhq","Cleaned_FFHQ_Dataset_50/train/4/09336.png","09336.png","4","Happiness"
"ffhq","Cleaned_FFHQ_Dataset_50/train/5/49323.png","49323.png","5","Neutral"
"ffhq","Cleaned_FFHQ_Dataset_50/train/5/03563.png","03563.png","5","Neutral"
"ffhq","Cleaned_FFHQ_Dataset_50/train/5/10107.png","10107.png","5","Neutral"
"ffhq","Cleaned_FFHQ_Dataset_50/train/4/21915.png","21915.png","4","Happiness"
"ffhq","Cleaned_FFHQ_Dataset_50/train/5/30964.png","30964.png","5","Neutral"
"ffhq","Cleaned_FFHQ_Dataset_50/train/4/39255.png","39255.png","4","Happiness"
"ffhq","Cleaned_FFHQ_Dataset_50/train/4/40302.png","40302.png","4","Happiness"
"ffhq","Cleaned_FFHQ_Dataset_50/train/5/48927.png","48927.png","5","Neutral"
"ffhq","Cleaned_FFHQ_Dataset_50/train/4/37393.png","37393.png","4","Happiness"
"ffhq","Cleaned_FFHQ_Dataset_50/train/4/26952.png","26952.png","4","Happiness"
"ffhq","Cleaned_FFHQ_Dataset_50/train/4/13112.png","13112.png","4","Happiness"
"ffhq","Cleaned_FFHQ_Dataset_50/train/5/30239.png","30239.png","5","Neutral"
"ffhq","Cleaned_FFHQ_Dataset_50/train/4/12253.png","12253.png","4","Happiness"
"ffhq","Cleaned_FFHQ_Dataset_50/train/4/18614.png","18614.png","4","Happiness"
"ffhq","Cleaned_FFHQ_Dataset_50/train/4/52366.png","52366.png","4","Happiness"
"ffhq","Cleaned_FFHQ_Dataset_50/train/4/08870.png","08870.png","4","Happiness"
"ffhq","Cleaned_FFHQ_Dataset_50/train/5/40835.png","40835.png","5","Neutral"
"ffhq","Cleaned_FFHQ_Dataset_50/train/5/02130.png","02130.png","5","Neutral"
"ffhq","Cleaned_FFHQ_Dataset_50/train/4/32890.png","32890.png","4","Happiness"
"ffhq","Cleaned_FFHQ_Dataset_50/train/4/46144.png","46144.png","4","Happiness"
"ffhq","Cleaned_FFHQ_Dataset_50/train/5/43927.png","43927.png","5","Neutral"
"ffhq","Cleaned_FFHQ_Dataset_50/train/5/33151.png","33151.png","5","Neutral"
"ffhq","Cleaned_FFHQ_Dataset_50/train/5/23253.png","23253.png","5","Neutral"
"ffhq","Cleaned_FFHQ_Dataset_50/train/4/13172.png","13172.png","4","Happiness"
"ffhq","Cleaned_FFHQ_Dataset_50/train/4/03537.png","03537.png","4","Happiness"
"ffhq","Cleaned_FFHQ_Dataset_50/train/4/20196.png","20196.png","4","Happiness"
"ffhq","Cleaned_FFHQ_Dataset_50/train/5/35541.png","35541.png","5","Neutral"
"ffhq","Cleaned_FFHQ_Dataset_50/train/4/36869.png","36869.png","4","Happiness"
"ffhq","Cleaned_FFHQ_Dataset_50/train/4/21244.png","21244.png","4","Happiness"
"ffhq","Cleaned_FFHQ_Dataset_50/train/5/32719.png","32719.png","5","Neutral"
"ffhq","Cleaned_FFHQ_Dataset_50/train/4/26422.png","26422.png","4","Happiness"
"ffhq","Cleaned_FFHQ_Dataset_50/train/4/42335.png","42335.png","4","Happiness"
"ffhq","Cleaned_FFHQ_Dataset_50/train/4/36390.png","36390.png","4","Happiness"
"ffhq","Cleaned_FFHQ_Dataset_50/train/5/48230.png","48230.png","5","Neutral"
"ffhq","Cleaned_FFHQ_Dataset_50/train/5/07256.png","07256.png","5","Neutral"
"ffhq","Cleaned_FFHQ_Dataset_50/train/4/57858.png","57858.png","4","Happiness"
"ffhq","Cleaned_FFHQ_Dataset_50/train/5/20178.png","20178.png","5","Neutral"
"ffhq","Cleaned_FFHQ_Dataset_50/train/4/68800.png","68800.png","4","Happiness"
"ffhq","Cleaned_FFHQ_Dataset_50/train/4/06974.png","06974.png","4","Happiness"
"ffhq","Cleaned_FFHQ_Dataset_50/train/4/45999.png","45999.png","4","Happiness"
"ffhq","Cleaned_FFHQ_Dataset_50/train/5/10592.png","10592.png","5","Neutral"
"ffhq","Cleaned_FFHQ_Dataset_50/train/4/57029.png","57029.png","4","Happiness"
"ffhq","Cleaned_FFHQ_Dataset_50/train/4/60316.png","60316.png","4","Happiness"
"ffhq","Cleaned_FFHQ_Dataset_50/train/7/00326.png","00326.png","7","Surprise"
"ffhq","Cleaned_FFHQ_Dataset_50/train/5/33380.png","33380.png","5","Neutral"
"ffhq","Cleaned_FFHQ_Dataset_50/train/4/18503.png","18503.png","4","Happiness"
"ffhq","Cleaned_FFHQ_Dataset_50/train/5/62821.png","62821.png","5","Neutral"
"ffhq","Cleaned_FFHQ_Dataset_50/train/4/10466.png","10466.png","4","Happiness"
"ffhq","Cleaned_FFHQ_Dataset_50/train/5/12273.png","12273.png","5","Neutral"
"ffhq","Cleaned_FFHQ_Dataset_50/train/4/65301.png","65301.png","4","Happiness"
"ffhq","Cleaned_FFHQ_Dataset_50/train/4/61113.png","61113.png","4","Happiness"
"ffhq","Cleaned_FFHQ_Dataset_50/train/4/14702.png","14702.png","4","Happiness"
"ffhq","Cleaned_FFHQ_Dataset_50/train/4/67001.png","67001.png","4","Happiness"
"ffhq","Cleaned_FFHQ_Dataset_50/train/4/16058.png","16058.png","4","Happiness"
"ffhq","Cleaned_FFHQ_Dataset_50/train/4/52743.png","52743.png","4","Happiness"
"ffhq","Cleaned_FFHQ_Dataset_50/train/4/15403.png","15403.png","4","Happiness"
"ffhq","Cleaned_FFHQ_Dataset_50/train/5/68825.png","68825.png","5","Neutral"
"ffhq","Cleaned_FFHQ_Dataset_50/train/5/28178.png","28178.png","5","Neutral"
"ffhq","Cleaned_FFHQ_Dataset_50/train/4/68018.png","68018.png","4","Happiness"
"ffhq","Cleaned_FFHQ_Dataset_50/train/5/22034.png","22034.png","5","Neutral"
"ffhq","Cleaned_FFHQ_Dataset_50/train/5/54846.png","54846.png","5","Neutral"
"ffhq","Cleaned_FFHQ_Dataset_50/train/5/35240.png","35240.png","5","Neutral"
"ffhq","Cleaned_FFHQ_Dataset_50/train/4/61564.png","61564.png","4","Happiness"
"ffhq","Cleaned_FFHQ_Dataset_50/train/5/10154.png","10154.png","5","Neutral"
"ffhq","Cleaned_FFHQ_Dataset_50/train/4/63318.png","63318.png","4","Happiness"
"ffhq","Cleaned_FFHQ_Dataset_50/train/5/24069.png","24069.png","5","Neutral"
"ffhq","Cleaned_FFHQ_Dataset_50/train/4/45855.png","45855.png","4","Happiness"
"ffhq","Cleaned_FFHQ_Dataset_50/train/5/32555.png","32555.png","5","Neutral"
"ffhq","Cleaned_FFHQ_Dataset_50/train/4/20596.png","20596.png","4","Happiness"
"ffhq","Cleaned_FFHQ_Dataset_50/train/4/21073.png","21073.png","4","Happiness"
"ffhq","Cleaned_FFHQ_Dataset_50/train/4/25903.png","25903.png","4","Happiness"
"ffhq","Cleaned_FFHQ_Dataset_50/train/5/46696.png","46696.png","5","Neutral"
"ffhq","Cleaned_FFHQ_Dataset_50/train/4/13673.png","13673.png","4","Happiness"
"ffhq","Cleaned_FFHQ_Dataset_50/train/5/01564.png","01564.png","5","Neutral"
"ffhq","Cleaned_FFHQ_Dataset_50/train/4/65668.png","65668.png","4","Happiness"
"ffhq","Cleaned_FFHQ_Dataset_50/train/4/12674.png","12674.png","4","Happiness"
"ffhq","Cleaned_FFHQ_Dataset_50/train/4/16955.png","16955.png","4","Happiness"
"ffhq","Cleaned_FFHQ_Dataset_50/train/4/43387.png","43387.png","4","Happiness"
"ffhq","Cleaned_FFHQ_Dataset_50/train/5/02978.png","02978.png","5","Neutral"
"ffhq","Cleaned_FFHQ_Dataset_50/train/5/31672.png","31672.png","5","Neutral"
"ffhq","Cleaned_FFHQ_Dataset_50/train/4/17551.png","17551.png","4","Happiness"
"ffhq","Cleaned_FFHQ_Dataset_50/train/4/19963.png","19963.png","4","Happiness"
"ffhq","Cleaned_FFHQ_Dataset_50/train/6/64321.png","64321.png","6","Sadness"
"ffhq","Cleaned_FFHQ_Dataset_50/train/5/65895.png","65895.png","5","Neutral"
"ffhq","Cleaned_FFHQ_Dataset_50/train/5/52538.png","52538.png","5","Neutral"
"ffhq","Cleaned_FFHQ_Dataset_50/train/4/44359.png","44359.png","4","Happiness"
"ffhq","Cleaned_FFHQ_Dataset_50/train/4/30341.png","30341.png","4","Happiness"
"ffhq","Cleaned_FFHQ_Dataset_50/train/4/63159.png","63159.png","4","Happiness"
"ffhq","Cleaned_FFHQ_Dataset_50/train/4/29942.png","29942.png","4","Happiness"
"ffhq","Cleaned_FFHQ_Dataset_50/train/4/48015.png","48015.png","4","Happiness"
"ffhq","Cleaned_FFHQ_Dataset_50/train/5/12754.png","12754.png","5","Neutral"
"ffhq","Cleaned_FFHQ_Dataset_50/train/4/61548.png","61548.png","4","Happiness"
"ffhq","Cleaned_FFHQ_Dataset_50/train/4/24551.png","24551.png","4","Happiness"
"ffhq","Cleaned_FFHQ_Dataset_50/train/5/54010.png","54010.png","5","Neutral"
"ffhq","Cleaned_FFHQ_Dataset_50/train/4/35003.png","35003.png","4","Happiness"
"ffhq","Cleaned_FFHQ_Dataset_50/train/4/22587.png","22587.png","4","Happiness"
"ffhq","Cleaned_FFHQ_Dataset_50/train/4/11220.png","11220.png","4","Happiness"
"ffhq","Cleaned_FFHQ_Dataset_50/train/4/59033.png","59033.png","4","Happiness"
"ffhq","Cleaned_FFHQ_Dataset_50/train/4/07295.png","07295.png","4","Happiness"
"ffhq","Cleaned_FFHQ_Dataset_50/train/5/62859.png","62859.png","5","Neutral"
"ffhq","Cleaned_FFHQ_Dataset_50/train/4/01771.png","01771.png","4","Happiness"
"ffhq","Cleaned_FFHQ_Dataset_50/train/4/30446.png","30446.png","4","Happiness"
"ffhq","Cleaned_FFHQ_Dataset_50/train/5/08927.png","08927.png","5","Neutral"
"ffhq","Cleaned_FFHQ_Dataset_50/train/5/15430.png","15430.png","5","Neutral"
"ffhq","Cleaned_FFHQ_Dataset_50/train/4/64266.png","64266.png","4","Happiness"
"ffhq","Cleaned_FFHQ_Dataset_50/train/5/55184.png","55184.png","5","Neutral"
"ffhq","Cleaned_FFHQ_Dataset_50/train/4/67816.png","67816.png","4","Happiness"
"ffhq","Cleaned_FFHQ_Dataset_50/train/5/38278.png","38278.png","5","Neutral"
"ffhq","Cleaned_FFHQ_Dataset_50/train/5/30429.png","30429.png","5","Neutral"
"ffhq","Cleaned_FFHQ_Dataset_50/train/5/33006.png","33006.png","5","Neutral"
"ffhq","Cleaned_FFHQ_Dataset_50/train/4/69770.png","69770.png","4","Happiness"
"ffhq","Cleaned_FFHQ_Dataset_50/train/5/09998.png","09998.png","5","Neutral"
"ffhq","Cleaned_FFHQ_Dataset_50/train/5/20715.png","20715.png","5","Neutral"
"ffhq","Cleaned_FFHQ_Dataset_50/train/4/63028.png","63028.png","4","Happiness"
"ffhq","Cleaned_FFHQ_Dataset_50/train/7/13536.png","13536.png","7","Surprise"
"ffhq","Cleaned_FFHQ_Dataset_50/train/4/58436.png","58436.png","4","Happiness"
"ffhq","Cleaned_FFHQ_Dataset_50/train/4/01900.png","01900.png","4","Happiness"
"ffhq","Cleaned_FFHQ_Dataset_50/train/4/48745.png","48745.png","4","Happiness"
"ffhq","Cleaned_FFHQ_Dataset_50/train/7/46791.png","46791.png","7","Surprise"
"ffhq","Cleaned_FFHQ_Dataset_50/train/5/60204.png","60204.png","5","Neutral"
"ffhq","Cleaned_FFHQ_Dataset_50/train/5/31564.png","31564.png","5","Neutral"
"ffhq","Cleaned_FFHQ_Dataset_50/train/5/35085.png","35085.png","5","Neutral"
"ffhq","Cleaned_FFHQ_Dataset_50/train/4/16890.png","16890.png","4","Happiness"
"ffhq","Cleaned_FFHQ_Dataset_50/train/5/22511.png","22511.png","5","Neutral"
"ffhq","Cleaned_FFHQ_Dataset_50/train/5/40230.png","40230.png","5","Neutral"
"ffhq","Cleaned_FFHQ_Dataset_50/train/4/23082.png","23082.png","4","Happiness"
"ffhq","Cleaned_FFHQ_Dataset_50/train/4/54205.png","54205.png","4","Happiness"
"ffhq","Cleaned_FFHQ_Dataset_50/train/4/61728.png","61728.png","4","Happiness"
"ffhq","Cleaned_FFHQ_Dataset_50/train/4/31395.png","31395.png","4","Happiness"
"ffhq","Cleaned_FFHQ_Dataset_50/train/4/61525.png","61525.png","4","Happiness"
"ffhq","Cleaned_FFHQ_Dataset_50/train/4/05204.png","05204.png","4","Happiness"
"ffhq","Cleaned_FFHQ_Dataset_50/train/7/57300.png","57300.png","7","Surprise"
"ffhq","Cleaned_FFHQ_Dataset_50/train/4/37649.png","37649.png","4","Happiness"
"ffhq","Cleaned_FFHQ_Dataset_50/train/4/66124.png","66124.png","4","Happiness"
"ffhq","Cleaned_FFHQ_Dataset_50/train/4/28735.png","28735.png","4","Happiness"
"ffhq","Cleaned_FFHQ_Dataset_50/train/4/31939.png","31939.png","4","Happiness"
"ffhq","Cleaned_FFHQ_Dataset_50/train/5/25168.png","25168.png","5","Neutral"
"ffhq","Cleaned_FFHQ_Dataset_50/train/4/23942.png","23942.png","4","Happiness"
"ffhq","Cleaned_FFHQ_Dataset_50/train/5/46342.png","46342.png","5","Neutral"
"ffhq","Cleaned_FFHQ_Dataset_50/train/5/48714.png","48714.png","5","Neutral"
"ffhq","Cleaned_FFHQ_Dataset_50/train/4/20094.png","20094.png","4","Happiness"
"ffhq","Cleaned_FFHQ_Dataset_50/train/4/16427.png","16427.png","4","Happiness"
"ffhq","Cleaned_FFHQ_Dataset_50/train/5/50176.png","50176.png","5","Neutral"
"ffhq","Cleaned_FFHQ_Dataset_50/train/5/57648.png","57648.png","5","Neutral"
"ffhq","Cleaned_FFHQ_Dataset_50/train/4/06828.png","06828.png","4","Happiness"
"ffhq","Cleaned_FFHQ_Dataset_50/train/5/26608.png","26608.png","5","Neutral"
"ffhq","Cleaned_FFHQ_Dataset_50/train/4/02913.png","02913.png","4","Happiness"
"ffhq","Cleaned_FFHQ_Dataset_50/train/4/23841.png","23841.png","4","Happiness"
"ffhq","Cleaned_FFHQ_Dataset_50/train/5/16706.png","16706.png","5","Neutral"
"ffhq","Cleaned_FFHQ_Dataset_50/train/5/08166.png","08166.png","5","Neutral"
"ffhq","Cleaned_FFHQ_Dataset_50/train/4/23056.png","23056.png","4","Happiness"
"ffhq","Cleaned_FFHQ_Dataset_50/train/4/23015.png","23015.png","4","Happiness"
"ffhq","Cleaned_FFHQ_Dataset_50/train/5/68179.png","68179.png","5","Neutral"
"ffhq","Cleaned_FFHQ_Dataset_50/train/4/22705.png","22705.png","4","Happiness"
"ffhq","Cleaned_FFHQ_Dataset_50/train/5/00922.png","00922.png","5","Neutral"
"ffhq","Cleaned_FFHQ_Dataset_50/train/4/00791.png","00791.png","4","Happiness"
"ffhq","Cleaned_FFHQ_Dataset_50/train/5/03001.png","03001.png","5","Neutral"
"ffhq","Cleaned_FFHQ_Dataset_50/train/4/58444.png","58444.png","4","Happiness"
"ffhq","Cleaned_FFHQ_Dataset_50/train/4/00521.png","00521.png","4","Happiness"
"ffhq","Cleaned_FFHQ_Dataset_50/train/4/37571.png","37571.png","4","Happiness"
"ffhq","Cleaned_FFHQ_Dataset_50/train/4/03819.png","03819.png","4","Happiness"
"ffhq","Cleaned_FFHQ_Dataset_50/train/5/31577.png","31577.png","5","Neutral"
"ffhq","Cleaned_FFHQ_Dataset_50/train/4/16908.png","16908.png","4","Happiness"
"ffhq","Cleaned_FFHQ_Dataset_50/train/5/12255.png","12255.png","5","Neutral"
"ffhq","Cleaned_FFHQ_Dataset_50/train/4/39832.png","39832.png","4","Happiness"
"ffhq","Cleaned_FFHQ_Dataset_50/train/5/02820.png","02820.png","5","Neutral"
"ffhq","Cleaned_FFHQ_Dataset_50/train/4/13728.png","13728.png","4","Happiness"
"ffhq","Cleaned_FFHQ_Dataset_50/train/5/13060.png","13060.png","5","Neutral"
"ffhq","Cleaned_FFHQ_Dataset_50/train/5/29536.png","29536.png","5","Neutral"
"ffhq","Cleaned_FFHQ_Dataset_50/train/4/31632.png","31632.png","4","Happiness"
"ffhq","Cleaned_FFHQ_Dataset_50/train/5/16222.png","16222.png","5","Neutral"
"ffhq","Cleaned_FFHQ_Dataset_50/train/4/67376.png","67376.png","4","Happiness"
"ffhq","Cleaned_FFHQ_Dataset_50/train/5/55398.png","55398.png","5","Neutral"
"ffhq","Cleaned_FFHQ_Dataset_50/train/5/67597.png","67597.png","5","Neutral"
"ffhq","Cleaned_FFHQ_Dataset_50/train/5/02584.png","02584.png","5","Neutral"
"ffhq","Cleaned_FFHQ_Dataset_50/train/4/57789.png","57789.png","4","Happiness"
"ffhq","Cleaned_FFHQ_Dataset_50/train/4/17877.png","17877.png","4","Happiness"
"ffhq","Cleaned_FFHQ_Dataset_50/train/4/29953.png","29953.png","4","Happiness"
"ffhq","Cleaned_FFHQ_Dataset_50/train/4/65904.png","65904.png","4","Happiness"
"ffhq","Cleaned_FFHQ_Dataset_50/train/4/60618.png","60618.png","4","Happiness"
"ffhq","Cleaned_FFHQ_Dataset_50/train/5/56069.png","56069.png","5","Neutral"
"ffhq","Cleaned_FFHQ_Dataset_50/train/4/11492.png","11492.png","4","Happiness"
"ffhq","Cleaned_FFHQ_Dataset_50/train/4/10262.png","10262.png","4","Happiness"
"ffhq","Cleaned_FFHQ_Dataset_50/train/4/68552.png","68552.png","4","Happiness"
"ffhq","Cleaned_FFHQ_Dataset_50/train/5/11391.png","11391.png","5","Neutral"
"ffhq","Cleaned_FFHQ_Dataset_50/train/4/44198.png","44198.png","4","Happiness"
"ffhq","Cleaned_FFHQ_Dataset_50/train/4/16852.png","16852.png","4","Happiness"
"ffhq","Cleaned_FFHQ_Dataset_50/train/4/08859.png","08859.png","4","Happiness"
"ffhq","Cleaned_FFHQ_Dataset_50/train/5/19670.png","19670.png","5","Neutral"
"ffhq","Cleaned_FFHQ_Dataset_50/train/5/43809.png","43809.png","5","Neutral"
"ffhq","Cleaned_FFHQ_Dataset_50/train/4/46069.png","46069.png","4","Happiness"
"ffhq","Cleaned_FFHQ_Dataset_50/train/5/09478.png","09478.png","5","Neutral"
"ffhq","Cleaned_FFHQ_Dataset_50/train/5/47423.png","47423.png","5","Neutral"
"ffhq","Cleaned_FFHQ_Dataset_50/train/5/23036.png","23036.png","5","Neutral"
"ffhq","Cleaned_FFHQ_Dataset_50/train/4/25053.png","25053.png","4","Happiness"
"ffhq","Cleaned_FFHQ_Dataset_50/train/4/66529.png","66529.png","4","Happiness"
"ffhq","Cleaned_FFHQ_Dataset_50/train/5/63891.png","63891.png","5","Neutral"
"ffhq","Cleaned_FFHQ_Dataset_50/train/5/33472.png","33472.png","5","Neutral"
"ffhq","Cleaned_FFHQ_Dataset_50/train/5/14126.png","14126.png","5","Neutral"
"ffhq","Cleaned_FFHQ_Dataset_50/train/5/58272.png","58272.png","5","Neutral"
"ffhq","Cleaned_FFHQ_Dataset_50/train/5/29922.png","29922.png","5","Neutral"
"ffhq","Cleaned_FFHQ_Dataset_50/train/4/34061.png","34061.png","4","Happiness"
"ffhq","Cleaned_FFHQ_Dataset_50/train/4/34472.png","34472.png","4","Happiness"
"ffhq","Cleaned_FFHQ_Dataset_50/train/4/53760.png","53760.png","4","Happiness"
"ffhq","Cleaned_FFHQ_Dataset_50/train/4/46152.png","46152.png","4","Happiness"
"ffhq","Cleaned_FFHQ_Dataset_50/train/4/26198.png","26198.png","4","Happiness"
"ffhq","Cleaned_FFHQ_Dataset_50/train/5/31958.png","31958.png","5","Neutral"
"ffhq","Cleaned_FFHQ_Dataset_50/train/4/25327.png","25327.png","4","Happiness"
"ffhq","Cleaned_FFHQ_Dataset_50/train/5/44808.png","44808.png","5","Neutral"
"ffhq","Cleaned_FFHQ_Dataset_50/train/5/13055.png","13055.png","5","Neutral"
"ffhq","Cleaned_FFHQ_Dataset_50/train/5/56793.png","56793.png","5","Neutral"
"ffhq","Cleaned_FFHQ_Dataset_50/train/4/43441.png","43441.png","4","Happiness"
"ffhq","Cleaned_FFHQ_Dataset_50/train/4/00362.png","00362.png","4","Happiness"
"ffhq","Cleaned_FFHQ_Dataset_50/train/5/19376.png","19376.png","5","Neutral"
"ffhq","Cleaned_FFHQ_Dataset_50/train/4/64144.png","64144.png","4","Happiness"
"ffhq","Cleaned_FFHQ_Dataset_50/train/5/17270.png","17270.png","5","Neutral"
"ffhq","Cleaned_FFHQ_Dataset_50/train/5/57699.png","57699.png","5","Neutral"
"ffhq","Cleaned_FFHQ_Dataset_50/train/4/05317.png","05317.png","4","Happiness"
"ffhq","Cleaned_FFHQ_Dataset_50/train/4/63493.png","63493.png","4","Happiness"
"ffhq","Cleaned_FFHQ_Dataset_50/train/5/69447.png","69447.png","5","Neutral"
"ffhq","Cleaned_FFHQ_Dataset_50/train/4/68817.png","68817.png","4","Happiness"
"ffhq","Cleaned_FFHQ_Dataset_50/train/4/48979.png","48979.png","4","Happiness"
"ffhq","Cleaned_FFHQ_Dataset_50/train/5/61970.png","61970.png","5","Neutral"
"ffhq","Cleaned_FFHQ_Dataset_50/train/4/41145.png","41145.png","4","Happiness"
"ffhq","Cleaned_FFHQ_Dataset_50/train/4/27898.png","27898.png","4","Happiness"
"ffhq","Cleaned_FFHQ_Dataset_50/train/5/54488.png","54488.png","5","Neutral"
"ffhq","Cleaned_FFHQ_Dataset_50/train/4/22671.png","22671.png","4","Happiness"
"ffhq","Cleaned_FFHQ_Dataset_50/train/4/18549.png","18549.png","4","Happiness"
"ffhq","Cleaned_FFHQ_Dataset_50/train/5/40177.png","40177.png","5","Neutral"
"ffhq","Cleaned_FFHQ_Dataset_50/train/5/58768.png","58768.png","5","Neutral"
"ffhq","Cleaned_FFHQ_Dataset_50/train/4/11556.png","11556.png","4","Happiness"
"ffhq","Cleaned_FFHQ_Dataset_50/train/5/04729.png","04729.png","5","Neutral"
"ffhq","Cleaned_FFHQ_Dataset_50/train/4/19627.png","19627.png","4","Happiness"
"ffhq","Cleaned_FFHQ_Dataset_50/train/4/37767.png","37767.png","4","Happiness"
"ffhq","Cleaned_FFHQ_Dataset_50/train/4/50324.png","50324.png","4","Happiness"
"ffhq","Cleaned_FFHQ_Dataset_50/train/4/43171.png","43171.png","4","Happiness"
"ffhq","Cleaned_FFHQ_Dataset_50/train/5/18186.png","18186.png","5","Neutral"
"ffhq","Cleaned_FFHQ_Dataset_50/train/4/19372.png","19372.png","4","Happiness"
"ffhq","Cleaned_FFHQ_Dataset_50/train/5/66683.png","66683.png","5","Neutral"
"ffhq","Cleaned_FFHQ_Dataset_50/train/4/43450.png","43450.png","4","Happiness"
"ffhq","Cleaned_FFHQ_Dataset_50/train/5/31904.png","31904.png","5","Neutral"
"ffhq","Cleaned_FFHQ_Dataset_50/train/5/25105.png","25105.png","5","Neutral"
"ffhq","Cleaned_FFHQ_Dataset_50/train/5/64397.png","64397.png","5","Neutral"
"ffhq","Cleaned_FFHQ_Dataset_50/train/5/55534.png","55534.png","5","Neutral"
"ffhq","Cleaned_FFHQ_Dataset_50/train/4/01360.png","01360.png","4","Happiness"
"ffhq","Cleaned_FFHQ_Dataset_50/train/5/09928.png","09928.png","5","Neutral"
"ffhq","Cleaned_FFHQ_Dataset_50/train/4/39233.png","39233.png","4","Happiness"
"ffhq","Cleaned_FFHQ_Dataset_50/train/5/53774.png","53774.png","5","Neutral"
"ffhq","Cleaned_FFHQ_Dataset_50/train/5/30136.png","30136.png","5","Neutral"
"ffhq","Cleaned_FFHQ_Dataset_50/train/4/29588.png","29588.png","4","Happiness"
"ffhq","Cleaned_FFHQ_Dataset_50/train/4/56296.png","56296.png","4","Happiness"
"ffhq","Cleaned_FFHQ_Dataset_50/train/5/11613.png","11613.png","5","Neutral"
"ffhq","Cleaned_FFHQ_Dataset_50/train/4/10844.png","10844.png","4","Happiness"
"ffhq","Cleaned_FFHQ_Dataset_50/train/5/58082.png","58082.png","5","Neutral"
"ffhq","Cleaned_FFHQ_Dataset_50/train/5/34330.png","34330.png","5","Neutral"
"ffhq","Cleaned_FFHQ_Dataset_50/train/4/59905.png","59905.png","4","Happiness"
"ffhq","Cleaned_FFHQ_Dataset_50/train/5/64765.png","64765.png","5","Neutral"
"ffhq","Cleaned_FFHQ_Dataset_50/train/4/30402.png","30402.png","4","Happiness"
"ffhq","Cleaned_FFHQ_Dataset_50/train/5/34586.png","34586.png","5","Neutral"
"ffhq","Cleaned_FFHQ_Dataset_50/train/4/45182.png","45182.png","4","Happiness"
"ffhq","Cleaned_FFHQ_Dataset_50/train/4/21841.png","21841.png","4","Happiness"
"ffhq","Cleaned_FFHQ_Dataset_50/train/5/26141.png","26141.png","5","Neutral"
"ffhq","Cleaned_FFHQ_Dataset_50/train/5/27855.png","27855.png","5","Neutral"
"ffhq","Cleaned_FFHQ_Dataset_50/train/5/40161.png","40161.png","5","Neutral"
"ffhq","Cleaned_FFHQ_Dataset_50/train/4/17642.png","17642.png","4","Happiness"
"ffhq","Cleaned_FFHQ_Dataset_50/train/5/48974.png","48974.png","5","Neutral"
"ffhq","Cleaned_FFHQ_Dataset_50/train/5/00499.png","00499.png","5","Neutral"
"ffhq","Cleaned_FFHQ_Dataset_50/train/4/27755.png","27755.png","4","Happiness"
"ffhq","Cleaned_FFHQ_Dataset_50/train/5/44380.png","44380.png","5","Neutral"
"ffhq","Cleaned_FFHQ_Dataset_50/train/4/47848.png","47848.png","4","Happiness"
"ffhq","Cleaned_FFHQ_Dataset_50/train/5/05273.png","05273.png","5","Neutral"
"ffhq","Cleaned_FFHQ_Dataset_50/train/5/49993.png","49993.png","5","Neutral"
"ffhq","Cleaned_FFHQ_Dataset_50/train/4/27748.png","27748.png","4","Happiness"
"ffhq","Cleaned_FFHQ_Dataset_50/train/4/46123.png","46123.png","4","Happiness"
"ffhq","Cleaned_FFHQ_Dataset_50/train/5/04718.png","04718.png","5","Neutral"
"ffhq","Cleaned_FFHQ_Dataset_50/train/4/49576.png","49576.png","4","Happiness"
"ffhq","Cleaned_FFHQ_Dataset_50/train/5/69106.png","69106.png","5","Neutral"
"ffhq","Cleaned_FFHQ_Dataset_50/train/5/10041.png","10041.png","5","Neutral"
"ffhq","Cleaned_FFHQ_Dataset_50/train/4/68031.png","68031.png","4","Happiness"
"ffhq","Cleaned_FFHQ_Dataset_50/train/4/43364.png","43364.png","4","Happiness"
"ffhq","Cleaned_FFHQ_Dataset_50/train/4/40803.png","40803.png","4","Happiness"
"ffhq","Cleaned_FFHQ_Dataset_50/train/4/14752.png","14752.png","4","Happiness"
"ffhq","Cleaned_FFHQ_Dataset_50/train/5/11738.png","11738.png","5","Neutral"
"ffhq","Cleaned_FFHQ_Dataset_50/train/4/65361.png","65361.png","4","Happiness"
"ffhq","Cleaned_FFHQ_Dataset_50/train/5/59826.png","59826.png","5","Neutral"
"ffhq","Cleaned_FFHQ_Dataset_50/train/4/13253.png","13253.png","4","Happiness"
"ffhq","Cleaned_FFHQ_Dataset_50/train/5/46712.png","46712.png","5","Neutral"
"ffhq","Cleaned_FFHQ_Dataset_50/train/5/62335.png","62335.png","5","Neutral"
"ffhq","Cleaned_FFHQ_Dataset_50/train/5/44363.png","44363.png","5","Neutral"
"ffhq","Cleaned_FFHQ_Dataset_50/train/7/66067.png","66067.png","7","Surprise"
"ffhq","Cleaned_FFHQ_Dataset_50/train/5/10521.png","10521.png","5","Neutral"
"ffhq","Cleaned_FFHQ_Dataset_50/train/4/18383.png","18383.png","4","Happiness"
"ffhq","Cleaned_FFHQ_Dataset_50/train/6/33097.png","33097.png","6","Sadness"
"ffhq","Cleaned_FFHQ_Dataset_50/train/4/44843.png","44843.png","4","Happiness"
"ffhq","Cleaned_FFHQ_Dataset_50/train/5/50462.png","50462.png","5","Neutral"
"ffhq","Cleaned_FFHQ_Dataset_50/train/4/35112.png","35112.png","4","Happiness"
"ffhq","Cleaned_FFHQ_Dataset_50/train/5/63903.png","63903.png","5","Neutral"
"ffhq","Cleaned_FFHQ_Dataset_50/train/5/61603.png","61603.png","5","Neutral"
"ffhq","Cleaned_FFHQ_Dataset_50/train/4/27091.png","27091.png","4","Happiness"
"ffhq","Cleaned_FFHQ_Dataset_50/train/4/30124.png","30124.png","4","Happiness"
"ffhq","Cleaned_FFHQ_Dataset_50/train/4/01872.png","01872.png","4","Happiness"
"ffhq","Cleaned_FFHQ_Dataset_50/train/5/47829.png","47829.png","5","Neutral"
"ffhq","Cleaned_FFHQ_Dataset_50/train/4/09829.png","09829.png","4","Happiness"
"ffhq","Cleaned_FFHQ_Dataset_50/train/5/49589.png","49589.png","5","Neutral"
"ffhq","Cleaned_FFHQ_Dataset_50/train/5/05248.png","05248.png","5","Neutral"
"ffhq","Cleaned_FFHQ_Dataset_50/train/5/41193.png","41193.png","5","Neutral"
"ffhq","Cleaned_FFHQ_Dataset_50/train/2/65276.png","65276.png","2","Disgust"
"ffhq","Cleaned_FFHQ_Dataset_50/train/4/15185.png","15185.png","4","Happiness"
"ffhq","Cleaned_FFHQ_Dataset_50/train/4/36602.png","36602.png","4","Happiness"
"ffhq","Cleaned_FFHQ_Dataset_50/train/4/52262.png","52262.png","4","Happiness"
"ffhq","Cleaned_FFHQ_Dataset_50/train/5/44206.png","44206.png","5","Neutral"
"ffhq","Cleaned_FFHQ_Dataset_50/train/4/48797.png","48797.png","4","Happiness"
"ffhq","Cleaned_FFHQ_Dataset_50/train/4/34736.png","34736.png","4","Happiness"
"ffhq","Cleaned_FFHQ_Dataset_50/train/4/55014.png","55014.png","4","Happiness"
"ffhq","Cleaned_FFHQ_Dataset_50/train/4/57590.png","57590.png","4","Happiness"
"ffhq","Cleaned_FFHQ_Dataset_50/train/4/02462.png","02462.png","4","Happiness"
"ffhq","Cleaned_FFHQ_Dataset_50/train/4/10371.png","10371.png","4","Happiness"
"ffhq","Cleaned_FFHQ_Dataset_50/train/5/52880.png","52880.png","5","Neutral"
"ffhq","Cleaned_FFHQ_Dataset_50/train/4/09431.png","09431.png","4","Happiness"
"ffhq","Cleaned_FFHQ_Dataset_50/train/4/36301.png","36301.png","4","Happiness"
"ffhq","Cleaned_FFHQ_Dataset_50/train/5/19362.png","19362.png","5","Neutral"
"ffhq","Cleaned_FFHQ_Dataset_50/train/5/60865.png","60865.png","5","Neutral"
"ffhq","Cleaned_FFHQ_Dataset_50/train/4/10334.png","10334.png","4","Happiness"
"ffhq","Cleaned_FFHQ_Dataset_50/train/4/64424.png","64424.png","4","Happiness"
"ffhq","Cleaned_FFHQ_Dataset_50/train/5/43748.png","43748.png","5","Neutral"
"ffhq","Cleaned_FFHQ_Dataset_50/train/4/34527.png","34527.png","4","Happiness"
"ffhq","Cleaned_FFHQ_Dataset_50/train/5/50420.png","50420.png","5","Neutral"
"ffhq","Cleaned_FFHQ_Dataset_50/train/4/14906.png","14906.png","4","Happiness"
"ffhq","Cleaned_FFHQ_Dataset_50/train/5/33061.png","33061.png","5","Neutral"
"ffhq","Cleaned_FFHQ_Dataset_50/train/5/68369.png","68369.png","5","Neutral"
"ffhq","Cleaned_FFHQ_Dataset_50/train/4/10696.png","10696.png","4","Happiness"
"ffhq","Cleaned_FFHQ_Dataset_50/train/5/29163.png","29163.png","5","Neutral"
"ffhq","Cleaned_FFHQ_Dataset_50/train/5/61124.png","61124.png","5","Neutral"
"ffhq","Cleaned_FFHQ_Dataset_50/train/5/16137.png","16137.png","5","Neutral"
"ffhq","Cleaned_FFHQ_Dataset_50/train/4/20794.png","20794.png","4","Happiness"
"ffhq","Cleaned_FFHQ_Dataset_50/train/4/34777.png","34777.png","4","Happiness"
"ffhq","Cleaned_FFHQ_Dataset_50/train/4/58062.png","58062.png","4","Happiness"
"ffhq","Cleaned_FFHQ_Dataset_50/train/4/59710.png","59710.png","4","Happiness"
"ffhq","Cleaned_FFHQ_Dataset_50/train/4/18351.png","18351.png","4","Happiness"
"ffhq","Cleaned_FFHQ_Dataset_50/train/5/45207.png","45207.png","5","Neutral"
"ffhq","Cleaned_FFHQ_Dataset_50/train/4/02684.png","02684.png","4","Happiness"
"ffhq","Cleaned_FFHQ_Dataset_50/train/5/42383.png","42383.png","5","Neutral"
"ffhq","Cleaned_FFHQ_Dataset_50/train/5/60662.png","60662.png","5","Neutral"
"ffhq","Cleaned_FFHQ_Dataset_50/train/5/08357.png","08357.png","5","Neutral"
"ffhq","Cleaned_FFHQ_Dataset_50/train/4/22197.png","22197.png","4","Happiness"
"ffhq","Cleaned_FFHQ_Dataset_50/train/4/42433.png","42433.png","4","Happiness"
"ffhq","Cleaned_FFHQ_Dataset_50/train/5/54971.png","54971.png","5","Neutral"
"ffhq","Cleaned_FFHQ_Dataset_50/train/4/19706.png","19706.png","4","Happiness"
"ffhq","Cleaned_FFHQ_Dataset_50/train/4/06685.png","06685.png","4","Happiness"
"ffhq","Cleaned_FFHQ_Dataset_50/train/4/63912.png","63912.png","4","Happiness"
"ffhq","Cleaned_FFHQ_Dataset_50/train/4/45027.png","45027.png","4","Happiness"
"ffhq","Cleaned_FFHQ_Dataset_50/train/5/22360.png","22360.png","5","Neutral"
"ffhq","Cleaned_FFHQ_Dataset_50/train/4/52225.png","52225.png","4","Happiness"
"ffhq","Cleaned_FFHQ_Dataset_50/train/7/41900.png","41900.png","7","Surprise"
"ffhq","Cleaned_FFHQ_Dataset_50/train/4/64421.png","64421.png","4","Happiness"
"ffhq","Cleaned_FFHQ_Dataset_50/train/4/11033.png","11033.png","4","Happiness"
"ffhq","Cleaned_FFHQ_Dataset_50/train/5/57102.png","57102.png","5","Neutral"
"ffhq","Cleaned_FFHQ_Dataset_50/train/5/52460.png","52460.png","5","Neutral"
"ffhq","Cleaned_FFHQ_Dataset_50/train/5/52777.png","52777.png","5","Neutral"
"ffhq","Cleaned_FFHQ_Dataset_50/train/4/21282.png","21282.png","4","Happiness"
"ffhq","Cleaned_FFHQ_Dataset_50/train/4/34687.png","34687.png","4","Happiness"
"ffhq","Cleaned_FFHQ_Dataset_50/train/4/56746.png","56746.png","4","Happiness"
"ffhq","Cleaned_FFHQ_Dataset_50/train/5/69954.png","69954.png","5","Neutral"
"ffhq","Cleaned_FFHQ_Dataset_50/train/4/00569.png","00569.png","4","Happiness"
"ffhq","Cleaned_FFHQ_Dataset_50/train/4/02198.png","02198.png","4","Happiness"
"ffhq","Cleaned_FFHQ_Dataset_50/train/4/16316.png","16316.png","4","Happiness"
"ffhq","Cleaned_FFHQ_Dataset_50/train/5/67379.png","67379.png","5","Neutral"
"ffhq","Cleaned_FFHQ_Dataset_50/train/5/58434.png","58434.png","5","Neutral"
"ffhq","Cleaned_FFHQ_Dataset_50/train/4/25774.png","25774.png","4","Happiness"
"ffhq","Cleaned_FFHQ_Dataset_50/train/4/53329.png","53329.png","4","Happiness"
"ffhq","Cleaned_FFHQ_Dataset_50/train/4/63924.png","63924.png","4","Happiness"
"ffhq","Cleaned_FFHQ_Dataset_50/train/5/35594.png","35594.png","5","Neutral"
"ffhq","Cleaned_FFHQ_Dataset_50/train/4/05094.png","05094.png","4","Happiness"
"ffhq","Cleaned_FFHQ_Dataset_50/train/4/63241.png","63241.png","4","Happiness"
"ffhq","Cleaned_FFHQ_Dataset_50/train/5/49901.png","49901.png","5","Neutral"
"ffhq","Cleaned_FFHQ_Dataset_50/train/5/46043.png","46043.png","5","Neutral"
"ffhq","Cleaned_FFHQ_Dataset_50/train/5/59420.png","59420.png","5","Neutral"
"ffhq","Cleaned_FFHQ_Dataset_50/train/4/14260.png","14260.png","4","Happiness"
"ffhq","Cleaned_FFHQ_Dataset_50/train/5/27516.png","27516.png","5","Neutral"
"ffhq","Cleaned_FFHQ_Dataset_50/train/4/51927.png","51927.png","4","Happiness"
"ffhq","Cleaned_FFHQ_Dataset_50/train/5/19436.png","19436.png","5","Neutral"
"ffhq","Cleaned_FFHQ_Dataset_50/train/4/49373.png","49373.png","4","Happiness"
"ffhq","Cleaned_FFHQ_Dataset_50/train/0/42231.png","42231.png","0","Anger"
"ffhq","Cleaned_FFHQ_Dataset_50/train/5/62438.png","62438.png","5","Neutral"
"ffhq","Cleaned_FFHQ_Dataset_50/train/5/37415.png","37415.png","5","Neutral"
"ffhq","Cleaned_FFHQ_Dataset_50/train/5/48480.png","48480.png","5","Neutral"
"ffhq","Cleaned_FFHQ_Dataset_50/train/5/21792.png","21792.png","5","Neutral"
"ffhq","Cleaned_FFHQ_Dataset_50/train/4/04883.png","04883.png","4","Happiness"
"ffhq","Cleaned_FFHQ_Dataset_50/train/5/62646.png","62646.png","5","Neutral"
"ffhq","Cleaned_FFHQ_Dataset_50/train/5/61462.png","61462.png","5","Neutral"
"ffhq","Cleaned_FFHQ_Dataset_50/train/4/58183.png","58183.png","4","Happiness"
"ffhq","Cleaned_FFHQ_Dataset_50/train/4/20363.png","20363.png","4","Happiness"
"ffhq","Cleaned_FFHQ_Dataset_50/train/4/66464.png","66464.png","4","Happiness"
"ffhq","Cleaned_FFHQ_Dataset_50/train/4/68608.png","68608.png","4","Happiness"
"ffhq","Cleaned_FFHQ_Dataset_50/train/4/46519.png","46519.png","4","Happiness"
"ffhq","Cleaned_FFHQ_Dataset_50/train/5/39271.png","39271.png","5","Neutral"
"ffhq","Cleaned_FFHQ_Dataset_50/train/5/48484.png","48484.png","5","Neutral"
"ffhq","Cleaned_FFHQ_Dataset_50/train/5/09057.png","09057.png","5","Neutral"
"ffhq","Cleaned_FFHQ_Dataset_50/train/5/27938.png","27938.png","5","Neutral"
"ffhq","Cleaned_FFHQ_Dataset_50/train/4/38183.png","38183.png","4","Happiness"
"ffhq","Cleaned_FFHQ_Dataset_50/train/4/31704.png","31704.png","4","Happiness"
"ffhq","Cleaned_FFHQ_Dataset_50/train/5/41199.png","41199.png","5","Neutral"
"ffhq","Cleaned_FFHQ_Dataset_50/train/5/13311.png","13311.png","5","Neutral"
"ffhq","Cleaned_FFHQ_Dataset_50/train/4/08083.png","08083.png","4","Happiness"
"ffhq","Cleaned_FFHQ_Dataset_50/train/5/43986.png","43986.png","5","Neutral"
"ffhq","Cleaned_FFHQ_Dataset_50/train/5/02774.png","02774.png","5","Neutral"
"ffhq","Cleaned_FFHQ_Dataset_50/train/5/58458.png","58458.png","5","Neutral"
"ffhq","Cleaned_FFHQ_Dataset_50/train/5/36083.png","36083.png","5","Neutral"
"ffhq","Cleaned_FFHQ_Dataset_50/train/5/13571.png","13571.png","5","Neutral"
"ffhq","Cleaned_FFHQ_Dataset_50/train/4/00789.png","00789.png","4","Happiness"
"ffhq","Cleaned_FFHQ_Dataset_50/train/5/42380.png","42380.png","5","Neutral"
"ffhq","Cleaned_FFHQ_Dataset_50/train/5/37068.png","37068.png","5","Neutral"
"ffhq","Cleaned_FFHQ_Dataset_50/train/5/65341.png","65341.png","5","Neutral"
"ffhq","Cleaned_FFHQ_Dataset_50/train/4/18535.png","18535.png","4","Happiness"
"ffhq","Cleaned_FFHQ_Dataset_50/train/5/01409.png","01409.png","5","Neutral"
"ffhq","Cleaned_FFHQ_Dataset_50/train/5/18357.png","18357.png","5","Neutral"
"ffhq","Cleaned_FFHQ_Dataset_50/train/4/29441.png","29441.png","4","Happiness"
"ffhq","Cleaned_FFHQ_Dataset_50/train/5/03097.png","03097.png","5","Neutral"
"ffhq","Cleaned_FFHQ_Dataset_50/train/4/64186.png","64186.png","4","Happiness"
"ffhq","Cleaned_FFHQ_Dataset_50/train/5/44130.png","44130.png","5","Neutral"
"ffhq","Cleaned_FFHQ_Dataset_50/train/5/62727.png","62727.png","5","Neutral"
"ffhq","Cleaned_FFHQ_Dataset_50/train/4/35954.png","35954.png","4","Happiness"
"ffhq","Cleaned_FFHQ_Dataset_50/train/4/10669.png","10669.png","4","Happiness"
"ffhq","Cleaned_FFHQ_Dataset_50/train/4/52153.png","52153.png","4","Happiness"
"ffhq","Cleaned_FFHQ_Dataset_50/train/5/21986.png","21986.png","5","Neutral"
"ffhq","Cleaned_FFHQ_Dataset_50/train/5/53394.png","53394.png","5","Neutral"
"ffhq","Cleaned_FFHQ_Dataset_50/train/4/11992.png","11992.png","4","Happiness"
"ffhq","Cleaned_FFHQ_Dataset_50/train/5/52173.png","52173.png","5","Neutral"
"ffhq","Cleaned_FFHQ_Dataset_50/train/4/37969.png","37969.png","4","Happiness"
"ffhq","Cleaned_FFHQ_Dataset_50/train/5/48445.png","48445.png","5","Neutral"
"ffhq","Cleaned_FFHQ_Dataset_50/train/7/36201.png","36201.png","7","Surprise"
"ffhq","Cleaned_FFHQ_Dataset_50/train/5/11720.png","11720.png","5","Neutral"
"ffhq","Cleaned_FFHQ_Dataset_50/train/4/51544.png","51544.png","4","Happiness"
"ffhq","Cleaned_FFHQ_Dataset_50/train/4/08541.png","08541.png","4","Happiness"
"ffhq","Cleaned_FFHQ_Dataset_50/train/4/36989.png","36989.png","4","Happiness"
"ffhq","Cleaned_FFHQ_Dataset_50/train/4/18862.png","18862.png","4","Happiness"
"ffhq","Cleaned_FFHQ_Dataset_50/train/5/20643.png","20643.png","5","Neutral"
"ffhq","Cleaned_FFHQ_Dataset_50/train/4/07636.png","07636.png","4","Happiness"
"ffhq","Cleaned_FFHQ_Dataset_50/train/4/57556.png","57556.png","4","Happiness"
"ffhq","Cleaned_FFHQ_Dataset_50/train/4/18481.png","18481.png","4","Happiness"
"ffhq","Cleaned_FFHQ_Dataset_50/train/4/09813.png","09813.png","4","Happiness"
"ffhq","Cleaned_FFHQ_Dataset_50/train/4/64021.png","64021.png","4","Happiness"
"ffhq","Cleaned_FFHQ_Dataset_50/train/5/42882.png","42882.png","5","Neutral"
"ffhq","Cleaned_FFHQ_Dataset_50/train/4/40322.png","40322.png","4","Happiness"
"ffhq","Cleaned_FFHQ_Dataset_50/train/5/02767.png","02767.png","5","Neutral"
"ffhq","Cleaned_FFHQ_Dataset_50/train/5/54638.png","54638.png","5","Neutral"
"ffhq","Cleaned_FFHQ_Dataset_50/train/5/20434.png","20434.png","5","Neutral"
"ffhq","Cleaned_FFHQ_Dataset_50/train/4/04820.png","04820.png","4","Happiness"
"ffhq","Cleaned_FFHQ_Dataset_50/train/4/67622.png","67622.png","4","Happiness"
"ffhq","Cleaned_FFHQ_Dataset_50/train/4/21301.png","21301.png","4","Happiness"
"ffhq","Cleaned_FFHQ_Dataset_50/train/5/16290.png","16290.png","5","Neutral"
"ffhq","Cleaned_FFHQ_Dataset_50/train/4/04525.png","04525.png","4","Happiness"
"ffhq","Cleaned_FFHQ_Dataset_50/train/4/41813.png","41813.png","4","Happiness"
"ffhq","Cleaned_FFHQ_Dataset_50/train/5/53811.png","53811.png","5","Neutral"
"ffhq","Cleaned_FFHQ_Dataset_50/train/4/21802.png","21802.png","4","Happiness"
"ffhq","Cleaned_FFHQ_Dataset_50/train/4/18327.png","18327.png","4","Happiness"
"ffhq","Cleaned_FFHQ_Dataset_50/train/4/56218.png","56218.png","4","Happiness"
"ffhq","Cleaned_FFHQ_Dataset_50/train/4/01959.png","01959.png","4","Happiness"
"ffhq","Cleaned_FFHQ_Dataset_50/train/5/16969.png","16969.png","5","Neutral"
"ffhq","Cleaned_FFHQ_Dataset_50/train/5/38114.png","38114.png","5","Neutral"
"ffhq","Cleaned_FFHQ_Dataset_50/train/4/20748.png","20748.png","4","Happiness"
"ffhq","Cleaned_FFHQ_Dataset_50/train/5/23261.png","23261.png","5","Neutral"
"ffhq","Cleaned_FFHQ_Dataset_50/train/5/45385.png","45385.png","5","Neutral"
"ffhq","Cleaned_FFHQ_Dataset_50/train/5/09855.png","09855.png","5","Neutral"
"ffhq","Cleaned_FFHQ_Dataset_50/train/5/45386.png","45386.png","5","Neutral"
"ffhq","Cleaned_FFHQ_Dataset_50/train/4/24587.png","24587.png","4","Happiness"
"ffhq","Cleaned_FFHQ_Dataset_50/train/4/10760.png","10760.png","4","Happiness"
"ffhq","Cleaned_FFHQ_Dataset_50/train/4/55071.png","55071.png","4","Happiness"
"ffhq","Cleaned_FFHQ_Dataset_50/train/5/52843.png","52843.png","5","Neutral"
"ffhq","Cleaned_FFHQ_Dataset_50/train/4/19063.png","19063.png","4","Happiness"
"ffhq","Cleaned_FFHQ_Dataset_50/train/5/30917.png","30917.png","5","Neutral"
"ffhq","Cleaned_FFHQ_Dataset_50/train/4/36984.png","36984.png","4","Happiness"
"ffhq","Cleaned_FFHQ_Dataset_50/train/4/01095.png","01095.png","4","Happiness"
"ffhq","Cleaned_FFHQ_Dataset_50/train/4/42708.png","42708.png","4","Happiness"
"ffhq","Cleaned_FFHQ_Dataset_50/train/5/25223.png","25223.png","5","Neutral"
"ffhq","Cleaned_FFHQ_Dataset_50/train/5/34395.png","34395.png","5","Neutral"
"ffhq","Cleaned_FFHQ_Dataset_50/train/5/67988.png","67988.png","5","Neutral"
"ffhq","Cleaned_FFHQ_Dataset_50/train/5/32343.png","32343.png","5","Neutral"
"ffhq","Cleaned_FFHQ_Dataset_50/train/4/52874.png","52874.png","4","Happiness"
"ffhq","Cleaned_FFHQ_Dataset_50/train/6/15625.png","15625.png","6","Sadness"
"ffhq","Cleaned_FFHQ_Dataset_50/train/4/50795.png","50795.png","4","Happiness"
"ffhq","Cleaned_FFHQ_Dataset_50/train/4/06080.png","06080.png","4","Happiness"
"ffhq","Cleaned_FFHQ_Dataset_50/train/5/58838.png","58838.png","5","Neutral"
"ffhq","Cleaned_FFHQ_Dataset_50/train/6/39462.png","39462.png","6","Sadness"
"ffhq","Cleaned_FFHQ_Dataset_50/train/5/59179.png","59179.png","5","Neutral"
"ffhq","Cleaned_FFHQ_Dataset_50/train/5/28549.png","28549.png","5","Neutral"
"ffhq","Cleaned_FFHQ_Dataset_50/train/4/06276.png","06276.png","4","Happiness"
"ffhq","Cleaned_FFHQ_Dataset_50/train/4/31719.png","31719.png","4","Happiness"
"ffhq","Cleaned_FFHQ_Dataset_50/train/4/24694.png","24694.png","4","Happiness"
"ffhq","Cleaned_FFHQ_Dataset_50/train/4/06372.png","06372.png","4","Happiness"
"ffhq","Cleaned_FFHQ_Dataset_50/train/5/52811.png","52811.png","5","Neutral"
"ffhq","Cleaned_FFHQ_Dataset_50/train/4/62114.png","62114.png","4","Happiness"
"ffhq","Cleaned_FFHQ_Dataset_50/train/5/42106.png","42106.png","5","Neutral"
"ffhq","Cleaned_FFHQ_Dataset_50/train/4/68627.png","68627.png","4","Happiness"
"ffhq","Cleaned_FFHQ_Dataset_50/train/5/03133.png","03133.png","5","Neutral"
"ffhq","Cleaned_FFHQ_Dataset_50/train/5/45324.png","45324.png","5","Neutral"
"ffhq","Cleaned_FFHQ_Dataset_50/train/5/02613.png","02613.png","5","Neutral"
"ffhq","Cleaned_FFHQ_Dataset_50/train/4/66005.png","66005.png","4","Happiness"
"ffhq","Cleaned_FFHQ_Dataset_50/train/5/40287.png","40287.png","5","Neutral"
"ffhq","Cleaned_FFHQ_Dataset_50/train/4/60250.png","60250.png","4","Happiness"
"ffhq","Cleaned_FFHQ_Dataset_50/train/5/03404.png","03404.png","5","Neutral"
"ffhq","Cleaned_FFHQ_Dataset_50/train/5/40855.png","40855.png","5","Neutral"
"ffhq","Cleaned_FFHQ_Dataset_50/train/5/01951.png","01951.png","5","Neutral"
"ffhq","Cleaned_FFHQ_Dataset_50/train/4/29412.png","29412.png","4","Happiness"
"ffhq","Cleaned_FFHQ_Dataset_50/train/5/34558.png","34558.png","5","Neutral"
"ffhq","Cleaned_FFHQ_Dataset_50/train/5/01689.png","01689.png","5","Neutral"
"ffhq","Cleaned_FFHQ_Dataset_50/train/5/32030.png","32030.png","5","Neutral"
"ffhq","Cleaned_FFHQ_Dataset_50/train/5/23221.png","23221.png","5","Neutral"
"ffhq","Cleaned_FFHQ_Dataset_50/train/4/09746.png","09746.png","4","Happiness"
"ffhq","Cleaned_FFHQ_Dataset_50/train/5/51833.png","51833.png","5","Neutral"
"ffhq","Cleaned_FFHQ_Dataset_50/train/4/30718.png","30718.png","4","Happiness"
"ffhq","Cleaned_FFHQ_Dataset_50/train/5/01592.png","01592.png","5","Neutral"
"ffhq","Cleaned_FFHQ_Dataset_50/train/4/36893.png","36893.png","4","Happiness"
"ffhq","Cleaned_FFHQ_Dataset_50/train/4/32902.png","32902.png","4","Happiness"
"ffhq","Cleaned_FFHQ_Dataset_50/train/5/32730.png","32730.png","5","Neutral"
"ffhq","Cleaned_FFHQ_Dataset_50/train/4/25552.png","25552.png","4","Happiness"
"ffhq","Cleaned_FFHQ_Dataset_50/train/4/44205.png","44205.png","4","Happiness"
"ffhq","Cleaned_FFHQ_Dataset_50/train/5/43355.png","43355.png","5","Neutral"
"ffhq","Cleaned_FFHQ_Dataset_50/train/7/36329.png","36329.png","7","Surprise"
"ffhq","Cleaned_FFHQ_Dataset_50/train/4/61903.png","61903.png","4","Happiness"
"ffhq","Cleaned_FFHQ_Dataset_50/train/4/67088.png","67088.png","4","Happiness"
"ffhq","Cleaned_FFHQ_Dataset_50/train/4/21336.png","21336.png","4","Happiness"
"ffhq","Cleaned_FFHQ_Dataset_50/train/5/68392.png","68392.png","5","Neutral"
"ffhq","Cleaned_FFHQ_Dataset_50/train/4/40691.png","40691.png","4","Happiness"
"ffhq","Cleaned_FFHQ_Dataset_50/train/4/07661.png","07661.png","4","Happiness"
"ffhq","Cleaned_FFHQ_Dataset_50/train/5/66173.png","66173.png","5","Neutral"
"ffhq","Cleaned_FFHQ_Dataset_50/train/4/35181.png","35181.png","4","Happiness"
"ffhq","Cleaned_FFHQ_Dataset_50/train/5/66815.png","66815.png","5","Neutral"
"ffhq","Cleaned_FFHQ_Dataset_50/train/4/31165.png","31165.png","4","Happiness"
"ffhq","Cleaned_FFHQ_Dataset_50/train/7/36754.png","36754.png","7","Surprise"
"ffhq","Cleaned_FFHQ_Dataset_50/train/5/42583.png","42583.png","5","Neutral"
"ffhq","Cleaned_FFHQ_Dataset_50/train/5/66932.png","66932.png","5","Neutral"
"ffhq","Cleaned_FFHQ_Dataset_50/train/4/05975.png","05975.png","4","Happiness"
"ffhq","Cleaned_FFHQ_Dataset_50/train/5/50562.png","50562.png","5","Neutral"
"ffhq","Cleaned_FFHQ_Dataset_50/train/4/27699.png","27699.png","4","Happiness"
"ffhq","Cleaned_FFHQ_Dataset_50/train/4/55299.png","55299.png","4","Happiness"
"ffhq","Cleaned_FFHQ_Dataset_50/train/5/43745.png","43745.png","5","Neutral"
"ffhq","Cleaned_FFHQ_Dataset_50/train/4/29943.png","29943.png","4","Happiness"
"ffhq","Cleaned_FFHQ_Dataset_50/train/5/56289.png","56289.png","5","Neutral"
"ffhq","Cleaned_FFHQ_Dataset_50/train/5/17689.png","17689.png","5","Neutral"
"ffhq","Cleaned_FFHQ_Dataset_50/train/4/46378.png","46378.png","4","Happiness"
"ffhq","Cleaned_FFHQ_Dataset_50/train/5/06750.png","06750.png","5","Neutral"
"ffhq","Cleaned_FFHQ_Dataset_50/train/5/56985.png","56985.png","5","Neutral"
"ffhq","Cleaned_FFHQ_Dataset_50/train/4/38299.png","38299.png","4","Happiness"
"ffhq","Cleaned_FFHQ_Dataset_50/train/4/69203.png","69203.png","4","Happiness"
"ffhq","Cleaned_FFHQ_Dataset_50/train/4/23941.png","23941.png","4","Happiness"
"ffhq","Cleaned_FFHQ_Dataset_50/train/5/15759.png","15759.png","5","Neutral"
"ffhq","Cleaned_FFHQ_Dataset_50/train/5/41091.png","41091.png","5","Neutral"
"ffhq","Cleaned_FFHQ_Dataset_50/train/4/27415.png","27415.png","4","Happiness"
"ffhq","Cleaned_FFHQ_Dataset_50/train/5/65763.png","65763.png","5","Neutral"
"ffhq","Cleaned_FFHQ_Dataset_50/train/5/10505.png","10505.png","5","Neutral"
"ffhq","Cleaned_FFHQ_Dataset_50/train/5/30018.png","30018.png","5","Neutral"
"ffhq","Cleaned_FFHQ_Dataset_50/train/7/22082.png","22082.png","7","Surprise"
"ffhq","Cleaned_FFHQ_Dataset_50/train/4/13660.png","13660.png","4","Happiness"
"ffhq","Cleaned_FFHQ_Dataset_50/train/4/53683.png","53683.png","4","Happiness"
"ffhq","Cleaned_FFHQ_Dataset_50/train/5/63994.png","63994.png","5","Neutral"
"ffhq","Cleaned_FFHQ_Dataset_50/train/4/02660.png","02660.png","4","Happiness"
"ffhq","Cleaned_FFHQ_Dataset_50/train/4/40650.png","40650.png","4","Happiness"
"ffhq","Cleaned_FFHQ_Dataset_50/train/4/28136.png","28136.png","4","Happiness"
"ffhq","Cleaned_FFHQ_Dataset_50/train/4/04593.png","04593.png","4","Happiness"
"ffhq","Cleaned_FFHQ_Dataset_50/train/5/53522.png","53522.png","5","Neutral"
"ffhq","Cleaned_FFHQ_Dataset_50/train/4/09933.png","09933.png","4","Happiness"
"ffhq","Cleaned_FFHQ_Dataset_50/train/4/53151.png","53151.png","4","Happiness"
"ffhq","Cleaned_FFHQ_Dataset_50/train/4/41759.png","41759.png","4","Happiness"
"ffhq","Cleaned_FFHQ_Dataset_50/train/4/32334.png","32334.png","4","Happiness"
"ffhq","Cleaned_FFHQ_Dataset_50/train/4/69157.png","69157.png","4","Happiness"
"ffhq","Cleaned_FFHQ_Dataset_50/train/4/46306.png","46306.png","4","Happiness"
"ffhq","Cleaned_FFHQ_Dataset_50/train/5/32660.png","32660.png","5","Neutral"
"ffhq","Cleaned_FFHQ_Dataset_50/train/5/45407.png","45407.png","5","Neutral"
"ffhq","Cleaned_FFHQ_Dataset_50/train/5/62563.png","62563.png","5","Neutral"
"ffhq","Cleaned_FFHQ_Dataset_50/train/4/41127.png","41127.png","4","Happiness"
"ffhq","Cleaned_FFHQ_Dataset_50/train/4/04893.png","04893.png","4","Happiness"
"ffhq","Cleaned_FFHQ_Dataset_50/train/5/14599.png","14599.png","5","Neutral"
"ffhq","Cleaned_FFHQ_Dataset_50/train/4/59176.png","59176.png","4","Happiness"
"ffhq","Cleaned_FFHQ_Dataset_50/train/5/41966.png","41966.png","5","Neutral"
"ffhq","Cleaned_FFHQ_Dataset_50/train/4/30563.png","30563.png","4","Happiness"
"ffhq","Cleaned_FFHQ_Dataset_50/train/5/59807.png","59807.png","5","Neutral"
"ffhq","Cleaned_FFHQ_Dataset_50/train/5/36445.png","36445.png","5","Neutral"
"ffhq","Cleaned_FFHQ_Dataset_50/train/5/18776.png","18776.png","5","Neutral"
"ffhq","Cleaned_FFHQ_Dataset_50/train/4/15461.png","15461.png","4","Happiness"
"ffhq","Cleaned_FFHQ_Dataset_50/train/4/46425.png","46425.png","4","Happiness"
"ffhq","Cleaned_FFHQ_Dataset_50/train/4/04345.png","04345.png","4","Happiness"
"ffhq","Cleaned_FFHQ_Dataset_50/train/5/53364.png","53364.png","5","Neutral"
"ffhq","Cleaned_FFHQ_Dataset_50/train/4/44030.png","44030.png","4","Happiness"
"ffhq","Cleaned_FFHQ_Dataset_50/train/5/65632.png","65632.png","5","Neutral"
"ffhq","Cleaned_FFHQ_Dataset_50/train/4/57932.png","57932.png","4","Happiness"
"ffhq","Cleaned_FFHQ_Dataset_50/train/5/42891.png","42891.png","5","Neutral"
"ffhq","Cleaned_FFHQ_Dataset_50/train/5/16836.png","16836.png","5","Neutral"
"ffhq","Cleaned_FFHQ_Dataset_50/train/4/09171.png","09171.png","4","Happiness"
"ffhq","Cleaned_FFHQ_Dataset_50/train/5/05260.png","05260.png","5","Neutral"
"ffhq","Cleaned_FFHQ_Dataset_50/train/4/66356.png","66356.png","4","Happiness"
"ffhq","Cleaned_FFHQ_Dataset_50/train/4/58857.png","58857.png","4","Happiness"
"ffhq","Cleaned_FFHQ_Dataset_50/train/4/69492.png","69492.png","4","Happiness"
"ffhq","Cleaned_FFHQ_Dataset_50/train/5/57489.png","57489.png","5","Neutral"
"ffhq","Cleaned_FFHQ_Dataset_50/train/4/03159.png","03159.png","4","Happiness"
"ffhq","Cleaned_FFHQ_Dataset_50/train/4/54745.png","54745.png","4","Happiness"
"ffhq","Cleaned_FFHQ_Dataset_50/train/5/64322.png","64322.png","5","Neutral"
"ffhq","Cleaned_FFHQ_Dataset_50/train/4/13734.png","13734.png","4","Happiness"
"ffhq","Cleaned_FFHQ_Dataset_50/train/4/19517.png","19517.png","4","Happiness"
"ffhq","Cleaned_FFHQ_Dataset_50/train/0/18025.png","18025.png","0","Anger"
"ffhq","Cleaned_FFHQ_Dataset_50/train/4/17867.png","17867.png","4","Happiness"
"ffhq","Cleaned_FFHQ_Dataset_50/train/5/03035.png","03035.png","5","Neutral"
"ffhq","Cleaned_FFHQ_Dataset_50/train/4/34676.png","34676.png","4","Happiness"
"ffhq","Cleaned_FFHQ_Dataset_50/train/5/14328.png","14328.png","5","Neutral"
"ffhq","Cleaned_FFHQ_Dataset_50/train/4/53366.png","53366.png","4","Happiness"
"ffhq","Cleaned_FFHQ_Dataset_50/train/4/48003.png","48003.png","4","Happiness"
"ffhq","Cleaned_FFHQ_Dataset_50/train/4/65095.png","65095.png","4","Happiness"
"ffhq","Cleaned_FFHQ_Dataset_50/train/2/00767.png","00767.png","2","Disgust"
"ffhq","Cleaned_FFHQ_Dataset_50/train/5/40728.png","40728.png","5","Neutral"
"ffhq","Cleaned_FFHQ_Dataset_50/train/5/23131.png","23131.png","5","Neutral"
"ffhq","Cleaned_FFHQ_Dataset_50/train/4/62637.png","62637.png","4","Happiness"
"ffhq","Cleaned_FFHQ_Dataset_50/train/4/11510.png","11510.png","4","Happiness"
"ffhq","Cleaned_FFHQ_Dataset_50/train/4/55311.png","55311.png","4","Happiness"
"ffhq","Cleaned_FFHQ_Dataset_50/train/5/46165.png","46165.png","5","Neutral"
"ffhq","Cleaned_FFHQ_Dataset_50/train/4/03162.png","03162.png","4","Happiness"
"ffhq","Cleaned_FFHQ_Dataset_50/train/5/01143.png","01143.png","5","Neutral"
"ffhq","Cleaned_FFHQ_Dataset_50/train/5/64192.png","64192.png","5","Neutral"
"ffhq","Cleaned_FFHQ_Dataset_50/train/5/66468.png","66468.png","5","Neutral"
"ffhq","Cleaned_FFHQ_Dataset_50/train/5/65519.png","65519.png","5","Neutral"
"ffhq","Cleaned_FFHQ_Dataset_50/train/5/65019.png","65019.png","5","Neutral"
"ffhq","Cleaned_FFHQ_Dataset_50/train/5/63630.png","63630.png","5","Neutral"
"ffhq","Cleaned_FFHQ_Dataset_50/train/5/38962.png","38962.png","5","Neutral"
"ffhq","Cleaned_FFHQ_Dataset_50/train/5/32480.png","32480.png","5","Neutral"
"ffhq","Cleaned_FFHQ_Dataset_50/train/4/14613.png","14613.png","4","Happiness"
"ffhq","Cleaned_FFHQ_Dataset_50/train/4/68725.png","68725.png","4","Happiness"
"ffhq","Cleaned_FFHQ_Dataset_50/train/5/05719.png","05719.png","5","Neutral"
"ffhq","Cleaned_FFHQ_Dataset_50/train/5/31136.png","31136.png","5","Neutral"
"ffhq","Cleaned_FFHQ_Dataset_50/train/5/53544.png","53544.png","5","Neutral"
"ffhq","Cleaned_FFHQ_Dataset_50/train/5/61012.png","61012.png","5","Neutral"
"ffhq","Cleaned_FFHQ_Dataset_50/train/5/13688.png","13688.png","5","Neutral"
"ffhq","Cleaned_FFHQ_Dataset_50/train/5/26691.png","26691.png","5","Neutral"
"ffhq","Cleaned_FFHQ_Dataset_50/train/5/01510.png","01510.png","5","Neutral"
"ffhq","Cleaned_FFHQ_Dataset_50/train/4/13117.png","13117.png","4","Happiness"
"ffhq","Cleaned_FFHQ_Dataset_50/train/5/44487.png","44487.png","5","Neutral"
"ffhq","Cleaned_FFHQ_Dataset_50/train/5/26963.png","26963.png","5","Neutral"
"ffhq","Cleaned_FFHQ_Dataset_50/train/5/10454.png","10454.png","5","Neutral"
"ffhq","Cleaned_FFHQ_Dataset_50/train/5/08503.png","08503.png","5","Neutral"
"ffhq","Cleaned_FFHQ_Dataset_50/train/5/47843.png","47843.png","5","Neutral"
"ffhq","Cleaned_FFHQ_Dataset_50/train/4/69472.png","69472.png","4","Happiness"
"ffhq","Cleaned_FFHQ_Dataset_50/train/4/56315.png","56315.png","4","Happiness"
"ffhq","Cleaned_FFHQ_Dataset_50/train/4/12331.png","12331.png","4","Happiness"
"ffhq","Cleaned_FFHQ_Dataset_50/train/0/54678.png","54678.png","0","Anger"
"ffhq","Cleaned_FFHQ_Dataset_50/train/5/24418.png","24418.png","5","Neutral"
"ffhq","Cleaned_FFHQ_Dataset_50/train/4/41885.png","41885.png","4","Happiness"
"ffhq","Cleaned_FFHQ_Dataset_50/train/4/42869.png","42869.png","4","Happiness"
"ffhq","Cleaned_FFHQ_Dataset_50/train/5/25431.png","25431.png","5","Neutral"
"ffhq","Cleaned_FFHQ_Dataset_50/train/4/35258.png","35258.png","4","Happiness"
"ffhq","Cleaned_FFHQ_Dataset_50/train/5/01839.png","01839.png","5","Neutral"
"ffhq","Cleaned_FFHQ_Dataset_50/train/4/57032.png","57032.png","4","Happiness"
"ffhq","Cleaned_FFHQ_Dataset_50/train/5/59901.png","59901.png","5","Neutral"
"ffhq","Cleaned_FFHQ_Dataset_50/train/5/45378.png","45378.png","5","Neutral"
"ffhq","Cleaned_FFHQ_Dataset_50/train/5/55732.png","55732.png","5","Neutral"
"ffhq","Cleaned_FFHQ_Dataset_50/train/4/06214.png","06214.png","4","Happiness"
"ffhq","Cleaned_FFHQ_Dataset_50/train/4/62923.png","62923.png","4","Happiness"
"ffhq","Cleaned_FFHQ_Dataset_50/train/5/17649.png","17649.png","5","Neutral"
"ffhq","Cleaned_FFHQ_Dataset_50/train/4/63175.png","63175.png","4","Happiness"
"ffhq","Cleaned_FFHQ_Dataset_50/train/5/10861.png","10861.png","5","Neutral"
"ffhq","Cleaned_FFHQ_Dataset_50/train/4/47052.png","47052.png","4","Happiness"
"ffhq","Cleaned_FFHQ_Dataset_50/train/4/06024.png","06024.png","4","Happiness"
"ffhq","Cleaned_FFHQ_Dataset_50/train/5/29871.png","29871.png","5","Neutral"
"ffhq","Cleaned_FFHQ_Dataset_50/train/4/50457.png","50457.png","4","Happiness"
"ffhq","Cleaned_FFHQ_Dataset_50/train/5/40856.png","40856.png","5","Neutral"
"ffhq","Cleaned_FFHQ_Dataset_50/train/4/47205.png","47205.png","4","Happiness"
"ffhq","Cleaned_FFHQ_Dataset_50/train/4/41940.png","41940.png","4","Happiness"
"ffhq","Cleaned_FFHQ_Dataset_50/train/4/64465.png","64465.png","4","Happiness"
"ffhq","Cleaned_FFHQ_Dataset_50/train/4/09344.png","09344.png","4","Happiness"
"ffhq","Cleaned_FFHQ_Dataset_50/train/4/31754.png","31754.png","4","Happiness"
"ffhq","Cleaned_FFHQ_Dataset_50/train/5/20190.png","20190.png","5","Neutral"
"ffhq","Cleaned_FFHQ_Dataset_50/train/5/51622.png","51622.png","5","Neutral"
"ffhq","Cleaned_FFHQ_Dataset_50/train/4/51953.png","51953.png","4","Happiness"
"ffhq","Cleaned_FFHQ_Dataset_50/train/4/24755.png","24755.png","4","Happiness"
"ffhq","Cleaned_FFHQ_Dataset_50/train/5/59840.png","59840.png","5","Neutral"
"ffhq","Cleaned_FFHQ_Dataset_50/train/5/69295.png","69295.png","5","Neutral"
"ffhq","Cleaned_FFHQ_Dataset_50/train/4/33865.png","33865.png","4","Happiness"
"ffhq","Cleaned_FFHQ_Dataset_50/train/4/48077.png","48077.png","4","Happiness"
"ffhq","Cleaned_FFHQ_Dataset_50/train/4/50372.png","50372.png","4","Happiness"
"ffhq","Cleaned_FFHQ_Dataset_50/train/4/23088.png","23088.png","4","Happiness"
"ffhq","Cleaned_FFHQ_Dataset_50/train/4/06883.png","06883.png","4","Happiness"
"ffhq","Cleaned_FFHQ_Dataset_50/train/5/15161.png","15161.png","5","Neutral"
"ffhq","Cleaned_FFHQ_Dataset_50/train/5/40749.png","40749.png","5","Neutral"
"ffhq","Cleaned_FFHQ_Dataset_50/train/4/25453.png","25453.png","4","Happiness"
"ffhq","Cleaned_FFHQ_Dataset_50/train/5/49341.png","49341.png","5","Neutral"
"ffhq","Cleaned_FFHQ_Dataset_50/train/4/41495.png","41495.png","4","Happiness"
"ffhq","Cleaned_FFHQ_Dataset_50/train/4/28793.png","28793.png","4","Happiness"
"ffhq","Cleaned_FFHQ_Dataset_50/train/4/64464.png","64464.png","4","Happiness"
"ffhq","Cleaned_FFHQ_Dataset_50/train/5/54977.png","54977.png","5","Neutral"
"ffhq","Cleaned_FFHQ_Dataset_50/train/4/11304.png","11304.png","4","Happiness"
"ffhq","Cleaned_FFHQ_Dataset_50/train/5/33469.png","33469.png","5","Neutral"
"ffhq","Cleaned_FFHQ_Dataset_50/train/5/37101.png","37101.png","5","Neutral"
"ffhq","Cleaned_FFHQ_Dataset_50/train/5/36590.png","36590.png","5","Neutral"
"ffhq","Cleaned_FFHQ_Dataset_50/train/4/38636.png","38636.png","4","Happiness"
"ffhq","Cleaned_FFHQ_Dataset_50/train/4/67388.png","67388.png","4","Happiness"
"ffhq","Cleaned_FFHQ_Dataset_50/train/5/58918.png","58918.png","5","Neutral"
"ffhq","Cleaned_FFHQ_Dataset_50/train/4/09589.png","09589.png","4","Happiness"
"ffhq","Cleaned_FFHQ_Dataset_50/train/5/59633.png","59633.png","5","Neutral"
"ffhq","Cleaned_FFHQ_Dataset_50/train/5/42974.png","42974.png","5","Neutral"
"ffhq","Cleaned_FFHQ_Dataset_50/train/5/64744.png","64744.png","5","Neutral"
"ffhq","Cleaned_FFHQ_Dataset_50/train/4/64030.png","64030.png","4","Happiness"
"ffhq","Cleaned_FFHQ_Dataset_50/train/5/65989.png","65989.png","5","Neutral"
"ffhq","Cleaned_FFHQ_Dataset_50/train/4/25014.png","25014.png","4","Happiness"
"ffhq","Cleaned_FFHQ_Dataset_50/train/4/35901.png","35901.png","4","Happiness"
"ffhq","Cleaned_FFHQ_Dataset_50/train/4/28972.png","28972.png","4","Happiness"
"ffhq","Cleaned_FFHQ_Dataset_50/train/4/33582.png","33582.png","4","Happiness"
"ffhq","Cleaned_FFHQ_Dataset_50/train/4/58372.png","58372.png","4","Happiness"
"ffhq","Cleaned_FFHQ_Dataset_50/train/5/26345.png","26345.png","5","Neutral"
"ffhq","Cleaned_FFHQ_Dataset_50/train/5/56548.png","56548.png","5","Neutral"
"ffhq","Cleaned_FFHQ_Dataset_50/train/4/23268.png","23268.png","4","Happiness"
"ffhq","Cleaned_FFHQ_Dataset_50/train/4/61610.png","61610.png","4","Happiness"
"ffhq","Cleaned_FFHQ_Dataset_50/train/5/08450.png","08450.png","5","Neutral"
"ffhq","Cleaned_FFHQ_Dataset_50/train/4/42758.png","42758.png","4","Happiness"
"ffhq","Cleaned_FFHQ_Dataset_50/train/4/41934.png","41934.png","4","Happiness"
"ffhq","Cleaned_FFHQ_Dataset_50/train/4/63019.png","63019.png","4","Happiness"
"ffhq","Cleaned_FFHQ_Dataset_50/train/5/16530.png","16530.png","5","Neutral"
"ffhq","Cleaned_FFHQ_Dataset_50/train/4/01267.png","01267.png","4","Happiness"
"ffhq","Cleaned_FFHQ_Dataset_50/train/5/31660.png","31660.png","5","Neutral"
"ffhq","Cleaned_FFHQ_Dataset_50/train/4/39381.png","39381.png","4","Happiness"
"ffhq","Cleaned_FFHQ_Dataset_50/train/4/61108.png","61108.png","4","Happiness"
"ffhq","Cleaned_FFHQ_Dataset_50/train/5/38638.png","38638.png","5","Neutral"
"ffhq","Cleaned_FFHQ_Dataset_50/train/5/34409.png","34409.png","5","Neutral"
"ffhq","Cleaned_FFHQ_Dataset_50/train/5/03082.png","03082.png","5","Neutral"
"ffhq","Cleaned_FFHQ_Dataset_50/train/4/31118.png","31118.png","4","Happiness"
"ffhq","Cleaned_FFHQ_Dataset_50/train/5/53365.png","53365.png","5","Neutral"
"ffhq","Cleaned_FFHQ_Dataset_50/train/5/56436.png","56436.png","5","Neutral"
"ffhq","Cleaned_FFHQ_Dataset_50/train/4/55552.png","55552.png","4","Happiness"
"ffhq","Cleaned_FFHQ_Dataset_50/train/4/09908.png","09908.png","4","Happiness"
"ffhq","Cleaned_FFHQ_Dataset_50/train/4/48726.png","48726.png","4","Happiness"
"ffhq","Cleaned_FFHQ_Dataset_50/train/4/47524.png","47524.png","4","Happiness"
"ffhq","Cleaned_FFHQ_Dataset_50/train/5/45476.png","45476.png","5","Neutral"
"ffhq","Cleaned_FFHQ_Dataset_50/train/5/15423.png","15423.png","5","Neutral"
"ffhq","Cleaned_FFHQ_Dataset_50/train/4/67898.png","67898.png","4","Happiness"
"ffhq","Cleaned_FFHQ_Dataset_50/train/5/06754.png","06754.png","5","Neutral"
"ffhq","Cleaned_FFHQ_Dataset_50/train/4/39031.png","39031.png","4","Happiness"
"ffhq","Cleaned_FFHQ_Dataset_50/train/5/23611.png","23611.png","5","Neutral"
"ffhq","Cleaned_FFHQ_Dataset_50/train/4/40195.png","40195.png","4","Happiness"
"ffhq","Cleaned_FFHQ_Dataset_50/train/5/56202.png","56202.png","5","Neutral"
"ffhq","Cleaned_FFHQ_Dataset_50/train/4/62029.png","62029.png","4","Happiness"
"ffhq","Cleaned_FFHQ_Dataset_50/train/5/19660.png","19660.png","5","Neutral"
"ffhq","Cleaned_FFHQ_Dataset_50/train/5/69403.png","69403.png","5","Neutral"
"ffhq","Cleaned_FFHQ_Dataset_50/train/4/32447.png","32447.png","4","Happiness"
"ffhq","Cleaned_FFHQ_Dataset_50/train/5/08623.png","08623.png","5","Neutral"
"ffhq","Cleaned_FFHQ_Dataset_50/train/4/68084.png","68084.png","4","Happiness"
"ffhq","Cleaned_FFHQ_Dataset_50/train/4/34843.png","34843.png","4","Happiness"
"ffhq","Cleaned_FFHQ_Dataset_50/train/4/27206.png","27206.png","4","Happiness"
"ffhq","Cleaned_FFHQ_Dataset_50/train/5/66183.png","66183.png","5","Neutral"
"ffhq","Cleaned_FFHQ_Dataset_50/train/4/35495.png","35495.png","4","Happiness"
"ffhq","Cleaned_FFHQ_Dataset_50/train/5/58666.png","58666.png","5","Neutral"
"ffhq","Cleaned_FFHQ_Dataset_50/train/4/57402.png","57402.png","4","Happiness"
"ffhq","Cleaned_FFHQ_Dataset_50/train/5/53240.png","53240.png","5","Neutral"
"ffhq","Cleaned_FFHQ_Dataset_50/train/4/54485.png","54485.png","4","Happiness"
"ffhq","Cleaned_FFHQ_Dataset_50/train/5/65582.png","65582.png","5","Neutral"
"ffhq","Cleaned_FFHQ_Dataset_50/train/5/09071.png","09071.png","5","Neutral"
"ffhq","Cleaned_FFHQ_Dataset_50/train/5/09799.png","09799.png","5","Neutral"
"ffhq","Cleaned_FFHQ_Dataset_50/train/5/25651.png","25651.png","5","Neutral"
"ffhq","Cleaned_FFHQ_Dataset_50/train/5/45580.png","45580.png","5","Neutral"
"ffhq","Cleaned_FFHQ_Dataset_50/train/4/55928.png","55928.png","4","Happiness"
"ffhq","Cleaned_FFHQ_Dataset_50/train/5/44707.png","44707.png","5","Neutral"
"ffhq","Cleaned_FFHQ_Dataset_50/train/4/12460.png","12460.png","4","Happiness"
"ffhq","Cleaned_FFHQ_Dataset_50/train/5/22558.png","22558.png","5","Neutral"
"ffhq","Cleaned_FFHQ_Dataset_50/train/6/08627.png","08627.png","6","Sadness"
"ffhq","Cleaned_FFHQ_Dataset_50/train/7/48329.png","48329.png","7","Surprise"
"ffhq","Cleaned_FFHQ_Dataset_50/train/4/19221.png","19221.png","4","Happiness"
"ffhq","Cleaned_FFHQ_Dataset_50/train/4/64027.png","64027.png","4","Happiness"
"ffhq","Cleaned_FFHQ_Dataset_50/train/5/03550.png","03550.png","5","Neutral"
"ffhq","Cleaned_FFHQ_Dataset_50/train/4/45142.png","45142.png","4","Happiness"
"ffhq","Cleaned_FFHQ_Dataset_50/train/5/04177.png","04177.png","5","Neutral"
"ffhq","Cleaned_FFHQ_Dataset_50/train/4/07960.png","07960.png","4","Happiness"
"ffhq","Cleaned_FFHQ_Dataset_50/train/5/08983.png","08983.png","5","Neutral"
"ffhq","Cleaned_FFHQ_Dataset_50/train/4/02608.png","02608.png","4","Happiness"
"ffhq","Cleaned_FFHQ_Dataset_50/train/4/12509.png","12509.png","4","Happiness"
"ffhq","Cleaned_FFHQ_Dataset_50/train/4/64222.png","64222.png","4","Happiness"
"ffhq","Cleaned_FFHQ_Dataset_50/train/4/19282.png","19282.png","4","Happiness"
"ffhq","Cleaned_FFHQ_Dataset_50/train/4/16832.png","16832.png","4","Happiness"
"ffhq","Cleaned_FFHQ_Dataset_50/train/5/59767.png","59767.png","5","Neutral"
"ffhq","Cleaned_FFHQ_Dataset_50/train/4/58737.png","58737.png","4","Happiness"
"ffhq","Cleaned_FFHQ_Dataset_50/train/4/46179.png","46179.png","4","Happiness"
"ffhq","Cleaned_FFHQ_Dataset_50/train/5/49866.png","49866.png","5","Neutral"
"ffhq","Cleaned_FFHQ_Dataset_50/train/5/28225.png","28225.png","5","Neutral"
"ffhq","Cleaned_FFHQ_Dataset_50/train/4/19594.png","19594.png","4","Happiness"
"ffhq","Cleaned_FFHQ_Dataset_50/train/4/04828.png","04828.png","4","Happiness"
"ffhq","Cleaned_FFHQ_Dataset_50/train/5/53276.png","53276.png","5","Neutral"
"ffhq","Cleaned_FFHQ_Dataset_50/train/4/37970.png","37970.png","4","Happiness"
"ffhq","Cleaned_FFHQ_Dataset_50/train/5/63525.png","63525.png","5","Neutral"
"ffhq","Cleaned_FFHQ_Dataset_50/train/5/43503.png","43503.png","5","Neutral"
"ffhq","Cleaned_FFHQ_Dataset_50/train/4/69661.png","69661.png","4","Happiness"
"ffhq","Cleaned_FFHQ_Dataset_50/train/4/06562.png","06562.png","4","Happiness"
"ffhq","Cleaned_FFHQ_Dataset_50/train/5/57345.png","57345.png","5","Neutral"
"ffhq","Cleaned_FFHQ_Dataset_50/train/4/30286.png","30286.png","4","Happiness"
"ffhq","Cleaned_FFHQ_Dataset_50/train/4/05909.png","05909.png","4","Happiness"
"ffhq","Cleaned_FFHQ_Dataset_50/train/4/41052.png","41052.png","4","Happiness"
"ffhq","Cleaned_FFHQ_Dataset_50/train/4/24554.png","24554.png","4","Happiness"
"ffhq","Cleaned_FFHQ_Dataset_50/train/4/21876.png","21876.png","4","Happiness"
"ffhq","Cleaned_FFHQ_Dataset_50/train/4/49403.png","49403.png","4","Happiness"
"ffhq","Cleaned_FFHQ_Dataset_50/train/5/06203.png","06203.png","5","Neutral"
"ffhq","Cleaned_FFHQ_Dataset_50/train/4/52982.png","52982.png","4","Happiness"
"ffhq","Cleaned_FFHQ_Dataset_50/train/4/53024.png","53024.png","4","Happiness"
"ffhq","Cleaned_FFHQ_Dataset_50/train/5/24933.png","24933.png","5","Neutral"
"ffhq","Cleaned_FFHQ_Dataset_50/train/5/24565.png","24565.png","5","Neutral"
"ffhq","Cleaned_FFHQ_Dataset_50/train/5/27101.png","27101.png","5","Neutral"
"ffhq","Cleaned_FFHQ_Dataset_50/train/4/61100.png","61100.png","4","Happiness"
"ffhq","Cleaned_FFHQ_Dataset_50/train/5/35886.png","35886.png","5","Neutral"
"ffhq","Cleaned_FFHQ_Dataset_50/train/5/41042.png","41042.png","5","Neutral"
"ffhq","Cleaned_FFHQ_Dataset_50/train/4/39469.png","39469.png","4","Happiness"
"ffhq","Cleaned_FFHQ_Dataset_50/train/4/52316.png","52316.png","4","Happiness"
"ffhq","Cleaned_FFHQ_Dataset_50/train/5/16387.png","16387.png","5","Neutral"
"ffhq","Cleaned_FFHQ_Dataset_50/train/5/32583.png","32583.png","5","Neutral"
"ffhq","Cleaned_FFHQ_Dataset_50/train/5/21686.png","21686.png","5","Neutral"
"ffhq","Cleaned_FFHQ_Dataset_50/train/5/21172.png","21172.png","5","Neutral"
"ffhq","Cleaned_FFHQ_Dataset_50/train/4/65566.png","65566.png","4","Happiness"
"ffhq","Cleaned_FFHQ_Dataset_50/train/4/53292.png","53292.png","4","Happiness"
"ffhq","Cleaned_FFHQ_Dataset_50/train/5/57011.png","57011.png","5","Neutral"
"ffhq","Cleaned_FFHQ_Dataset_50/train/4/22247.png","22247.png","4","Happiness"
"ffhq","Cleaned_FFHQ_Dataset_50/train/4/26565.png","26565.png","4","Happiness"
"ffhq","Cleaned_FFHQ_Dataset_50/train/5/45118.png","45118.png","5","Neutral"
"ffhq","Cleaned_FFHQ_Dataset_50/train/4/56644.png","56644.png","4","Happiness"
"ffhq","Cleaned_FFHQ_Dataset_50/train/4/09192.png","09192.png","4","Happiness"
"ffhq","Cleaned_FFHQ_Dataset_50/train/5/47032.png","47032.png","5","Neutral"
"ffhq","Cleaned_FFHQ_Dataset_50/train/4/10880.png","10880.png","4","Happiness"
"ffhq","Cleaned_FFHQ_Dataset_50/train/5/21051.png","21051.png","5","Neutral"
"ffhq","Cleaned_FFHQ_Dataset_50/train/5/37496.png","37496.png","5","Neutral"
"ffhq","Cleaned_FFHQ_Dataset_50/train/4/06176.png","06176.png","4","Happiness"
"ffhq","Cleaned_FFHQ_Dataset_50/train/5/41242.png","41242.png","5","Neutral"
"ffhq","Cleaned_FFHQ_Dataset_50/train/4/63118.png","63118.png","4","Happiness"
"ffhq","Cleaned_FFHQ_Dataset_50/train/4/32584.png","32584.png","4","Happiness"
"ffhq","Cleaned_FFHQ_Dataset_50/train/4/63656.png","63656.png","4","Happiness"
"ffhq","Cleaned_FFHQ_Dataset_50/train/4/17085.png","17085.png","4","Happiness"
"ffhq","Cleaned_FFHQ_Dataset_50/train/4/63168.png","63168.png","4","Happiness"
"ffhq","Cleaned_FFHQ_Dataset_50/train/4/65722.png","65722.png","4","Happiness"
"ffhq","Cleaned_FFHQ_Dataset_50/train/4/45475.png","45475.png","4","Happiness"
"ffhq","Cleaned_FFHQ_Dataset_50/train/5/48564.png","48564.png","5","Neutral"
"ffhq","Cleaned_FFHQ_Dataset_50/train/5/64104.png","64104.png","5","Neutral"
"ffhq","Cleaned_FFHQ_Dataset_50/train/5/61589.png","61589.png","5","Neutral"
"ffhq","Cleaned_FFHQ_Dataset_50/train/4/37411.png","37411.png","4","Happiness"
"ffhq","Cleaned_FFHQ_Dataset_50/train/5/45705.png","45705.png","5","Neutral"
"ffhq","Cleaned_FFHQ_Dataset_50/train/4/31402.png","31402.png","4","Happiness"
"ffhq","Cleaned_FFHQ_Dataset_50/train/4/04839.png","04839.png","4","Happiness"
"ffhq","Cleaned_FFHQ_Dataset_50/train/5/08739.png","08739.png","5","Neutral"
"ffhq","Cleaned_FFHQ_Dataset_50/train/5/43299.png","43299.png","5","Neutral"
"ffhq","Cleaned_FFHQ_Dataset_50/train/4/46232.png","46232.png","4","Happiness"
"ffhq","Cleaned_FFHQ_Dataset_50/train/5/67494.png","67494.png","5","Neutral"
"ffhq","Cleaned_FFHQ_Dataset_50/train/5/58975.png","58975.png","5","Neutral"
"ffhq","Cleaned_FFHQ_Dataset_50/train/5/25560.png","25560.png","5","Neutral"
"ffhq","Cleaned_FFHQ_Dataset_50/train/5/20617.png","20617.png","5","Neutral"
"ffhq","Cleaned_FFHQ_Dataset_50/train/4/41679.png","41679.png","4","Happiness"
"ffhq","Cleaned_FFHQ_Dataset_50/train/5/49414.png","49414.png","5","Neutral"
"ffhq","Cleaned_FFHQ_Dataset_50/train/4/25018.png","25018.png","4","Happiness"
"ffhq","Cleaned_FFHQ_Dataset_50/train/5/64205.png","64205.png","5","Neutral"
"ffhq","Cleaned_FFHQ_Dataset_50/train/4/32520.png","32520.png","4","Happiness"
"ffhq","Cleaned_FFHQ_Dataset_50/train/4/57416.png","57416.png","4","Happiness"
"ffhq","Cleaned_FFHQ_Dataset_50/train/4/28588.png","28588.png","4","Happiness"
"ffhq","Cleaned_FFHQ_Dataset_50/train/5/16012.png","16012.png","5","Neutral"
"ffhq","Cleaned_FFHQ_Dataset_50/train/5/61232.png","61232.png","5","Neutral"
"ffhq","Cleaned_FFHQ_Dataset_50/train/5/23962.png","23962.png","5","Neutral"
"ffhq","Cleaned_FFHQ_Dataset_50/train/4/04430.png","04430.png","4","Happiness"
"ffhq","Cleaned_FFHQ_Dataset_50/train/4/19585.png","19585.png","4","Happiness"
"ffhq","Cleaned_FFHQ_Dataset_50/train/4/03298.png","03298.png","4","Happiness"
"ffhq","Cleaned_FFHQ_Dataset_50/train/4/25871.png","25871.png","4","Happiness"
"ffhq","Cleaned_FFHQ_Dataset_50/train/5/41499.png","41499.png","5","Neutral"
"ffhq","Cleaned_FFHQ_Dataset_50/train/4/06764.png","06764.png","4","Happiness"
"ffhq","Cleaned_FFHQ_Dataset_50/train/5/19820.png","19820.png","5","Neutral"
"ffhq","Cleaned_FFHQ_Dataset_50/train/4/56049.png","56049.png","4","Happiness"
"ffhq","Cleaned_FFHQ_Dataset_50/train/4/29280.png","29280.png","4","Happiness"
"ffhq","Cleaned_FFHQ_Dataset_50/train/5/03089.png","03089.png","5","Neutral"
"ffhq","Cleaned_FFHQ_Dataset_50/train/5/22782.png","22782.png","5","Neutral"
"ffhq","Cleaned_FFHQ_Dataset_50/train/4/04339.png","04339.png","4","Happiness"
"ffhq","Cleaned_FFHQ_Dataset_50/train/4/50667.png","50667.png","4","Happiness"
"ffhq","Cleaned_FFHQ_Dataset_50/train/4/20684.png","20684.png","4","Happiness"
"ffhq","Cleaned_FFHQ_Dataset_50/train/5/52289.png","52289.png","5","Neutral"
"ffhq","Cleaned_FFHQ_Dataset_50/train/4/12016.png","12016.png","4","Happiness"
"ffhq","Cleaned_FFHQ_Dataset_50/train/4/14413.png","14413.png","4","Happiness"
"ffhq","Cleaned_FFHQ_Dataset_50/train/5/65089.png","65089.png","5","Neutral"
"ffhq","Cleaned_FFHQ_Dataset_50/train/5/19766.png","19766.png","5","Neutral"
"ffhq","Cleaned_FFHQ_Dataset_50/train/4/69898.png","69898.png","4","Happiness"
"ffhq","Cleaned_FFHQ_Dataset_50/train/5/50564.png","50564.png","5","Neutral"
"ffhq","Cleaned_FFHQ_Dataset_50/train/7/33627.png","33627.png","7","Surprise"
"ffhq","Cleaned_FFHQ_Dataset_50/train/5/22698.png","22698.png","5","Neutral"
"ffhq","Cleaned_FFHQ_Dataset_50/train/5/24589.png","24589.png","5","Neutral"
"ffhq","Cleaned_FFHQ_Dataset_50/train/5/08375.png","08375.png","5","Neutral"
"ffhq","Cleaned_FFHQ_Dataset_50/train/5/56009.png","56009.png","5","Neutral"
"ffhq","Cleaned_FFHQ_Dataset_50/train/5/49771.png","49771.png","5","Neutral"
"ffhq","Cleaned_FFHQ_Dataset_50/train/4/66367.png","66367.png","4","Happiness"
"ffhq","Cleaned_FFHQ_Dataset_50/train/4/09812.png","09812.png","4","Happiness"
"ffhq","Cleaned_FFHQ_Dataset_50/train/4/50222.png","50222.png","4","Happiness"
"ffhq","Cleaned_FFHQ_Dataset_50/train/4/37714.png","37714.png","4","Happiness"
"ffhq","Cleaned_FFHQ_Dataset_50/train/5/34588.png","34588.png","5","Neutral"
"ffhq","Cleaned_FFHQ_Dataset_50/train/4/54659.png","54659.png","4","Happiness"
"ffhq","Cleaned_FFHQ_Dataset_50/train/5/17842.png","17842.png","5","Neutral"
"ffhq","Cleaned_FFHQ_Dataset_50/train/4/66905.png","66905.png","4","Happiness"
"ffhq","Cleaned_FFHQ_Dataset_50/train/4/43839.png","43839.png","4","Happiness"
"ffhq","Cleaned_FFHQ_Dataset_50/train/5/64281.png","64281.png","5","Neutral"
"ffhq","Cleaned_FFHQ_Dataset_50/train/5/17970.png","17970.png","5","Neutral"
"ffhq","Cleaned_FFHQ_Dataset_50/train/5/04945.png","04945.png","5","Neutral"
"ffhq","Cleaned_FFHQ_Dataset_50/train/5/19623.png","19623.png","5","Neutral"
"ffhq","Cleaned_FFHQ_Dataset_50/train/5/48447.png","48447.png","5","Neutral"
"ffhq","Cleaned_FFHQ_Dataset_50/train/5/52103.png","52103.png","5","Neutral"
"ffhq","Cleaned_FFHQ_Dataset_50/train/4/17134.png","17134.png","4","Happiness"
"ffhq","Cleaned_FFHQ_Dataset_50/train/4/56204.png","56204.png","4","Happiness"
"ffhq","Cleaned_FFHQ_Dataset_50/train/4/33414.png","33414.png","4","Happiness"
"ffhq","Cleaned_FFHQ_Dataset_50/train/5/41862.png","41862.png","5","Neutral"
"ffhq","Cleaned_FFHQ_Dataset_50/train/4/05445.png","05445.png","4","Happiness"
"ffhq","Cleaned_FFHQ_Dataset_50/train/5/41777.png","41777.png","5","Neutral"
"ffhq","Cleaned_FFHQ_Dataset_50/train/5/19138.png","19138.png","5","Neutral"
"ffhq","Cleaned_FFHQ_Dataset_50/train/4/64338.png","64338.png","4","Happiness"
"ffhq","Cleaned_FFHQ_Dataset_50/train/4/01299.png","01299.png","4","Happiness"
"ffhq","Cleaned_FFHQ_Dataset_50/train/7/16680.png","16680.png","7","Surprise"
"ffhq","Cleaned_FFHQ_Dataset_50/train/4/06321.png","06321.png","4","Happiness"
"ffhq","Cleaned_FFHQ_Dataset_50/train/7/50314.png","50314.png","7","Surprise"
"ffhq","Cleaned_FFHQ_Dataset_50/train/4/58595.png","58595.png","4","Happiness"
"ffhq","Cleaned_FFHQ_Dataset_50/train/4/53299.png","53299.png","4","Happiness"
"ffhq","Cleaned_FFHQ_Dataset_50/train/5/25247.png","25247.png","5","Neutral"
"ffhq","Cleaned_FFHQ_Dataset_50/train/5/17717.png","17717.png","5","Neutral"
"ffhq","Cleaned_FFHQ_Dataset_50/train/4/25187.png","25187.png","4","Happiness"
"ffhq","Cleaned_FFHQ_Dataset_50/train/4/68937.png","68937.png","4","Happiness"
"ffhq","Cleaned_FFHQ_Dataset_50/train/5/09051.png","09051.png","5","Neutral"
"ffhq","Cleaned_FFHQ_Dataset_50/train/4/66789.png","66789.png","4","Happiness"
"ffhq","Cleaned_FFHQ_Dataset_50/train/5/37288.png","37288.png","5","Neutral"
"ffhq","Cleaned_FFHQ_Dataset_50/train/5/08497.png","08497.png","5","Neutral"
"ffhq","Cleaned_FFHQ_Dataset_50/train/5/05343.png","05343.png","5","Neutral"
"ffhq","Cleaned_FFHQ_Dataset_50/train/4/51963.png","51963.png","4","Happiness"
"ffhq","Cleaned_FFHQ_Dataset_50/train/4/59256.png","59256.png","4","Happiness"
"ffhq","Cleaned_FFHQ_Dataset_50/train/5/43214.png","43214.png","5","Neutral"
"ffhq","Cleaned_FFHQ_Dataset_50/train/5/21315.png","21315.png","5","Neutral"
"ffhq","Cleaned_FFHQ_Dataset_50/train/5/49299.png","49299.png","5","Neutral"
"ffhq","Cleaned_FFHQ_Dataset_50/train/5/61351.png","61351.png","5","Neutral"
"ffhq","Cleaned_FFHQ_Dataset_50/train/5/58791.png","58791.png","5","Neutral"
"ffhq","Cleaned_FFHQ_Dataset_50/train/5/09182.png","09182.png","5","Neutral"
"ffhq","Cleaned_FFHQ_Dataset_50/train/4/11521.png","11521.png","4","Happiness"
"ffhq","Cleaned_FFHQ_Dataset_50/train/4/54852.png","54852.png","4","Happiness"
"ffhq","Cleaned_FFHQ_Dataset_50/train/5/03707.png","03707.png","5","Neutral"
"ffhq","Cleaned_FFHQ_Dataset_50/train/6/48767.png","48767.png","6","Sadness"
"ffhq","Cleaned_FFHQ_Dataset_50/train/4/03939.png","03939.png","4","Happiness"
"ffhq","Cleaned_FFHQ_Dataset_50/train/4/10221.png","10221.png","4","Happiness"
"ffhq","Cleaned_FFHQ_Dataset_50/train/5/67062.png","67062.png","5","Neutral"
"ffhq","Cleaned_FFHQ_Dataset_50/train/4/49439.png","49439.png","4","Happiness"
"ffhq","Cleaned_FFHQ_Dataset_50/train/5/22415.png","22415.png","5","Neutral"
"ffhq","Cleaned_FFHQ_Dataset_50/train/5/69978.png","69978.png","5","Neutral"
"ffhq","Cleaned_FFHQ_Dataset_50/train/4/50146.png","50146.png","4","Happiness"
"ffhq","Cleaned_FFHQ_Dataset_50/train/4/62554.png","62554.png","4","Happiness"
"ffhq","Cleaned_FFHQ_Dataset_50/train/4/49630.png","49630.png","4","Happiness"
"ffhq","Cleaned_FFHQ_Dataset_50/train/4/11686.png","11686.png","4","Happiness"
"ffhq","Cleaned_FFHQ_Dataset_50/train/5/50556.png","50556.png","5","Neutral"
"ffhq","Cleaned_FFHQ_Dataset_50/train/4/16847.png","16847.png","4","Happiness"
"ffhq","Cleaned_FFHQ_Dataset_50/train/4/59190.png","59190.png","4","Happiness"
"ffhq","Cleaned_FFHQ_Dataset_50/train/5/11708.png","11708.png","5","Neutral"
"ffhq","Cleaned_FFHQ_Dataset_50/train/5/16710.png","16710.png","5","Neutral"
"ffhq","Cleaned_FFHQ_Dataset_50/train/4/02495.png","02495.png","4","Happiness"
"ffhq","Cleaned_FFHQ_Dataset_50/train/5/11802.png","11802.png","5","Neutral"
"ffhq","Cleaned_FFHQ_Dataset_50/train/4/01411.png","01411.png","4","Happiness"
"ffhq","Cleaned_FFHQ_Dataset_50/train/5/38720.png","38720.png","5","Neutral"
"ffhq","Cleaned_FFHQ_Dataset_50/train/5/33993.png","33993.png","5","Neutral"
"ffhq","Cleaned_FFHQ_Dataset_50/train/5/32736.png","32736.png","5","Neutral"
"ffhq","Cleaned_FFHQ_Dataset_50/train/5/25098.png","25098.png","5","Neutral"
"ffhq","Cleaned_FFHQ_Dataset_50/train/5/02838.png","02838.png","5","Neutral"
"ffhq","Cleaned_FFHQ_Dataset_50/train/4/20506.png","20506.png","4","Happiness"
"ffhq","Cleaned_FFHQ_Dataset_50/train/4/30619.png","30619.png","4","Happiness"
"ffhq","Cleaned_FFHQ_Dataset_50/train/4/05493.png","05493.png","4","Happiness"
"ffhq","Cleaned_FFHQ_Dataset_50/train/4/20497.png","20497.png","4","Happiness"
"ffhq","Cleaned_FFHQ_Dataset_50/train/5/13739.png","13739.png","5","Neutral"
"ffhq","Cleaned_FFHQ_Dataset_50/train/4/66770.png","66770.png","4","Happiness"
"ffhq","Cleaned_FFHQ_Dataset_50/train/4/23526.png","23526.png","4","Happiness"
"ffhq","Cleaned_FFHQ_Dataset_50/train/4/34218.png","34218.png","4","Happiness"
"ffhq","Cleaned_FFHQ_Dataset_50/train/5/25518.png","25518.png","5","Neutral"
"ffhq","Cleaned_FFHQ_Dataset_50/train/4/02665.png","02665.png","4","Happiness"
"ffhq","Cleaned_FFHQ_Dataset_50/train/4/17191.png","17191.png","4","Happiness"
"ffhq","Cleaned_FFHQ_Dataset_50/train/5/57848.png","57848.png","5","Neutral"
"ffhq","Cleaned_FFHQ_Dataset_50/train/4/06954.png","06954.png","4","Happiness"
"ffhq","Cleaned_FFHQ_Dataset_50/train/5/52970.png","52970.png","5","Neutral"
"ffhq","Cleaned_FFHQ_Dataset_50/train/5/50615.png","50615.png","5","Neutral"
"ffhq","Cleaned_FFHQ_Dataset_50/train/5/25419.png","25419.png","5","Neutral"
"ffhq","Cleaned_FFHQ_Dataset_50/train/4/20773.png","20773.png","4","Happiness"
"ffhq","Cleaned_FFHQ_Dataset_50/train/4/20758.png","20758.png","4","Happiness"
"ffhq","Cleaned_FFHQ_Dataset_50/train/4/00538.png","00538.png","4","Happiness"
"ffhq","Cleaned_FFHQ_Dataset_50/train/4/69432.png","69432.png","4","Happiness"
"ffhq","Cleaned_FFHQ_Dataset_50/train/4/30261.png","30261.png","4","Happiness"
"ffhq","Cleaned_FFHQ_Dataset_50/train/5/50540.png","50540.png","5","Neutral"
"ffhq","Cleaned_FFHQ_Dataset_50/train/5/59301.png","59301.png","5","Neutral"
"ffhq","Cleaned_FFHQ_Dataset_50/train/4/58643.png","58643.png","4","Happiness"
"ffhq","Cleaned_FFHQ_Dataset_50/train/5/11976.png","11976.png","5","Neutral"
"ffhq","Cleaned_FFHQ_Dataset_50/train/5/43761.png","43761.png","5","Neutral"
"ffhq","Cleaned_FFHQ_Dataset_50/train/4/52715.png","52715.png","4","Happiness"
"ffhq","Cleaned_FFHQ_Dataset_50/train/5/69592.png","69592.png","5","Neutral"
"ffhq","Cleaned_FFHQ_Dataset_50/train/5/19993.png","19993.png","5","Neutral"
"ffhq","Cleaned_FFHQ_Dataset_50/train/5/07966.png","07966.png","5","Neutral"
"ffhq","Cleaned_FFHQ_Dataset_50/train/5/52063.png","52063.png","5","Neutral"
"ffhq","Cleaned_FFHQ_Dataset_50/train/4/11289.png","11289.png","4","Happiness"
"ffhq","Cleaned_FFHQ_Dataset_50/train/4/09159.png","09159.png","4","Happiness"
"ffhq","Cleaned_FFHQ_Dataset_50/train/5/03207.png","03207.png","5","Neutral"
"ffhq","Cleaned_FFHQ_Dataset_50/train/4/26439.png","26439.png","4","Happiness"
"ffhq","Cleaned_FFHQ_Dataset_50/train/4/29208.png","29208.png","4","Happiness"
"ffhq","Cleaned_FFHQ_Dataset_50/train/4/29664.png","29664.png","4","Happiness"
"ffhq","Cleaned_FFHQ_Dataset_50/train/4/33824.png","33824.png","4","Happiness"
"ffhq","Cleaned_FFHQ_Dataset_50/train/4/69395.png","69395.png","4","Happiness"
"ffhq","Cleaned_FFHQ_Dataset_50/train/5/14644.png","14644.png","5","Neutral"
"ffhq","Cleaned_FFHQ_Dataset_50/train/4/33580.png","33580.png","4","Happiness"
"ffhq","Cleaned_FFHQ_Dataset_50/train/4/63053.png","63053.png","4","Happiness"
"ffhq","Cleaned_FFHQ_Dataset_50/train/4/02733.png","02733.png","4","Happiness"
"ffhq","Cleaned_FFHQ_Dataset_50/train/5/56210.png","56210.png","5","Neutral"
"ffhq","Cleaned_FFHQ_Dataset_50/train/4/35363.png","35363.png","4","Happiness"
"ffhq","Cleaned_FFHQ_Dataset_50/train/5/37106.png","37106.png","5","Neutral"
"ffhq","Cleaned_FFHQ_Dataset_50/train/5/46765.png","46765.png","5","Neutral"
"ffhq","Cleaned_FFHQ_Dataset_50/train/4/01892.png","01892.png","4","Happiness"
"ffhq","Cleaned_FFHQ_Dataset_50/train/5/13384.png","13384.png","5","Neutral"
"ffhq","Cleaned_FFHQ_Dataset_50/train/5/05045.png","05045.png","5","Neutral"
"ffhq","Cleaned_FFHQ_Dataset_50/train/4/61576.png","61576.png","4","Happiness"
"ffhq","Cleaned_FFHQ_Dataset_50/train/4/40619.png","40619.png","4","Happiness"
"ffhq","Cleaned_FFHQ_Dataset_50/train/4/69392.png","69392.png","4","Happiness"
"ffhq","Cleaned_FFHQ_Dataset_50/train/5/60252.png","60252.png","5","Neutral"
"ffhq","Cleaned_FFHQ_Dataset_50/train/4/46934.png","46934.png","4","Happiness"
"ffhq","Cleaned_FFHQ_Dataset_50/train/4/04352.png","04352.png","4","Happiness"
"ffhq","Cleaned_FFHQ_Dataset_50/train/4/37806.png","37806.png","4","Happiness"
"ffhq","Cleaned_FFHQ_Dataset_50/train/4/51986.png","51986.png","4","Happiness"
"ffhq","Cleaned_FFHQ_Dataset_50/train/5/46995.png","46995.png","5","Neutral"
"ffhq","Cleaned_FFHQ_Dataset_50/train/4/10849.png","10849.png","4","Happiness"
"ffhq","Cleaned_FFHQ_Dataset_50/train/5/69616.png","69616.png","5","Neutral"
"ffhq","Cleaned_FFHQ_Dataset_50/train/5/35428.png","35428.png","5","Neutral"
"ffhq","Cleaned_FFHQ_Dataset_50/train/4/29644.png","29644.png","4","Happiness"
"ffhq","Cleaned_FFHQ_Dataset_50/train/4/31746.png","31746.png","4","Happiness"
"ffhq","Cleaned_FFHQ_Dataset_50/train/5/47456.png","47456.png","5","Neutral"
"ffhq","Cleaned_FFHQ_Dataset_50/train/4/38451.png","38451.png","4","Happiness"
"ffhq","Cleaned_FFHQ_Dataset_50/train/4/33541.png","33541.png","4","Happiness"
"ffhq","Cleaned_FFHQ_Dataset_50/train/5/29154.png","29154.png","5","Neutral"
"ffhq","Cleaned_FFHQ_Dataset_50/train/4/45978.png","45978.png","4","Happiness"
"ffhq","Cleaned_FFHQ_Dataset_50/train/4/09745.png","09745.png","4","Happiness"
"ffhq","Cleaned_FFHQ_Dataset_50/train/4/43233.png","43233.png","4","Happiness"
"ffhq","Cleaned_FFHQ_Dataset_50/train/4/39090.png","39090.png","4","Happiness"
"ffhq","Cleaned_FFHQ_Dataset_50/train/4/33920.png","33920.png","4","Happiness"
"ffhq","Cleaned_FFHQ_Dataset_50/train/5/24061.png","24061.png","5","Neutral"
"ffhq","Cleaned_FFHQ_Dataset_50/train/5/22682.png","22682.png","5","Neutral"
"ffhq","Cleaned_FFHQ_Dataset_50/train/4/68656.png","68656.png","4","Happiness"
"ffhq","Cleaned_FFHQ_Dataset_50/train/4/01673.png","01673.png","4","Happiness"
"ffhq","Cleaned_FFHQ_Dataset_50/train/5/48562.png","48562.png","5","Neutral"
"ffhq","Cleaned_FFHQ_Dataset_50/train/5/26664.png","26664.png","5","Neutral"
"ffhq","Cleaned_FFHQ_Dataset_50/train/5/11396.png","11396.png","5","Neutral"
"ffhq","Cleaned_FFHQ_Dataset_50/train/4/40414.png","40414.png","4","Happiness"
"ffhq","Cleaned_FFHQ_Dataset_50/train/4/20677.png","20677.png","4","Happiness"
"ffhq","Cleaned_FFHQ_Dataset_50/train/4/41006.png","41006.png","4","Happiness"
"ffhq","Cleaned_FFHQ_Dataset_50/train/0/45819.png","45819.png","0","Anger"
"ffhq","Cleaned_FFHQ_Dataset_50/train/4/57605.png","57605.png","4","Happiness"
"ffhq","Cleaned_FFHQ_Dataset_50/train/4/50422.png","50422.png","4","Happiness"
"ffhq","Cleaned_FFHQ_Dataset_50/train/5/67006.png","67006.png","5","Neutral"
"ffhq","Cleaned_FFHQ_Dataset_50/train/4/61879.png","61879.png","4","Happiness"
"ffhq","Cleaned_FFHQ_Dataset_50/train/5/50806.png","50806.png","5","Neutral"
"ffhq","Cleaned_FFHQ_Dataset_50/train/4/23847.png","23847.png","4","Happiness"
"ffhq","Cleaned_FFHQ_Dataset_50/train/4/18381.png","18381.png","4","Happiness"
"ffhq","Cleaned_FFHQ_Dataset_50/train/5/20276.png","20276.png","5","Neutral"
"ffhq","Cleaned_FFHQ_Dataset_50/train/5/08488.png","08488.png","5","Neutral"
"ffhq","Cleaned_FFHQ_Dataset_50/train/4/31492.png","31492.png","4","Happiness"
"ffhq","Cleaned_FFHQ_Dataset_50/train/4/22053.png","22053.png","4","Happiness"
"ffhq","Cleaned_FFHQ_Dataset_50/train/4/32947.png","32947.png","4","Happiness"
"ffhq","Cleaned_FFHQ_Dataset_50/train/5/09114.png","09114.png","5","Neutral"
"ffhq","Cleaned_FFHQ_Dataset_50/train/4/18717.png","18717.png","4","Happiness"
"ffhq","Cleaned_FFHQ_Dataset_50/train/5/34997.png","34997.png","5","Neutral"
"ffhq","Cleaned_FFHQ_Dataset_50/train/5/59457.png","59457.png","5","Neutral"
"ffhq","Cleaned_FFHQ_Dataset_50/train/5/06717.png","06717.png","5","Neutral"
"ffhq","Cleaned_FFHQ_Dataset_50/train/4/09593.png","09593.png","4","Happiness"
"ffhq","Cleaned_FFHQ_Dataset_50/train/4/24047.png","24047.png","4","Happiness"
"ffhq","Cleaned_FFHQ_Dataset_50/train/4/35062.png","35062.png","4","Happiness"
"ffhq","Cleaned_FFHQ_Dataset_50/train/4/51154.png","51154.png","4","Happiness"
"ffhq","Cleaned_FFHQ_Dataset_50/train/4/08066.png","08066.png","4","Happiness"
"ffhq","Cleaned_FFHQ_Dataset_50/train/4/45881.png","45881.png","4","Happiness"
"ffhq","Cleaned_FFHQ_Dataset_50/train/4/53445.png","53445.png","4","Happiness"
"ffhq","Cleaned_FFHQ_Dataset_50/train/4/51014.png","51014.png","4","Happiness"
"ffhq","Cleaned_FFHQ_Dataset_50/train/4/67487.png","67487.png","4","Happiness"
"ffhq","Cleaned_FFHQ_Dataset_50/train/5/39745.png","39745.png","5","Neutral"
"ffhq","Cleaned_FFHQ_Dataset_50/train/5/11647.png","11647.png","5","Neutral"
"ffhq","Cleaned_FFHQ_Dataset_50/train/4/53524.png","53524.png","4","Happiness"
"ffhq","Cleaned_FFHQ_Dataset_50/train/4/36563.png","36563.png","4","Happiness"
"ffhq","Cleaned_FFHQ_Dataset_50/train/5/49267.png","49267.png","5","Neutral"
"ffhq","Cleaned_FFHQ_Dataset_50/train/4/07099.png","07099.png","4","Happiness"
"ffhq","Cleaned_FFHQ_Dataset_50/train/4/58827.png","58827.png","4","Happiness"
"ffhq","Cleaned_FFHQ_Dataset_50/train/6/63986.png","63986.png","6","Sadness"
"ffhq","Cleaned_FFHQ_Dataset_50/train/4/21481.png","21481.png","4","Happiness"
"ffhq","Cleaned_FFHQ_Dataset_50/train/5/59123.png","59123.png","5","Neutral"
"ffhq","Cleaned_FFHQ_Dataset_50/train/6/36511.png","36511.png","6","Sadness"
"ffhq","Cleaned_FFHQ_Dataset_50/train/5/52921.png","52921.png","5","Neutral"
"ffhq","Cleaned_FFHQ_Dataset_50/train/5/32620.png","32620.png","5","Neutral"
"ffhq","Cleaned_FFHQ_Dataset_50/train/4/04331.png","04331.png","4","Happiness"
"ffhq","Cleaned_FFHQ_Dataset_50/train/4/27794.png","27794.png","4","Happiness"
"ffhq","Cleaned_FFHQ_Dataset_50/train/5/29197.png","29197.png","5","Neutral"
"ffhq","Cleaned_FFHQ_Dataset_50/train/4/56673.png","56673.png","4","Happiness"
"ffhq","Cleaned_FFHQ_Dataset_50/train/4/05833.png","05833.png","4","Happiness"
"ffhq","Cleaned_FFHQ_Dataset_50/train/5/25684.png","25684.png","5","Neutral"
"ffhq","Cleaned_FFHQ_Dataset_50/train/4/21404.png","21404.png","4","Happiness"
"ffhq","Cleaned_FFHQ_Dataset_50/train/4/18477.png","18477.png","4","Happiness"
"ffhq","Cleaned_FFHQ_Dataset_50/train/5/13512.png","13512.png","5","Neutral"
"ffhq","Cleaned_FFHQ_Dataset_50/train/5/14936.png","14936.png","5","Neutral"
"ffhq","Cleaned_FFHQ_Dataset_50/train/5/65510.png","65510.png","5","Neutral"
"ffhq","Cleaned_FFHQ_Dataset_50/train/5/57887.png","57887.png","5","Neutral"
"ffhq","Cleaned_FFHQ_Dataset_50/train/4/60209.png","60209.png","4","Happiness"
"ffhq","Cleaned_FFHQ_Dataset_50/train/6/34752.png","34752.png","6","Sadness"
"ffhq","Cleaned_FFHQ_Dataset_50/train/4/43658.png","43658.png","4","Happiness"
"ffhq","Cleaned_FFHQ_Dataset_50/train/4/53356.png","53356.png","4","Happiness"
"ffhq","Cleaned_FFHQ_Dataset_50/train/5/40205.png","40205.png","5","Neutral"
"ffhq","Cleaned_FFHQ_Dataset_50/train/4/26671.png","26671.png","4","Happiness"
"ffhq","Cleaned_FFHQ_Dataset_50/train/4/61117.png","61117.png","4","Happiness"
"ffhq","Cleaned_FFHQ_Dataset_50/train/5/41808.png","41808.png","5","Neutral"
"ffhq","Cleaned_FFHQ_Dataset_50/train/5/00024.png","00024.png","5","Neutral"
"ffhq","Cleaned_FFHQ_Dataset_50/train/4/18538.png","18538.png","4","Happiness"
"ffhq","Cleaned_FFHQ_Dataset_50/train/4/49743.png","49743.png","4","Happiness"
"ffhq","Cleaned_FFHQ_Dataset_50/train/5/18740.png","18740.png","5","Neutral"
"ffhq","Cleaned_FFHQ_Dataset_50/train/4/28840.png","28840.png","4","Happiness"
"ffhq","Cleaned_FFHQ_Dataset_50/train/7/54667.png","54667.png","7","Surprise"
"ffhq","Cleaned_FFHQ_Dataset_50/train/5/19619.png","19619.png","5","Neutral"
"ffhq","Cleaned_FFHQ_Dataset_50/train/5/36747.png","36747.png","5","Neutral"
"ffhq","Cleaned_FFHQ_Dataset_50/train/5/58021.png","58021.png","5","Neutral"
"ffhq","Cleaned_FFHQ_Dataset_50/train/5/15113.png","15113.png","5","Neutral"
"ffhq","Cleaned_FFHQ_Dataset_50/train/4/44313.png","44313.png","4","Happiness"
"ffhq","Cleaned_FFHQ_Dataset_50/train/5/49021.png","49021.png","5","Neutral"
"ffhq","Cleaned_FFHQ_Dataset_50/train/0/08115.png","08115.png","0","Anger"
"ffhq","Cleaned_FFHQ_Dataset_50/train/5/65111.png","65111.png","5","Neutral"
"ffhq","Cleaned_FFHQ_Dataset_50/train/4/44627.png","44627.png","4","Happiness"
"ffhq","Cleaned_FFHQ_Dataset_50/train/5/32641.png","32641.png","5","Neutral"
"ffhq","Cleaned_FFHQ_Dataset_50/train/5/40288.png","40288.png","5","Neutral"
"ffhq","Cleaned_FFHQ_Dataset_50/train/5/30251.png","30251.png","5","Neutral"
"ffhq","Cleaned_FFHQ_Dataset_50/train/4/42011.png","42011.png","4","Happiness"
"ffhq","Cleaned_FFHQ_Dataset_50/train/4/37224.png","37224.png","4","Happiness"
"ffhq","Cleaned_FFHQ_Dataset_50/train/4/25770.png","25770.png","4","Happiness"
"ffhq","Cleaned_FFHQ_Dataset_50/train/5/40583.png","40583.png","5","Neutral"
"ffhq","Cleaned_FFHQ_Dataset_50/train/4/53828.png","53828.png","4","Happiness"
"ffhq","Cleaned_FFHQ_Dataset_50/train/5/38818.png","38818.png","5","Neutral"
"ffhq","Cleaned_FFHQ_Dataset_50/train/5/56522.png","56522.png","5","Neutral"
"ffhq","Cleaned_FFHQ_Dataset_50/train/4/21235.png","21235.png","4","Happiness"
"ffhq","Cleaned_FFHQ_Dataset_50/train/4/59393.png","59393.png","4","Happiness"
"ffhq","Cleaned_FFHQ_Dataset_50/train/5/52956.png","52956.png","5","Neutral"
"ffhq","Cleaned_FFHQ_Dataset_50/train/4/50729.png","50729.png","4","Happiness"
"ffhq","Cleaned_FFHQ_Dataset_50/train/4/49421.png","49421.png","4","Happiness"
"ffhq","Cleaned_FFHQ_Dataset_50/train/5/51305.png","51305.png","5","Neutral"
"ffhq","Cleaned_FFHQ_Dataset_50/train/4/07766.png","07766.png","4","Happiness"
"ffhq","Cleaned_FFHQ_Dataset_50/train/4/11705.png","11705.png","4","Happiness"
"ffhq","Cleaned_FFHQ_Dataset_50/train/4/01744.png","01744.png","4","Happiness"
"ffhq","Cleaned_FFHQ_Dataset_50/train/4/39156.png","39156.png","4","Happiness"
"ffhq","Cleaned_FFHQ_Dataset_50/train/5/24332.png","24332.png","5","Neutral"
"ffhq","Cleaned_FFHQ_Dataset_50/train/5/04538.png","04538.png","5","Neutral"
"ffhq","Cleaned_FFHQ_Dataset_50/train/4/46725.png","46725.png","4","Happiness"
"ffhq","Cleaned_FFHQ_Dataset_50/train/5/22327.png","22327.png","5","Neutral"
"ffhq","Cleaned_FFHQ_Dataset_50/train/5/13616.png","13616.png","5","Neutral"
"ffhq","Cleaned_FFHQ_Dataset_50/train/4/30871.png","30871.png","4","Happiness"
"ffhq","Cleaned_FFHQ_Dataset_50/train/4/62794.png","62794.png","4","Happiness"
"ffhq","Cleaned_FFHQ_Dataset_50/train/4/01243.png","01243.png","4","Happiness"
"ffhq","Cleaned_FFHQ_Dataset_50/train/5/69416.png","69416.png","5","Neutral"
"ffhq","Cleaned_FFHQ_Dataset_50/train/5/52667.png","52667.png","5","Neutral"
"ffhq","Cleaned_FFHQ_Dataset_50/train/4/32782.png","32782.png","4","Happiness"
"ffhq","Cleaned_FFHQ_Dataset_50/train/7/68982.png","68982.png","7","Surprise"
"ffhq","Cleaned_FFHQ_Dataset_50/train/5/30275.png","30275.png","5","Neutral"
"ffhq","Cleaned_FFHQ_Dataset_50/train/4/52705.png","52705.png","4","Happiness"
"ffhq","Cleaned_FFHQ_Dataset_50/train/4/23602.png","23602.png","4","Happiness"
"ffhq","Cleaned_FFHQ_Dataset_50/train/4/67295.png","67295.png","4","Happiness"
"ffhq","Cleaned_FFHQ_Dataset_50/train/4/14419.png","14419.png","4","Happiness"
"ffhq","Cleaned_FFHQ_Dataset_50/train/4/10410.png","10410.png","4","Happiness"
"ffhq","Cleaned_FFHQ_Dataset_50/train/5/23281.png","23281.png","5","Neutral"
"ffhq","Cleaned_FFHQ_Dataset_50/train/5/15887.png","15887.png","5","Neutral"
"ffhq","Cleaned_FFHQ_Dataset_50/train/4/65648.png","65648.png","4","Happiness"
"ffhq","Cleaned_FFHQ_Dataset_50/train/4/04878.png","04878.png","4","Happiness"
"ffhq","Cleaned_FFHQ_Dataset_50/train/4/58512.png","58512.png","4","Happiness"
"ffhq","Cleaned_FFHQ_Dataset_50/train/5/13218.png","13218.png","5","Neutral"
"ffhq","Cleaned_FFHQ_Dataset_50/train/5/27069.png","27069.png","5","Neutral"
"ffhq","Cleaned_FFHQ_Dataset_50/train/4/62265.png","62265.png","4","Happiness"
"ffhq","Cleaned_FFHQ_Dataset_50/train/5/43165.png","43165.png","5","Neutral"
"ffhq","Cleaned_FFHQ_Dataset_50/train/4/51869.png","51869.png","4","Happiness"
"ffhq","Cleaned_FFHQ_Dataset_50/train/4/41547.png","41547.png","4","Happiness"
"ffhq","Cleaned_FFHQ_Dataset_50/train/4/42932.png","42932.png","4","Happiness"
"ffhq","Cleaned_FFHQ_Dataset_50/train/5/01756.png","01756.png","5","Neutral"
"ffhq","Cleaned_FFHQ_Dataset_50/train/4/06317.png","06317.png","4","Happiness"
"ffhq","Cleaned_FFHQ_Dataset_50/train/4/45656.png","45656.png","4","Happiness"
"ffhq","Cleaned_FFHQ_Dataset_50/train/4/29714.png","29714.png","4","Happiness"
"ffhq","Cleaned_FFHQ_Dataset_50/train/4/60420.png","60420.png","4","Happiness"
"ffhq","Cleaned_FFHQ_Dataset_50/train/4/27175.png","27175.png","4","Happiness"
"ffhq","Cleaned_FFHQ_Dataset_50/train/7/10815.png","10815.png","7","Surprise"
"ffhq","Cleaned_FFHQ_Dataset_50/train/5/40582.png","40582.png","5","Neutral"
"ffhq","Cleaned_FFHQ_Dataset_50/train/4/32910.png","32910.png","4","Happiness"
"ffhq","Cleaned_FFHQ_Dataset_50/train/4/55958.png","55958.png","4","Happiness"
"ffhq","Cleaned_FFHQ_Dataset_50/train/4/32492.png","32492.png","4","Happiness"
"ffhq","Cleaned_FFHQ_Dataset_50/train/5/22322.png","22322.png","5","Neutral"
"ffhq","Cleaned_FFHQ_Dataset_50/train/4/13633.png","13633.png","4","Happiness"
"ffhq","Cleaned_FFHQ_Dataset_50/train/4/54792.png","54792.png","4","Happiness"
"ffhq","Cleaned_FFHQ_Dataset_50/train/5/54097.png","54097.png","5","Neutral"
"ffhq","Cleaned_FFHQ_Dataset_50/train/4/11809.png","11809.png","4","Happiness"
"ffhq","Cleaned_FFHQ_Dataset_50/train/5/35893.png","35893.png","5","Neutral"
"ffhq","Cleaned_FFHQ_Dataset_50/train/4/36863.png","36863.png","4","Happiness"
"ffhq","Cleaned_FFHQ_Dataset_50/train/5/58883.png","58883.png","5","Neutral"
"ffhq","Cleaned_FFHQ_Dataset_50/train/5/28572.png","28572.png","5","Neutral"
"ffhq","Cleaned_FFHQ_Dataset_50/train/5/66682.png","66682.png","5","Neutral"
"ffhq","Cleaned_FFHQ_Dataset_50/train/5/32412.png","32412.png","5","Neutral"
"ffhq","Cleaned_FFHQ_Dataset_50/train/5/42105.png","42105.png","5","Neutral"
"ffhq","Cleaned_FFHQ_Dataset_50/train/4/52370.png","52370.png","4","Happiness"
"ffhq","Cleaned_FFHQ_Dataset_50/train/4/30543.png","30543.png","4","Happiness"
"ffhq","Cleaned_FFHQ_Dataset_50/train/4/33562.png","33562.png","4","Happiness"
"ffhq","Cleaned_FFHQ_Dataset_50/train/4/61889.png","61889.png","4","Happiness"
"ffhq","Cleaned_FFHQ_Dataset_50/train/4/31532.png","31532.png","4","Happiness"
"ffhq","Cleaned_FFHQ_Dataset_50/train/5/19534.png","19534.png","5","Neutral"
"ffhq","Cleaned_FFHQ_Dataset_50/train/5/05551.png","05551.png","5","Neutral"
"ffhq","Cleaned_FFHQ_Dataset_50/train/5/21126.png","21126.png","5","Neutral"
"ffhq","Cleaned_FFHQ_Dataset_50/train/5/34054.png","34054.png","5","Neutral"
"ffhq","Cleaned_FFHQ_Dataset_50/train/4/15383.png","15383.png","4","Happiness"
"ffhq","Cleaned_FFHQ_Dataset_50/train/5/66439.png","66439.png","5","Neutral"
"ffhq","Cleaned_FFHQ_Dataset_50/train/5/24856.png","24856.png","5","Neutral"
"ffhq","Cleaned_FFHQ_Dataset_50/train/5/55556.png","55556.png","5","Neutral"
"ffhq","Cleaned_FFHQ_Dataset_50/train/5/46333.png","46333.png","5","Neutral"
"ffhq","Cleaned_FFHQ_Dataset_50/train/4/08527.png","08527.png","4","Happiness"
"ffhq","Cleaned_FFHQ_Dataset_50/train/4/59816.png","59816.png","4","Happiness"
"ffhq","Cleaned_FFHQ_Dataset_50/train/5/34932.png","34932.png","5","Neutral"
"ffhq","Cleaned_FFHQ_Dataset_50/train/4/49777.png","49777.png","4","Happiness"
"ffhq","Cleaned_FFHQ_Dataset_50/train/4/66350.png","66350.png","4","Happiness"
"ffhq","Cleaned_FFHQ_Dataset_50/train/4/07573.png","07573.png","4","Happiness"
"ffhq","Cleaned_FFHQ_Dataset_50/train/4/68301.png","68301.png","4","Happiness"
"ffhq","Cleaned_FFHQ_Dataset_50/train/5/07665.png","07665.png","5","Neutral"
"ffhq","Cleaned_FFHQ_Dataset_50/train/5/24885.png","24885.png","5","Neutral"
"ffhq","Cleaned_FFHQ_Dataset_50/train/5/16935.png","16935.png","5","Neutral"
"ffhq","Cleaned_FFHQ_Dataset_50/train/5/30933.png","30933.png","5","Neutral"
"ffhq","Cleaned_FFHQ_Dataset_50/train/5/65746.png","65746.png","5","Neutral"
"ffhq","Cleaned_FFHQ_Dataset_50/train/4/36334.png","36334.png","4","Happiness"
"ffhq","Cleaned_FFHQ_Dataset_50/train/4/31973.png","31973.png","4","Happiness"
"ffhq","Cleaned_FFHQ_Dataset_50/train/6/41225.png","41225.png","6","Sadness"
"ffhq","Cleaned_FFHQ_Dataset_50/train/4/03831.png","03831.png","4","Happiness"
"ffhq","Cleaned_FFHQ_Dataset_50/train/4/09011.png","09011.png","4","Happiness"
"ffhq","Cleaned_FFHQ_Dataset_50/train/5/09186.png","09186.png","5","Neutral"
"ffhq","Cleaned_FFHQ_Dataset_50/train/5/01896.png","01896.png","5","Neutral"
"ffhq","Cleaned_FFHQ_Dataset_50/train/5/48936.png","48936.png","5","Neutral"
"ffhq","Cleaned_FFHQ_Dataset_50/train/4/26015.png","26015.png","4","Happiness"
"ffhq","Cleaned_FFHQ_Dataset_50/train/5/41943.png","41943.png","5","Neutral"
"ffhq","Cleaned_FFHQ_Dataset_50/train/4/57426.png","57426.png","4","Happiness"
"ffhq","Cleaned_FFHQ_Dataset_50/train/4/36168.png","36168.png","4","Happiness"
"ffhq","Cleaned_FFHQ_Dataset_50/train/5/58343.png","58343.png","5","Neutral"
"ffhq","Cleaned_FFHQ_Dataset_50/train/5/65046.png","65046.png","5","Neutral"
"ffhq","Cleaned_FFHQ_Dataset_50/train/5/15104.png","15104.png","5","Neutral"
"ffhq","Cleaned_FFHQ_Dataset_50/train/5/63678.png","63678.png","5","Neutral"
"ffhq","Cleaned_FFHQ_Dataset_50/train/5/15271.png","15271.png","5","Neutral"
"ffhq","Cleaned_FFHQ_Dataset_50/train/4/59968.png","59968.png","4","Happiness"
"ffhq","Cleaned_FFHQ_Dataset_50/train/4/38170.png","38170.png","4","Happiness"
"ffhq","Cleaned_FFHQ_Dataset_50/train/4/30801.png","30801.png","4","Happiness"
"ffhq","Cleaned_FFHQ_Dataset_50/train/5/59496.png","59496.png","5","Neutral"
"ffhq","Cleaned_FFHQ_Dataset_50/train/4/46574.png","46574.png","4","Happiness"
"ffhq","Cleaned_FFHQ_Dataset_50/train/4/11871.png","11871.png","4","Happiness"
"ffhq","Cleaned_FFHQ_Dataset_50/train/5/50439.png","50439.png","5","Neutral"
"ffhq","Cleaned_FFHQ_Dataset_50/train/4/42810.png","42810.png","4","Happiness"
"ffhq","Cleaned_FFHQ_Dataset_50/train/4/42821.png","42821.png","4","Happiness"
"ffhq","Cleaned_FFHQ_Dataset_50/train/5/49329.png","49329.png","5","Neutral"
"ffhq","Cleaned_FFHQ_Dataset_50/train/5/07113.png","07113.png","5","Neutral"
"ffhq","Cleaned_FFHQ_Dataset_50/train/4/65384.png","65384.png","4","Happiness"
"ffhq","Cleaned_FFHQ_Dataset_50/train/4/57841.png","57841.png","4","Happiness"
"ffhq","Cleaned_FFHQ_Dataset_50/train/4/05931.png","05931.png","4","Happiness"
"ffhq","Cleaned_FFHQ_Dataset_50/train/4/36472.png","36472.png","4","Happiness"
"ffhq","Cleaned_FFHQ_Dataset_50/train/4/44439.png","44439.png","4","Happiness"
"ffhq","Cleaned_FFHQ_Dataset_50/train/4/17610.png","17610.png","4","Happiness"
"ffhq","Cleaned_FFHQ_Dataset_50/train/4/52449.png","52449.png","4","Happiness"
"ffhq","Cleaned_FFHQ_Dataset_50/train/4/36480.png","36480.png","4","Happiness"
"ffhq","Cleaned_FFHQ_Dataset_50/train/5/11270.png","11270.png","5","Neutral"
"ffhq","Cleaned_FFHQ_Dataset_50/train/5/09330.png","09330.png","5","Neutral"
"ffhq","Cleaned_FFHQ_Dataset_50/train/4/53688.png","53688.png","4","Happiness"
"ffhq","Cleaned_FFHQ_Dataset_50/train/5/65578.png","65578.png","5","Neutral"
"ffhq","Cleaned_FFHQ_Dataset_50/train/7/01422.png","01422.png","7","Surprise"
"ffhq","Cleaned_FFHQ_Dataset_50/train/4/14864.png","14864.png","4","Happiness"
"ffhq","Cleaned_FFHQ_Dataset_50/train/4/52242.png","52242.png","4","Happiness"
"ffhq","Cleaned_FFHQ_Dataset_50/train/4/62756.png","62756.png","4","Happiness"
"ffhq","Cleaned_FFHQ_Dataset_50/train/4/66727.png","66727.png","4","Happiness"
"ffhq","Cleaned_FFHQ_Dataset_50/train/5/26052.png","26052.png","5","Neutral"
"ffhq","Cleaned_FFHQ_Dataset_50/train/4/21526.png","21526.png","4","Happiness"
"ffhq","Cleaned_FFHQ_Dataset_50/train/4/22111.png","22111.png","4","Happiness"
"ffhq","Cleaned_FFHQ_Dataset_50/train/5/54047.png","54047.png","5","Neutral"
"ffhq","Cleaned_FFHQ_Dataset_50/train/4/44241.png","44241.png","4","Happiness"
"ffhq","Cleaned_FFHQ_Dataset_50/train/5/24374.png","24374.png","5","Neutral"
"ffhq","Cleaned_FFHQ_Dataset_50/train/4/22664.png","22664.png","4","Happiness"
"ffhq","Cleaned_FFHQ_Dataset_50/train/4/41198.png","41198.png","4","Happiness"
"ffhq","Cleaned_FFHQ_Dataset_50/train/4/54458.png","54458.png","4","Happiness"
"ffhq","Cleaned_FFHQ_Dataset_50/train/4/22634.png","22634.png","4","Happiness"
"ffhq","Cleaned_FFHQ_Dataset_50/train/4/10404.png","10404.png","4","Happiness"
"ffhq","Cleaned_FFHQ_Dataset_50/train/4/69751.png","69751.png","4","Happiness"
"ffhq","Cleaned_FFHQ_Dataset_50/train/4/26949.png","26949.png","4","Happiness"
"ffhq","Cleaned_FFHQ_Dataset_50/train/5/13733.png","13733.png","5","Neutral"
"ffhq","Cleaned_FFHQ_Dataset_50/train/4/49384.png","49384.png","4","Happiness"
"ffhq","Cleaned_FFHQ_Dataset_50/train/5/33684.png","33684.png","5","Neutral"
"ffhq","Cleaned_FFHQ_Dataset_50/train/5/40358.png","40358.png","5","Neutral"
"ffhq","Cleaned_FFHQ_Dataset_50/train/4/23599.png","23599.png","4","Happiness"
"ffhq","Cleaned_FFHQ_Dataset_50/train/5/08101.png","08101.png","5","Neutral"
"ffhq","Cleaned_FFHQ_Dataset_50/train/5/16859.png","16859.png","5","Neutral"
"ffhq","Cleaned_FFHQ_Dataset_50/train/4/07976.png","07976.png","4","Happiness"
"ffhq","Cleaned_FFHQ_Dataset_50/train/7/36582.png","36582.png","7","Surprise"
"ffhq","Cleaned_FFHQ_Dataset_50/train/5/58279.png","58279.png","5","Neutral"
"ffhq","Cleaned_FFHQ_Dataset_50/train/4/55191.png","55191.png","4","Happiness"
"ffhq","Cleaned_FFHQ_Dataset_50/train/4/39633.png","39633.png","4","Happiness"
"ffhq","Cleaned_FFHQ_Dataset_50/train/5/56733.png","56733.png","5","Neutral"
"ffhq","Cleaned_FFHQ_Dataset_50/train/4/57667.png","57667.png","4","Happiness"
"ffhq","Cleaned_FFHQ_Dataset_50/train/5/56521.png","56521.png","5","Neutral"
"ffhq","Cleaned_FFHQ_Dataset_50/train/5/03914.png","03914.png","5","Neutral"
"ffhq","Cleaned_FFHQ_Dataset_50/train/4/18589.png","18589.png","4","Happiness"
"ffhq","Cleaned_FFHQ_Dataset_50/train/4/67004.png","67004.png","4","Happiness"
"ffhq","Cleaned_FFHQ_Dataset_50/train/4/29112.png","29112.png","4","Happiness"
"ffhq","Cleaned_FFHQ_Dataset_50/train/4/05926.png","05926.png","4","Happiness"
"ffhq","Cleaned_FFHQ_Dataset_50/train/5/04747.png","04747.png","5","Neutral"
"ffhq","Cleaned_FFHQ_Dataset_50/train/4/30284.png","30284.png","4","Happiness"
"ffhq","Cleaned_FFHQ_Dataset_50/train/4/33680.png","33680.png","4","Happiness"
"ffhq","Cleaned_FFHQ_Dataset_50/train/5/36180.png","36180.png","5","Neutral"
"ffhq","Cleaned_FFHQ_Dataset_50/train/5/59351.png","59351.png","5","Neutral"
"ffhq","Cleaned_FFHQ_Dataset_50/train/4/27398.png","27398.png","4","Happiness"
"ffhq","Cleaned_FFHQ_Dataset_50/train/4/41957.png","41957.png","4","Happiness"
"ffhq","Cleaned_FFHQ_Dataset_50/train/4/58337.png","58337.png","4","Happiness"
"ffhq","Cleaned_FFHQ_Dataset_50/train/4/35680.png","35680.png","4","Happiness"
"ffhq","Cleaned_FFHQ_Dataset_50/train/5/46883.png","46883.png","5","Neutral"
"ffhq","Cleaned_FFHQ_Dataset_50/train/5/43609.png","43609.png","5","Neutral"
"ffhq","Cleaned_FFHQ_Dataset_50/train/4/24235.png","24235.png","4","Happiness"
"ffhq","Cleaned_FFHQ_Dataset_50/train/4/47237.png","47237.png","4","Happiness"
"ffhq","Cleaned_FFHQ_Dataset_50/train/5/45546.png","45546.png","5","Neutral"
"ffhq","Cleaned_FFHQ_Dataset_50/train/4/06655.png","06655.png","4","Happiness"
"ffhq","Cleaned_FFHQ_Dataset_50/train/5/56243.png","56243.png","5","Neutral"
"ffhq","Cleaned_FFHQ_Dataset_50/train/4/47511.png","47511.png","4","Happiness"
"ffhq","Cleaned_FFHQ_Dataset_50/train/4/12008.png","12008.png","4","Happiness"
"ffhq","Cleaned_FFHQ_Dataset_50/train/5/34622.png","34622.png","5","Neutral"
"ffhq","Cleaned_FFHQ_Dataset_50/train/4/66277.png","66277.png","4","Happiness"
"ffhq","Cleaned_FFHQ_Dataset_50/train/5/60736.png","60736.png","5","Neutral"
"ffhq","Cleaned_FFHQ_Dataset_50/train/4/56419.png","56419.png","4","Happiness"
"ffhq","Cleaned_FFHQ_Dataset_50/train/5/02876.png","02876.png","5","Neutral"
"ffhq","Cleaned_FFHQ_Dataset_50/train/4/29362.png","29362.png","4","Happiness"
"ffhq","Cleaned_FFHQ_Dataset_50/train/4/65650.png","65650.png","4","Happiness"
"ffhq","Cleaned_FFHQ_Dataset_50/train/5/56680.png","56680.png","5","Neutral"
"ffhq","Cleaned_FFHQ_Dataset_50/train/5/42142.png","42142.png","5","Neutral"
"ffhq","Cleaned_FFHQ_Dataset_50/train/4/69876.png","69876.png","4","Happiness"
"ffhq","Cleaned_FFHQ_Dataset_50/train/4/54930.png","54930.png","4","Happiness"
"ffhq","Cleaned_FFHQ_Dataset_50/train/4/01815.png","01815.png","4","Happiness"
"ffhq","Cleaned_FFHQ_Dataset_50/train/5/29595.png","29595.png","5","Neutral"
"ffhq","Cleaned_FFHQ_Dataset_50/train/5/00874.png","00874.png","5","Neutral"
"ffhq","Cleaned_FFHQ_Dataset_50/train/5/62150.png","62150.png","5","Neutral"
"ffhq","Cleaned_FFHQ_Dataset_50/train/5/38647.png","38647.png","5","Neutral"
"ffhq","Cleaned_FFHQ_Dataset_50/train/4/48992.png","48992.png","4","Happiness"
"ffhq","Cleaned_FFHQ_Dataset_50/train/4/48569.png","48569.png","4","Happiness"
"ffhq","Cleaned_FFHQ_Dataset_50/train/5/49020.png","49020.png","5","Neutral"
"ffhq","Cleaned_FFHQ_Dataset_50/train/4/68651.png","68651.png","4","Happiness"
"ffhq","Cleaned_FFHQ_Dataset_50/train/5/41035.png","41035.png","5","Neutral"
"ffhq","Cleaned_FFHQ_Dataset_50/train/4/03368.png","03368.png","4","Happiness"
"ffhq","Cleaned_FFHQ_Dataset_50/train/4/26711.png","26711.png","4","Happiness"
"ffhq","Cleaned_FFHQ_Dataset_50/train/4/02554.png","02554.png","4","Happiness"
"ffhq","Cleaned_FFHQ_Dataset_50/train/4/07667.png","07667.png","4","Happiness"
"ffhq","Cleaned_FFHQ_Dataset_50/train/4/01420.png","01420.png","4","Happiness"
"ffhq","Cleaned_FFHQ_Dataset_50/train/4/09364.png","09364.png","4","Happiness"
"ffhq","Cleaned_FFHQ_Dataset_50/train/5/00062.png","00062.png","5","Neutral"
"ffhq","Cleaned_FFHQ_Dataset_50/train/5/38680.png","38680.png","5","Neutral"
"ffhq","Cleaned_FFHQ_Dataset_50/train/5/65952.png","65952.png","5","Neutral"
"ffhq","Cleaned_FFHQ_Dataset_50/train/6/48534.png","48534.png","6","Sadness"
"ffhq","Cleaned_FFHQ_Dataset_50/train/4/62928.png","62928.png","4","Happiness"
"ffhq","Cleaned_FFHQ_Dataset_50/train/5/09942.png","09942.png","5","Neutral"
"ffhq","Cleaned_FFHQ_Dataset_50/train/5/13706.png","13706.png","5","Neutral"
"ffhq","Cleaned_FFHQ_Dataset_50/train/5/24956.png","24956.png","5","Neutral"
"ffhq","Cleaned_FFHQ_Dataset_50/train/5/66263.png","66263.png","5","Neutral"
"ffhq","Cleaned_FFHQ_Dataset_50/train/4/13665.png","13665.png","4","Happiness"
"ffhq","Cleaned_FFHQ_Dataset_50/train/4/43383.png","43383.png","4","Happiness"
"ffhq","Cleaned_FFHQ_Dataset_50/train/4/62811.png","62811.png","4","Happiness"
"ffhq","Cleaned_FFHQ_Dataset_50/train/4/54730.png","54730.png","4","Happiness"
"ffhq","Cleaned_FFHQ_Dataset_50/train/4/16611.png","16611.png","4","Happiness"
"ffhq","Cleaned_FFHQ_Dataset_50/train/4/25041.png","25041.png","4","Happiness"
"ffhq","Cleaned_FFHQ_Dataset_50/train/4/48950.png","48950.png","4","Happiness"
"ffhq","Cleaned_FFHQ_Dataset_50/train/5/10852.png","10852.png","5","Neutral"
"ffhq","Cleaned_FFHQ_Dataset_50/train/0/41936.png","41936.png","0","Anger"
"ffhq","Cleaned_FFHQ_Dataset_50/train/7/58757.png","58757.png","7","Surprise"
"ffhq","Cleaned_FFHQ_Dataset_50/train/5/40537.png","40537.png","5","Neutral"
"ffhq","Cleaned_FFHQ_Dataset_50/train/4/32820.png","32820.png","4","Happiness"
"ffhq","Cleaned_FFHQ_Dataset_50/train/5/07723.png","07723.png","5","Neutral"
"ffhq","Cleaned_FFHQ_Dataset_50/train/5/56448.png","56448.png","5","Neutral"
"ffhq","Cleaned_FFHQ_Dataset_50/train/5/50278.png","50278.png","5","Neutral"
"ffhq","Cleaned_FFHQ_Dataset_50/train/4/22420.png","22420.png","4","Happiness"
"ffhq","Cleaned_FFHQ_Dataset_50/train/5/61404.png","61404.png","5","Neutral"
"ffhq","Cleaned_FFHQ_Dataset_50/train/4/62068.png","62068.png","4","Happiness"
"ffhq","Cleaned_FFHQ_Dataset_50/train/5/53602.png","53602.png","5","Neutral"
"ffhq","Cleaned_FFHQ_Dataset_50/train/5/11283.png","11283.png","5","Neutral"
"ffhq","Cleaned_FFHQ_Dataset_50/train/4/15661.png","15661.png","4","Happiness"
"ffhq","Cleaned_FFHQ_Dataset_50/train/4/06124.png","06124.png","4","Happiness"
"ffhq","Cleaned_FFHQ_Dataset_50/train/4/13201.png","13201.png","4","Happiness"
"ffhq","Cleaned_FFHQ_Dataset_50/train/4/08892.png","08892.png","4","Happiness"
"ffhq","Cleaned_FFHQ_Dataset_50/train/5/29513.png","29513.png","5","Neutral"
"ffhq","Cleaned_FFHQ_Dataset_50/train/5/19735.png","19735.png","5","Neutral"
"ffhq","Cleaned_FFHQ_Dataset_50/train/5/11727.png","11727.png","5","Neutral"
"ffhq","Cleaned_FFHQ_Dataset_50/train/4/45402.png","45402.png","4","Happiness"
"ffhq","Cleaned_FFHQ_Dataset_50/train/4/02840.png","02840.png","4","Happiness"
"ffhq","Cleaned_FFHQ_Dataset_50/train/4/54248.png","54248.png","4","Happiness"
"ffhq","Cleaned_FFHQ_Dataset_50/train/4/32892.png","32892.png","4","Happiness"
"ffhq","Cleaned_FFHQ_Dataset_50/train/4/48043.png","48043.png","4","Happiness"
"ffhq","Cleaned_FFHQ_Dataset_50/train/5/57192.png","57192.png","5","Neutral"
"ffhq","Cleaned_FFHQ_Dataset_50/train/4/61207.png","61207.png","4","Happiness"
"ffhq","Cleaned_FFHQ_Dataset_50/train/4/11238.png","11238.png","4","Happiness"
"ffhq","Cleaned_FFHQ_Dataset_50/train/4/58015.png","58015.png","4","Happiness"
"ffhq","Cleaned_FFHQ_Dataset_50/train/4/51520.png","51520.png","4","Happiness"
"ffhq","Cleaned_FFHQ_Dataset_50/train/4/03119.png","03119.png","4","Happiness"
"ffhq","Cleaned_FFHQ_Dataset_50/train/4/58027.png","58027.png","4","Happiness"
"ffhq","Cleaned_FFHQ_Dataset_50/train/5/17948.png","17948.png","5","Neutral"
"ffhq","Cleaned_FFHQ_Dataset_50/train/4/16431.png","16431.png","4","Happiness"
"ffhq","Cleaned_FFHQ_Dataset_50/train/5/48951.png","48951.png","5","Neutral"
"ffhq","Cleaned_FFHQ_Dataset_50/train/4/53882.png","53882.png","4","Happiness"
"ffhq","Cleaned_FFHQ_Dataset_50/train/5/54146.png","54146.png","5","Neutral"
"ffhq","Cleaned_FFHQ_Dataset_50/train/4/32846.png","32846.png","4","Happiness"
"ffhq","Cleaned_FFHQ_Dataset_50/train/5/20846.png","20846.png","5","Neutral"
"ffhq","Cleaned_FFHQ_Dataset_50/train/5/00806.png","00806.png","5","Neutral"
"ffhq","Cleaned_FFHQ_Dataset_50/train/4/09726.png","09726.png","4","Happiness"
"ffhq","Cleaned_FFHQ_Dataset_50/train/5/29895.png","29895.png","5","Neutral"
"ffhq","Cleaned_FFHQ_Dataset_50/train/7/40328.png","40328.png","7","Surprise"
"ffhq","Cleaned_FFHQ_Dataset_50/train/4/40432.png","40432.png","4","Happiness"
"ffhq","Cleaned_FFHQ_Dataset_50/train/4/63095.png","63095.png","4","Happiness"
"ffhq","Cleaned_FFHQ_Dataset_50/train/4/18846.png","18846.png","4","Happiness"
"ffhq","Cleaned_FFHQ_Dataset_50/train/5/08121.png","08121.png","5","Neutral"
"ffhq","Cleaned_FFHQ_Dataset_50/train/5/05291.png","05291.png","5","Neutral"
"ffhq","Cleaned_FFHQ_Dataset_50/train/4/58615.png","58615.png","4","Happiness"
"ffhq","Cleaned_FFHQ_Dataset_50/train/5/14807.png","14807.png","5","Neutral"
"ffhq","Cleaned_FFHQ_Dataset_50/train/4/45883.png","45883.png","4","Happiness"
"ffhq","Cleaned_FFHQ_Dataset_50/train/5/46084.png","46084.png","5","Neutral"
"ffhq","Cleaned_FFHQ_Dataset_50/train/5/55084.png","55084.png","5","Neutral"
"ffhq","Cleaned_FFHQ_Dataset_50/train/5/04730.png","04730.png","5","Neutral"
"ffhq","Cleaned_FFHQ_Dataset_50/train/4/18467.png","18467.png","4","Happiness"
"ffhq","Cleaned_FFHQ_Dataset_50/train/4/57709.png","57709.png","4","Happiness"
"ffhq","Cleaned_FFHQ_Dataset_50/train/4/44356.png","44356.png","4","Happiness"
"ffhq","Cleaned_FFHQ_Dataset_50/train/4/54100.png","54100.png","4","Happiness"
"ffhq","Cleaned_FFHQ_Dataset_50/train/5/57251.png","57251.png","5","Neutral"
"ffhq","Cleaned_FFHQ_Dataset_50/train/4/39157.png","39157.png","4","Happiness"
"ffhq","Cleaned_FFHQ_Dataset_50/train/5/56272.png","56272.png","5","Neutral"
"ffhq","Cleaned_FFHQ_Dataset_50/train/4/00536.png","00536.png","4","Happiness"
"ffhq","Cleaned_FFHQ_Dataset_50/train/4/30621.png","30621.png","4","Happiness"
"ffhq","Cleaned_FFHQ_Dataset_50/train/5/41918.png","41918.png","5","Neutral"
"ffhq","Cleaned_FFHQ_Dataset_50/train/5/05049.png","05049.png","5","Neutral"
"ffhq","Cleaned_FFHQ_Dataset_50/train/5/50234.png","50234.png","5","Neutral"
"ffhq","Cleaned_FFHQ_Dataset_50/train/4/16501.png","16501.png","4","Happiness"
"ffhq","Cleaned_FFHQ_Dataset_50/train/0/06116.png","06116.png","0","Anger"
"ffhq","Cleaned_FFHQ_Dataset_50/train/5/08033.png","08033.png","5","Neutral"
"ffhq","Cleaned_FFHQ_Dataset_50/train/4/16871.png","16871.png","4","Happiness"
"ffhq","Cleaned_FFHQ_Dataset_50/train/4/38189.png","38189.png","4","Happiness"
"ffhq","Cleaned_FFHQ_Dataset_50/train/5/11028.png","11028.png","5","Neutral"
"ffhq","Cleaned_FFHQ_Dataset_50/train/4/17845.png","17845.png","4","Happiness"
"ffhq","Cleaned_FFHQ_Dataset_50/train/5/39761.png","39761.png","5","Neutral"
"ffhq","Cleaned_FFHQ_Dataset_50/train/5/05844.png","05844.png","5","Neutral"
"ffhq","Cleaned_FFHQ_Dataset_50/train/4/42899.png","42899.png","4","Happiness"
"ffhq","Cleaned_FFHQ_Dataset_50/train/5/51410.png","51410.png","5","Neutral"
"ffhq","Cleaned_FFHQ_Dataset_50/train/4/66562.png","66562.png","4","Happiness"
"ffhq","Cleaned_FFHQ_Dataset_50/train/5/61848.png","61848.png","5","Neutral"
"ffhq","Cleaned_FFHQ_Dataset_50/train/4/39001.png","39001.png","4","Happiness"
"ffhq","Cleaned_FFHQ_Dataset_50/train/5/00946.png","00946.png","5","Neutral"
"ffhq","Cleaned_FFHQ_Dataset_50/train/4/32466.png","32466.png","4","Happiness"
"ffhq","Cleaned_FFHQ_Dataset_50/train/5/55770.png","55770.png","5","Neutral"
"ffhq","Cleaned_FFHQ_Dataset_50/train/6/49480.png","49480.png","6","Sadness"
"ffhq","Cleaned_FFHQ_Dataset_50/train/4/24229.png","24229.png","4","Happiness"
"ffhq","Cleaned_FFHQ_Dataset_50/train/5/12297.png","12297.png","5","Neutral"
"ffhq","Cleaned_FFHQ_Dataset_50/train/5/05608.png","05608.png","5","Neutral"
"ffhq","Cleaned_FFHQ_Dataset_50/train/4/59409.png","59409.png","4","Happiness"
"ffhq","Cleaned_FFHQ_Dataset_50/train/4/41870.png","41870.png","4","Happiness"
"ffhq","Cleaned_FFHQ_Dataset_50/train/4/32992.png","32992.png","4","Happiness"
"ffhq","Cleaned_FFHQ_Dataset_50/train/5/60150.png","60150.png","5","Neutral"
"ffhq","Cleaned_FFHQ_Dataset_50/train/4/07452.png","07452.png","4","Happiness"
"ffhq","Cleaned_FFHQ_Dataset_50/train/5/04554.png","04554.png","5","Neutral"
"ffhq","Cleaned_FFHQ_Dataset_50/train/5/07222.png","07222.png","5","Neutral"
"ffhq","Cleaned_FFHQ_Dataset_50/train/5/45506.png","45506.png","5","Neutral"
"ffhq","Cleaned_FFHQ_Dataset_50/train/4/67131.png","67131.png","4","Happiness"
"ffhq","Cleaned_FFHQ_Dataset_50/train/4/30505.png","30505.png","4","Happiness"
"ffhq","Cleaned_FFHQ_Dataset_50/train/5/43625.png","43625.png","5","Neutral"
"ffhq","Cleaned_FFHQ_Dataset_50/train/5/25458.png","25458.png","5","Neutral"
"ffhq","Cleaned_FFHQ_Dataset_50/train/5/60965.png","60965.png","5","Neutral"
"ffhq","Cleaned_FFHQ_Dataset_50/train/5/55635.png","55635.png","5","Neutral"
"ffhq","Cleaned_FFHQ_Dataset_50/train/5/44775.png","44775.png","5","Neutral"
"ffhq","Cleaned_FFHQ_Dataset_50/train/5/38119.png","38119.png","5","Neutral"
"ffhq","Cleaned_FFHQ_Dataset_50/train/4/30527.png","30527.png","4","Happiness"
"ffhq","Cleaned_FFHQ_Dataset_50/train/6/69599.png","69599.png","6","Sadness"
"ffhq","Cleaned_FFHQ_Dataset_50/train/5/49843.png","49843.png","5","Neutral"
"ffhq","Cleaned_FFHQ_Dataset_50/train/5/22248.png","22248.png","5","Neutral"
"ffhq","Cleaned_FFHQ_Dataset_50/train/4/42896.png","42896.png","4","Happiness"
"ffhq","Cleaned_FFHQ_Dataset_50/train/5/43121.png","43121.png","5","Neutral"
"ffhq","Cleaned_FFHQ_Dataset_50/train/5/45960.png","45960.png","5","Neutral"
"ffhq","Cleaned_FFHQ_Dataset_50/train/5/23017.png","23017.png","5","Neutral"
"ffhq","Cleaned_FFHQ_Dataset_50/train/4/51286.png","51286.png","4","Happiness"
"ffhq","Cleaned_FFHQ_Dataset_50/train/5/46382.png","46382.png","5","Neutral"
"ffhq","Cleaned_FFHQ_Dataset_50/train/5/21353.png","21353.png","5","Neutral"
"ffhq","Cleaned_FFHQ_Dataset_50/train/5/40679.png","40679.png","5","Neutral"
"ffhq","Cleaned_FFHQ_Dataset_50/train/5/58703.png","58703.png","5","Neutral"
"ffhq","Cleaned_FFHQ_Dataset_50/train/4/04267.png","04267.png","4","Happiness"
"ffhq","Cleaned_FFHQ_Dataset_50/train/5/36368.png","36368.png","5","Neutral"
"ffhq","Cleaned_FFHQ_Dataset_50/train/4/66772.png","66772.png","4","Happiness"
"ffhq","Cleaned_FFHQ_Dataset_50/train/4/60903.png","60903.png","4","Happiness"
"ffhq","Cleaned_FFHQ_Dataset_50/train/4/04930.png","04930.png","4","Happiness"
"ffhq","Cleaned_FFHQ_Dataset_50/train/5/69258.png","69258.png","5","Neutral"
"ffhq","Cleaned_FFHQ_Dataset_50/train/4/21733.png","21733.png","4","Happiness"
"ffhq","Cleaned_FFHQ_Dataset_50/train/4/18254.png","18254.png","4","Happiness"
"ffhq","Cleaned_FFHQ_Dataset_50/train/4/17544.png","17544.png","4","Happiness"
"ffhq","Cleaned_FFHQ_Dataset_50/train/4/54731.png","54731.png","4","Happiness"
"ffhq","Cleaned_FFHQ_Dataset_50/train/5/45847.png","45847.png","5","Neutral"
"ffhq","Cleaned_FFHQ_Dataset_50/train/4/01656.png","01656.png","4","Happiness"
"ffhq","Cleaned_FFHQ_Dataset_50/train/4/46674.png","46674.png","4","Happiness"
"ffhq","Cleaned_FFHQ_Dataset_50/train/5/47113.png","47113.png","5","Neutral"
"ffhq","Cleaned_FFHQ_Dataset_50/train/5/59933.png","59933.png","5","Neutral"
"ffhq","Cleaned_FFHQ_Dataset_50/train/4/40589.png","40589.png","4","Happiness"
"ffhq","Cleaned_FFHQ_Dataset_50/train/4/01797.png","01797.png","4","Happiness"
"ffhq","Cleaned_FFHQ_Dataset_50/train/5/43848.png","43848.png","5","Neutral"
"ffhq","Cleaned_FFHQ_Dataset_50/train/5/36502.png","36502.png","5","Neutral"
"ffhq","Cleaned_FFHQ_Dataset_50/train/4/60332.png","60332.png","4","Happiness"
"ffhq","Cleaned_FFHQ_Dataset_50/train/4/22218.png","22218.png","4","Happiness"
"ffhq","Cleaned_FFHQ_Dataset_50/train/5/58543.png","58543.png","5","Neutral"
"ffhq","Cleaned_FFHQ_Dataset_50/train/4/52465.png","52465.png","4","Happiness"
"ffhq","Cleaned_FFHQ_Dataset_50/train/4/20544.png","20544.png","4","Happiness"
"ffhq","Cleaned_FFHQ_Dataset_50/train/5/36398.png","36398.png","5","Neutral"
"ffhq","Cleaned_FFHQ_Dataset_50/train/4/61389.png","61389.png","4","Happiness"
"ffhq","Cleaned_FFHQ_Dataset_50/train/5/38481.png","38481.png","5","Neutral"
"ffhq","Cleaned_FFHQ_Dataset_50/train/5/51682.png","51682.png","5","Neutral"
"ffhq","Cleaned_FFHQ_Dataset_50/train/4/54572.png","54572.png","4","Happiness"
"ffhq","Cleaned_FFHQ_Dataset_50/train/4/50368.png","50368.png","4","Happiness"
"ffhq","Cleaned_FFHQ_Dataset_50/train/5/47316.png","47316.png","5","Neutral"
"ffhq","Cleaned_FFHQ_Dataset_50/train/5/58598.png","58598.png","5","Neutral"
"ffhq","Cleaned_FFHQ_Dataset_50/train/4/18027.png","18027.png","4","Happiness"
"ffhq","Cleaned_FFHQ_Dataset_50/train/5/33349.png","33349.png","5","Neutral"
"ffhq","Cleaned_FFHQ_Dataset_50/train/5/49355.png","49355.png","5","Neutral"
"ffhq","Cleaned_FFHQ_Dataset_50/train/7/02520.png","02520.png","7","Surprise"
"ffhq","Cleaned_FFHQ_Dataset_50/train/4/35278.png","35278.png","4","Happiness"
"ffhq","Cleaned_FFHQ_Dataset_50/train/4/20754.png","20754.png","4","Happiness"
"ffhq","Cleaned_FFHQ_Dataset_50/train/4/37471.png","37471.png","4","Happiness"
"ffhq","Cleaned_FFHQ_Dataset_50/train/5/02324.png","02324.png","5","Neutral"
"ffhq","Cleaned_FFHQ_Dataset_50/train/4/61402.png","61402.png","4","Happiness"
"ffhq","Cleaned_FFHQ_Dataset_50/train/4/03033.png","03033.png","4","Happiness"
"ffhq","Cleaned_FFHQ_Dataset_50/train/4/34361.png","34361.png","4","Happiness"
"ffhq","Cleaned_FFHQ_Dataset_50/train/5/27539.png","27539.png","5","Neutral"
"ffhq","Cleaned_FFHQ_Dataset_50/train/4/04600.png","04600.png","4","Happiness"
"ffhq","Cleaned_FFHQ_Dataset_50/train/5/61844.png","61844.png","5","Neutral"
"ffhq","Cleaned_FFHQ_Dataset_50/train/4/42189.png","42189.png","4","Happiness"
"ffhq","Cleaned_FFHQ_Dataset_50/train/4/18464.png","18464.png","4","Happiness"
"ffhq","Cleaned_FFHQ_Dataset_50/train/5/59579.png","59579.png","5","Neutral"
"ffhq","Cleaned_FFHQ_Dataset_50/train/4/60244.png","60244.png","4","Happiness"
"ffhq","Cleaned_FFHQ_Dataset_50/train/5/48583.png","48583.png","5","Neutral"
"ffhq","Cleaned_FFHQ_Dataset_50/train/4/23160.png","23160.png","4","Happiness"
"ffhq","Cleaned_FFHQ_Dataset_50/train/4/28261.png","28261.png","4","Happiness"
"ffhq","Cleaned_FFHQ_Dataset_50/train/5/06185.png","06185.png","5","Neutral"
"ffhq","Cleaned_FFHQ_Dataset_50/train/5/66607.png","66607.png","5","Neutral"
"ffhq","Cleaned_FFHQ_Dataset_50/train/5/22704.png","22704.png","5","Neutral"
"ffhq","Cleaned_FFHQ_Dataset_50/train/5/23541.png","23541.png","5","Neutral"
"ffhq","Cleaned_FFHQ_Dataset_50/train/4/52546.png","52546.png","4","Happiness"
"ffhq","Cleaned_FFHQ_Dataset_50/train/5/54244.png","54244.png","5","Neutral"
"ffhq","Cleaned_FFHQ_Dataset_50/train/4/54820.png","54820.png","4","Happiness"
"ffhq","Cleaned_FFHQ_Dataset_50/train/5/26307.png","26307.png","5","Neutral"
"ffhq","Cleaned_FFHQ_Dataset_50/train/4/11867.png","11867.png","4","Happiness"
"ffhq","Cleaned_FFHQ_Dataset_50/train/4/38976.png","38976.png","4","Happiness"
"ffhq","Cleaned_FFHQ_Dataset_50/train/4/25744.png","25744.png","4","Happiness"
"ffhq","Cleaned_FFHQ_Dataset_50/train/4/16236.png","16236.png","4","Happiness"
"ffhq","Cleaned_FFHQ_Dataset_50/train/4/40143.png","40143.png","4","Happiness"
"ffhq","Cleaned_FFHQ_Dataset_50/train/5/55512.png","55512.png","5","Neutral"
"ffhq","Cleaned_FFHQ_Dataset_50/train/4/10507.png","10507.png","4","Happiness"
"ffhq","Cleaned_FFHQ_Dataset_50/train/4/00401.png","00401.png","4","Happiness"
"ffhq","Cleaned_FFHQ_Dataset_50/train/5/33194.png","33194.png","5","Neutral"
"ffhq","Cleaned_FFHQ_Dataset_50/train/4/08617.png","08617.png","4","Happiness"
"ffhq","Cleaned_FFHQ_Dataset_50/train/5/21176.png","21176.png","5","Neutral"
"ffhq","Cleaned_FFHQ_Dataset_50/train/4/59718.png","59718.png","4","Happiness"
"ffhq","Cleaned_FFHQ_Dataset_50/train/4/38808.png","38808.png","4","Happiness"
"ffhq","Cleaned_FFHQ_Dataset_50/train/5/35896.png","35896.png","5","Neutral"
"ffhq","Cleaned_FFHQ_Dataset_50/train/5/45096.png","45096.png","5","Neutral"
"ffhq","Cleaned_FFHQ_Dataset_50/train/5/01107.png","01107.png","5","Neutral"
"ffhq","Cleaned_FFHQ_Dataset_50/train/4/41574.png","41574.png","4","Happiness"
"ffhq","Cleaned_FFHQ_Dataset_50/train/5/35155.png","35155.png","5","Neutral"
"ffhq","Cleaned_FFHQ_Dataset_50/train/4/16195.png","16195.png","4","Happiness"
"ffhq","Cleaned_FFHQ_Dataset_50/train/4/51261.png","51261.png","4","Happiness"
"ffhq","Cleaned_FFHQ_Dataset_50/train/4/16931.png","16931.png","4","Happiness"
"ffhq","Cleaned_FFHQ_Dataset_50/train/4/02236.png","02236.png","4","Happiness"
"ffhq","Cleaned_FFHQ_Dataset_50/train/5/34024.png","34024.png","5","Neutral"
"ffhq","Cleaned_FFHQ_Dataset_50/train/4/01755.png","01755.png","4","Happiness"
"ffhq","Cleaned_FFHQ_Dataset_50/train/5/35537.png","35537.png","5","Neutral"
"ffhq","Cleaned_FFHQ_Dataset_50/train/4/24979.png","24979.png","4","Happiness"
"ffhq","Cleaned_FFHQ_Dataset_50/train/5/19959.png","19959.png","5","Neutral"
"ffhq","Cleaned_FFHQ_Dataset_50/train/5/02195.png","02195.png","5","Neutral"
"ffhq","Cleaned_FFHQ_Dataset_50/train/5/25116.png","25116.png","5","Neutral"
"ffhq","Cleaned_FFHQ_Dataset_50/train/5/45845.png","45845.png","5","Neutral"
"ffhq","Cleaned_FFHQ_Dataset_50/train/4/37783.png","37783.png","4","Happiness"
"ffhq","Cleaned_FFHQ_Dataset_50/train/4/25403.png","25403.png","4","Happiness"
"ffhq","Cleaned_FFHQ_Dataset_50/train/5/09594.png","09594.png","5","Neutral"
"ffhq","Cleaned_FFHQ_Dataset_50/train/4/18778.png","18778.png","4","Happiness"
"ffhq","Cleaned_FFHQ_Dataset_50/train/4/05023.png","05023.png","4","Happiness"
"ffhq","Cleaned_FFHQ_Dataset_50/train/4/66507.png","66507.png","4","Happiness"
"ffhq","Cleaned_FFHQ_Dataset_50/train/4/66896.png","66896.png","4","Happiness"
"ffhq","Cleaned_FFHQ_Dataset_50/train/5/64445.png","64445.png","5","Neutral"
"ffhq","Cleaned_FFHQ_Dataset_50/train/5/57492.png","57492.png","5","Neutral"
"ffhq","Cleaned_FFHQ_Dataset_50/train/5/37823.png","37823.png","5","Neutral"
"ffhq","Cleaned_FFHQ_Dataset_50/train/4/47050.png","47050.png","4","Happiness"
"ffhq","Cleaned_FFHQ_Dataset_50/train/4/14593.png","14593.png","4","Happiness"
"ffhq","Cleaned_FFHQ_Dataset_50/train/4/12925.png","12925.png","4","Happiness"
"ffhq","Cleaned_FFHQ_Dataset_50/train/4/28229.png","28229.png","4","Happiness"
"ffhq","Cleaned_FFHQ_Dataset_50/train/4/11913.png","11913.png","4","Happiness"
"ffhq","Cleaned_FFHQ_Dataset_50/train/4/23587.png","23587.png","4","Happiness"
"ffhq","Cleaned_FFHQ_Dataset_50/train/4/04833.png","04833.png","4","Happiness"
"ffhq","Cleaned_FFHQ_Dataset_50/train/4/62311.png","62311.png","4","Happiness"
"ffhq","Cleaned_FFHQ_Dataset_50/train/4/41183.png","41183.png","4","Happiness"
"ffhq","Cleaned_FFHQ_Dataset_50/train/5/52154.png","52154.png","5","Neutral"
"ffhq","Cleaned_FFHQ_Dataset_50/train/4/11599.png","11599.png","4","Happiness"
"ffhq","Cleaned_FFHQ_Dataset_50/train/4/56367.png","56367.png","4","Happiness"
"ffhq","Cleaned_FFHQ_Dataset_50/train/4/13385.png","13385.png","4","Happiness"
"ffhq","Cleaned_FFHQ_Dataset_50/train/4/05138.png","05138.png","4","Happiness"
"ffhq","Cleaned_FFHQ_Dataset_50/train/4/34846.png","34846.png","4","Happiness"
"ffhq","Cleaned_FFHQ_Dataset_50/train/4/14023.png","14023.png","4","Happiness"
"ffhq","Cleaned_FFHQ_Dataset_50/train/6/52165.png","52165.png","6","Sadness"
"ffhq","Cleaned_FFHQ_Dataset_50/train/5/06532.png","06532.png","5","Neutral"
"ffhq","Cleaned_FFHQ_Dataset_50/train/4/29101.png","29101.png","4","Happiness"
"ffhq","Cleaned_FFHQ_Dataset_50/train/4/22234.png","22234.png","4","Happiness"
"ffhq","Cleaned_FFHQ_Dataset_50/train/4/29087.png","29087.png","4","Happiness"
"ffhq","Cleaned_FFHQ_Dataset_50/train/4/64293.png","64293.png","4","Happiness"
"ffhq","Cleaned_FFHQ_Dataset_50/train/4/39874.png","39874.png","4","Happiness"
"ffhq","Cleaned_FFHQ_Dataset_50/train/4/05841.png","05841.png","4","Happiness"
"ffhq","Cleaned_FFHQ_Dataset_50/train/4/18002.png","18002.png","4","Happiness"
"ffhq","Cleaned_FFHQ_Dataset_50/train/4/12977.png","12977.png","4","Happiness"
"ffhq","Cleaned_FFHQ_Dataset_50/train/4/06526.png","06526.png","4","Happiness"
"ffhq","Cleaned_FFHQ_Dataset_50/train/5/32885.png","32885.png","5","Neutral"
"ffhq","Cleaned_FFHQ_Dataset_50/train/4/22221.png","22221.png","4","Happiness"
"ffhq","Cleaned_FFHQ_Dataset_50/train/4/49483.png","49483.png","4","Happiness"
"ffhq","Cleaned_FFHQ_Dataset_50/train/4/19941.png","19941.png","4","Happiness"
"ffhq","Cleaned_FFHQ_Dataset_50/train/5/25624.png","25624.png","5","Neutral"
"ffhq","Cleaned_FFHQ_Dataset_50/train/5/59319.png","59319.png","5","Neutral"
"ffhq","Cleaned_FFHQ_Dataset_50/train/4/53419.png","53419.png","4","Happiness"
"ffhq","Cleaned_FFHQ_Dataset_50/train/4/11073.png","11073.png","4","Happiness"
"ffhq","Cleaned_FFHQ_Dataset_50/train/4/28475.png","28475.png","4","Happiness"
"ffhq","Cleaned_FFHQ_Dataset_50/train/4/63177.png","63177.png","4","Happiness"
"ffhq","Cleaned_FFHQ_Dataset_50/train/4/25492.png","25492.png","4","Happiness"
"ffhq","Cleaned_FFHQ_Dataset_50/train/4/20593.png","20593.png","4","Happiness"
"ffhq","Cleaned_FFHQ_Dataset_50/train/5/56472.png","56472.png","5","Neutral"
"ffhq","Cleaned_FFHQ_Dataset_50/train/4/36736.png","36736.png","4","Happiness"
"ffhq","Cleaned_FFHQ_Dataset_50/train/5/00387.png","00387.png","5","Neutral"
"ffhq","Cleaned_FFHQ_Dataset_50/train/5/64008.png","64008.png","5","Neutral"
"ffhq","Cleaned_FFHQ_Dataset_50/train/5/45985.png","45985.png","5","Neutral"
"ffhq","Cleaned_FFHQ_Dataset_50/train/5/06350.png","06350.png","5","Neutral"
"ffhq","Cleaned_FFHQ_Dataset_50/train/4/35828.png","35828.png","4","Happiness"
"ffhq","Cleaned_FFHQ_Dataset_50/train/4/00305.png","00305.png","4","Happiness"
"ffhq","Cleaned_FFHQ_Dataset_50/train/5/00619.png","00619.png","5","Neutral"
"ffhq","Cleaned_FFHQ_Dataset_50/train/4/66917.png","66917.png","4","Happiness"
"ffhq","Cleaned_FFHQ_Dataset_50/train/4/23431.png","23431.png","4","Happiness"
"ffhq","Cleaned_FFHQ_Dataset_50/train/4/08142.png","08142.png","4","Happiness"
"ffhq","Cleaned_FFHQ_Dataset_50/train/4/28772.png","28772.png","4","Happiness"
"ffhq","Cleaned_FFHQ_Dataset_50/train/4/55127.png","55127.png","4","Happiness"
"ffhq","Cleaned_FFHQ_Dataset_50/train/4/45345.png","45345.png","4","Happiness"
"ffhq","Cleaned_FFHQ_Dataset_50/train/5/20312.png","20312.png","5","Neutral"
"ffhq","Cleaned_FFHQ_Dataset_50/train/4/62452.png","62452.png","4","Happiness"
"ffhq","Cleaned_FFHQ_Dataset_50/train/4/01930.png","01930.png","4","Happiness"
"ffhq","Cleaned_FFHQ_Dataset_50/train/5/50221.png","50221.png","5","Neutral"
"ffhq","Cleaned_FFHQ_Dataset_50/train/5/10884.png","10884.png","5","Neutral"
"ffhq","Cleaned_FFHQ_Dataset_50/train/4/01099.png","01099.png","4","Happiness"
"ffhq","Cleaned_FFHQ_Dataset_50/train/4/37838.png","37838.png","4","Happiness"
"ffhq","Cleaned_FFHQ_Dataset_50/train/5/11601.png","11601.png","5","Neutral"
"ffhq","Cleaned_FFHQ_Dataset_50/train/7/63305.png","63305.png","7","Surprise"
"ffhq","Cleaned_FFHQ_Dataset_50/train/4/14150.png","14150.png","4","Happiness"
"ffhq","Cleaned_FFHQ_Dataset_50/train/4/44830.png","44830.png","4","Happiness"
"ffhq","Cleaned_FFHQ_Dataset_50/train/5/30696.png","30696.png","5","Neutral"
"ffhq","Cleaned_FFHQ_Dataset_50/train/4/25038.png","25038.png","4","Happiness"
"ffhq","Cleaned_FFHQ_Dataset_50/train/4/33515.png","33515.png","4","Happiness"
"ffhq","Cleaned_FFHQ_Dataset_50/train/4/45987.png","45987.png","4","Happiness"
"ffhq","Cleaned_FFHQ_Dataset_50/train/5/40285.png","40285.png","5","Neutral"
"ffhq","Cleaned_FFHQ_Dataset_50/train/4/69638.png","69638.png","4","Happiness"
"ffhq","Cleaned_FFHQ_Dataset_50/train/5/49310.png","49310.png","5","Neutral"
"ffhq","Cleaned_FFHQ_Dataset_50/train/5/66569.png","66569.png","5","Neutral"
"ffhq","Cleaned_FFHQ_Dataset_50/train/5/51663.png","51663.png","5","Neutral"
"ffhq","Cleaned_FFHQ_Dataset_50/train/5/46896.png","46896.png","5","Neutral"
"ffhq","Cleaned_FFHQ_Dataset_50/train/5/66267.png","66267.png","5","Neutral"
"ffhq","Cleaned_FFHQ_Dataset_50/train/4/47583.png","47583.png","4","Happiness"
"ffhq","Cleaned_FFHQ_Dataset_50/train/5/51656.png","51656.png","5","Neutral"
"ffhq","Cleaned_FFHQ_Dataset_50/train/5/41584.png","41584.png","5","Neutral"
"ffhq","Cleaned_FFHQ_Dataset_50/train/5/44902.png","44902.png","5","Neutral"
"ffhq","Cleaned_FFHQ_Dataset_50/train/5/57926.png","57926.png","5","Neutral"
"ffhq","Cleaned_FFHQ_Dataset_50/train/5/16701.png","16701.png","5","Neutral"
"ffhq","Cleaned_FFHQ_Dataset_50/train/5/38949.png","38949.png","5","Neutral"
"ffhq","Cleaned_FFHQ_Dataset_50/train/5/12573.png","12573.png","5","Neutral"
"ffhq","Cleaned_FFHQ_Dataset_50/train/4/21901.png","21901.png","4","Happiness"
"ffhq","Cleaned_FFHQ_Dataset_50/train/4/46906.png","46906.png","4","Happiness"
"ffhq","Cleaned_FFHQ_Dataset_50/train/5/48132.png","48132.png","5","Neutral"
"ffhq","Cleaned_FFHQ_Dataset_50/train/5/33612.png","33612.png","5","Neutral"
"ffhq","Cleaned_FFHQ_Dataset_50/train/4/68335.png","68335.png","4","Happiness"
"ffhq","Cleaned_FFHQ_Dataset_50/train/5/45676.png","45676.png","5","Neutral"
"ffhq","Cleaned_FFHQ_Dataset_50/train/4/54994.png","54994.png","4","Happiness"
"ffhq","Cleaned_FFHQ_Dataset_50/train/4/12702.png","12702.png","4","Happiness"
"ffhq","Cleaned_FFHQ_Dataset_50/train/5/30455.png","30455.png","5","Neutral"
"ffhq","Cleaned_FFHQ_Dataset_50/train/5/52237.png","52237.png","5","Neutral"
"ffhq","Cleaned_FFHQ_Dataset_50/train/4/38295.png","38295.png","4","Happiness"
"ffhq","Cleaned_FFHQ_Dataset_50/train/4/64014.png","64014.png","4","Happiness"
"ffhq","Cleaned_FFHQ_Dataset_50/train/4/22986.png","22986.png","4","Happiness"
"ffhq","Cleaned_FFHQ_Dataset_50/train/4/52308.png","52308.png","4","Happiness"
"ffhq","Cleaned_FFHQ_Dataset_50/train/4/07202.png","07202.png","4","Happiness"
"ffhq","Cleaned_FFHQ_Dataset_50/train/5/16745.png","16745.png","5","Neutral"
"ffhq","Cleaned_FFHQ_Dataset_50/train/4/27553.png","27553.png","4","Happiness"
"ffhq","Cleaned_FFHQ_Dataset_50/train/4/38795.png","38795.png","4","Happiness"
"ffhq","Cleaned_FFHQ_Dataset_50/train/4/25504.png","25504.png","4","Happiness"
"ffhq","Cleaned_FFHQ_Dataset_50/train/5/53327.png","53327.png","5","Neutral"
"ffhq","Cleaned_FFHQ_Dataset_50/train/5/54272.png","54272.png","5","Neutral"
"ffhq","Cleaned_FFHQ_Dataset_50/train/4/39955.png","39955.png","4","Happiness"
"ffhq","Cleaned_FFHQ_Dataset_50/train/4/63751.png","63751.png","4","Happiness"
"ffhq","Cleaned_FFHQ_Dataset_50/train/4/34706.png","34706.png","4","Happiness"
"ffhq","Cleaned_FFHQ_Dataset_50/train/5/22847.png","22847.png","5","Neutral"
"ffhq","Cleaned_FFHQ_Dataset_50/train/5/66027.png","66027.png","5","Neutral"
"ffhq","Cleaned_FFHQ_Dataset_50/train/4/35585.png","35585.png","4","Happiness"
"ffhq","Cleaned_FFHQ_Dataset_50/train/4/62259.png","62259.png","4","Happiness"
"ffhq","Cleaned_FFHQ_Dataset_50/train/4/17130.png","17130.png","4","Happiness"
"ffhq","Cleaned_FFHQ_Dataset_50/train/7/05945.png","05945.png","7","Surprise"
"ffhq","Cleaned_FFHQ_Dataset_50/train/5/22755.png","22755.png","5","Neutral"
"ffhq","Cleaned_FFHQ_Dataset_50/train/4/67542.png","67542.png","4","Happiness"
"ffhq","Cleaned_FFHQ_Dataset_50/train/4/47290.png","47290.png","4","Happiness"
"ffhq","Cleaned_FFHQ_Dataset_50/train/4/30471.png","30471.png","4","Happiness"
"ffhq","Cleaned_FFHQ_Dataset_50/train/4/00028.png","00028.png","4","Happiness"
"ffhq","Cleaned_FFHQ_Dataset_50/train/5/41820.png","41820.png","5","Neutral"
"ffhq","Cleaned_FFHQ_Dataset_50/train/4/16991.png","16991.png","4","Happiness"
"ffhq","Cleaned_FFHQ_Dataset_50/train/5/37091.png","37091.png","5","Neutral"
"ffhq","Cleaned_FFHQ_Dataset_50/train/4/06636.png","06636.png","4","Happiness"
"ffhq","Cleaned_FFHQ_Dataset_50/train/5/67788.png","67788.png","5","Neutral"
"ffhq","Cleaned_FFHQ_Dataset_50/train/5/12997.png","12997.png","5","Neutral"
"ffhq","Cleaned_FFHQ_Dataset_50/train/5/19561.png","19561.png","5","Neutral"
"ffhq","Cleaned_FFHQ_Dataset_50/train/6/10152.png","10152.png","6","Sadness"
"ffhq","Cleaned_FFHQ_Dataset_50/train/4/31084.png","31084.png","4","Happiness"
"ffhq","Cleaned_FFHQ_Dataset_50/train/4/62462.png","62462.png","4","Happiness"
"ffhq","Cleaned_FFHQ_Dataset_50/train/4/17114.png","17114.png","4","Happiness"
"ffhq","Cleaned_FFHQ_Dataset_50/train/5/62913.png","62913.png","5","Neutral"
"ffhq","Cleaned_FFHQ_Dataset_50/train/5/33298.png","33298.png","5","Neutral"
"ffhq","Cleaned_FFHQ_Dataset_50/train/4/24970.png","24970.png","4","Happiness"
"ffhq","Cleaned_FFHQ_Dataset_50/train/5/21233.png","21233.png","5","Neutral"
"ffhq","Cleaned_FFHQ_Dataset_50/train/5/14471.png","14471.png","5","Neutral"
"ffhq","Cleaned_FFHQ_Dataset_50/train/4/36660.png","36660.png","4","Happiness"
"ffhq","Cleaned_FFHQ_Dataset_50/train/4/19826.png","19826.png","4","Happiness"
"ffhq","Cleaned_FFHQ_Dataset_50/train/4/14475.png","14475.png","4","Happiness"
"ffhq","Cleaned_FFHQ_Dataset_50/train/4/13786.png","13786.png","4","Happiness"
"ffhq","Cleaned_FFHQ_Dataset_50/train/5/35548.png","35548.png","5","Neutral"
"ffhq","Cleaned_FFHQ_Dataset_50/train/5/42592.png","42592.png","5","Neutral"
"ffhq","Cleaned_FFHQ_Dataset_50/train/4/06381.png","06381.png","4","Happiness"
"ffhq","Cleaned_FFHQ_Dataset_50/train/5/19341.png","19341.png","5","Neutral"
"ffhq","Cleaned_FFHQ_Dataset_50/train/4/63774.png","63774.png","4","Happiness"
"ffhq","Cleaned_FFHQ_Dataset_50/train/4/43298.png","43298.png","4","Happiness"
"ffhq","Cleaned_FFHQ_Dataset_50/train/5/19966.png","19966.png","5","Neutral"
"ffhq","Cleaned_FFHQ_Dataset_50/train/4/23359.png","23359.png","4","Happiness"
"ffhq","Cleaned_FFHQ_Dataset_50/train/4/34471.png","34471.png","4","Happiness"
"ffhq","Cleaned_FFHQ_Dataset_50/train/4/58299.png","58299.png","4","Happiness"
"ffhq","Cleaned_FFHQ_Dataset_50/train/4/05376.png","05376.png","4","Happiness"
"ffhq","Cleaned_FFHQ_Dataset_50/train/5/27511.png","27511.png","5","Neutral"
"ffhq","Cleaned_FFHQ_Dataset_50/train/4/01859.png","01859.png","4","Happiness"
"ffhq","Cleaned_FFHQ_Dataset_50/train/4/09457.png","09457.png","4","Happiness"
"ffhq","Cleaned_FFHQ_Dataset_50/train/5/48660.png","48660.png","5","Neutral"
"ffhq","Cleaned_FFHQ_Dataset_50/train/5/13409.png","13409.png","5","Neutral"
"ffhq","Cleaned_FFHQ_Dataset_50/train/5/35065.png","35065.png","5","Neutral"
"ffhq","Cleaned_FFHQ_Dataset_50/train/5/09864.png","09864.png","5","Neutral"
"ffhq","Cleaned_FFHQ_Dataset_50/train/4/19336.png","19336.png","4","Happiness"
"ffhq","Cleaned_FFHQ_Dataset_50/train/5/34006.png","34006.png","5","Neutral"
"ffhq","Cleaned_FFHQ_Dataset_50/train/5/25943.png","25943.png","5","Neutral"
"ffhq","Cleaned_FFHQ_Dataset_50/train/5/21590.png","21590.png","5","Neutral"
"ffhq","Cleaned_FFHQ_Dataset_50/train/6/28980.png","28980.png","6","Sadness"
"ffhq","Cleaned_FFHQ_Dataset_50/train/4/48382.png","48382.png","4","Happiness"
"ffhq","Cleaned_FFHQ_Dataset_50/train/4/26905.png","26905.png","4","Happiness"
"ffhq","Cleaned_FFHQ_Dataset_50/train/4/21974.png","21974.png","4","Happiness"
"ffhq","Cleaned_FFHQ_Dataset_50/train/4/53287.png","53287.png","4","Happiness"
"ffhq","Cleaned_FFHQ_Dataset_50/train/4/02356.png","02356.png","4","Happiness"
"ffhq","Cleaned_FFHQ_Dataset_50/train/4/36492.png","36492.png","4","Happiness"
"ffhq","Cleaned_FFHQ_Dataset_50/train/4/48904.png","48904.png","4","Happiness"
"ffhq","Cleaned_FFHQ_Dataset_50/train/4/22461.png","22461.png","4","Happiness"
"ffhq","Cleaned_FFHQ_Dataset_50/train/4/39488.png","39488.png","4","Happiness"
"ffhq","Cleaned_FFHQ_Dataset_50/train/4/69951.png","69951.png","4","Happiness"
"ffhq","Cleaned_FFHQ_Dataset_50/train/4/21298.png","21298.png","4","Happiness"
"ffhq","Cleaned_FFHQ_Dataset_50/train/5/59339.png","59339.png","5","Neutral"
"ffhq","Cleaned_FFHQ_Dataset_50/train/5/36140.png","36140.png","5","Neutral"
"ffhq","Cleaned_FFHQ_Dataset_50/train/5/00870.png","00870.png","5","Neutral"
"ffhq","Cleaned_FFHQ_Dataset_50/train/5/48946.png","48946.png","5","Neutral"
"ffhq","Cleaned_FFHQ_Dataset_50/train/4/04725.png","04725.png","4","Happiness"
"ffhq","Cleaned_FFHQ_Dataset_50/train/5/45927.png","45927.png","5","Neutral"
"ffhq","Cleaned_FFHQ_Dataset_50/train/5/36531.png","36531.png","5","Neutral"
"ffhq","Cleaned_FFHQ_Dataset_50/train/6/67049.png","67049.png","6","Sadness"
"ffhq","Cleaned_FFHQ_Dataset_50/train/5/57417.png","57417.png","5","Neutral"
"ffhq","Cleaned_FFHQ_Dataset_50/train/4/53649.png","53649.png","4","Happiness"
"ffhq","Cleaned_FFHQ_Dataset_50/train/4/02740.png","02740.png","4","Happiness"
"ffhq","Cleaned_FFHQ_Dataset_50/train/4/29421.png","29421.png","4","Happiness"
"ffhq","Cleaned_FFHQ_Dataset_50/train/4/66266.png","66266.png","4","Happiness"
"ffhq","Cleaned_FFHQ_Dataset_50/train/4/16569.png","16569.png","4","Happiness"
"ffhq","Cleaned_FFHQ_Dataset_50/train/4/25248.png","25248.png","4","Happiness"
"ffhq","Cleaned_FFHQ_Dataset_50/train/5/46037.png","46037.png","5","Neutral"
"ffhq","Cleaned_FFHQ_Dataset_50/train/4/39003.png","39003.png","4","Happiness"
"ffhq","Cleaned_FFHQ_Dataset_50/train/4/68257.png","68257.png","4","Happiness"
"ffhq","Cleaned_FFHQ_Dataset_50/train/4/08492.png","08492.png","4","Happiness"
"ffhq","Cleaned_FFHQ_Dataset_50/train/7/12948.png","12948.png","7","Surprise"
"ffhq","Cleaned_FFHQ_Dataset_50/train/4/21609.png","21609.png","4","Happiness"
"ffhq","Cleaned_FFHQ_Dataset_50/train/5/24291.png","24291.png","5","Neutral"
"ffhq","Cleaned_FFHQ_Dataset_50/train/5/36779.png","36779.png","5","Neutral"
"ffhq","Cleaned_FFHQ_Dataset_50/train/4/57962.png","57962.png","4","Happiness"
"ffhq","Cleaned_FFHQ_Dataset_50/train/4/22120.png","22120.png","4","Happiness"
"ffhq","Cleaned_FFHQ_Dataset_50/train/5/65534.png","65534.png","5","Neutral"
"ffhq","Cleaned_FFHQ_Dataset_50/train/5/17076.png","17076.png","5","Neutral"
"ffhq","Cleaned_FFHQ_Dataset_50/train/4/05710.png","05710.png","4","Happiness"
"ffhq","Cleaned_FFHQ_Dataset_50/train/5/49094.png","49094.png","5","Neutral"
"ffhq","Cleaned_FFHQ_Dataset_50/train/5/42116.png","42116.png","5","Neutral"
"ffhq","Cleaned_FFHQ_Dataset_50/train/5/46833.png","46833.png","5","Neutral"
"ffhq","Cleaned_FFHQ_Dataset_50/train/5/20151.png","20151.png","5","Neutral"
"ffhq","Cleaned_FFHQ_Dataset_50/train/5/26302.png","26302.png","5","Neutral"
"ffhq","Cleaned_FFHQ_Dataset_50/train/5/68666.png","68666.png","5","Neutral"
"ffhq","Cleaned_FFHQ_Dataset_50/train/5/17542.png","17542.png","5","Neutral"
"ffhq","Cleaned_FFHQ_Dataset_50/train/4/04686.png","04686.png","4","Happiness"
"ffhq","Cleaned_FFHQ_Dataset_50/train/5/64236.png","64236.png","5","Neutral"
"ffhq","Cleaned_FFHQ_Dataset_50/train/5/52675.png","52675.png","5","Neutral"
"ffhq","Cleaned_FFHQ_Dataset_50/train/5/13855.png","13855.png","5","Neutral"
"ffhq","Cleaned_FFHQ_Dataset_50/train/5/68693.png","68693.png","5","Neutral"
"ffhq","Cleaned_FFHQ_Dataset_50/train/4/21731.png","21731.png","4","Happiness"
"ffhq","Cleaned_FFHQ_Dataset_50/train/5/43197.png","43197.png","5","Neutral"
"ffhq","Cleaned_FFHQ_Dataset_50/train/5/11244.png","11244.png","5","Neutral"
"ffhq","Cleaned_FFHQ_Dataset_50/train/5/07069.png","07069.png","5","Neutral"
"ffhq","Cleaned_FFHQ_Dataset_50/train/4/43106.png","43106.png","4","Happiness"
"ffhq","Cleaned_FFHQ_Dataset_50/train/4/10514.png","10514.png","4","Happiness"
"ffhq","Cleaned_FFHQ_Dataset_50/train/5/36114.png","36114.png","5","Neutral"
"ffhq","Cleaned_FFHQ_Dataset_50/train/5/67120.png","67120.png","5","Neutral"
"ffhq","Cleaned_FFHQ_Dataset_50/train/5/66743.png","66743.png","5","Neutral"
"ffhq","Cleaned_FFHQ_Dataset_50/train/5/66176.png","66176.png","5","Neutral"
"ffhq","Cleaned_FFHQ_Dataset_50/train/5/37833.png","37833.png","5","Neutral"
"ffhq","Cleaned_FFHQ_Dataset_50/train/0/01276.png","01276.png","0","Anger"
"ffhq","Cleaned_FFHQ_Dataset_50/train/4/44355.png","44355.png","4","Happiness"
"ffhq","Cleaned_FFHQ_Dataset_50/train/4/34669.png","34669.png","4","Happiness"
"ffhq","Cleaned_FFHQ_Dataset_50/train/4/35793.png","35793.png","4","Happiness"
"ffhq","Cleaned_FFHQ_Dataset_50/train/4/58016.png","58016.png","4","Happiness"
"ffhq","Cleaned_FFHQ_Dataset_50/train/5/23609.png","23609.png","5","Neutral"
"ffhq","Cleaned_FFHQ_Dataset_50/train/4/43938.png","43938.png","4","Happiness"
"ffhq","Cleaned_FFHQ_Dataset_50/train/4/25971.png","25971.png","4","Happiness"
"ffhq","Cleaned_FFHQ_Dataset_50/train/4/40281.png","40281.png","4","Happiness"
"ffhq","Cleaned_FFHQ_Dataset_50/train/4/69449.png","69449.png","4","Happiness"
"ffhq","Cleaned_FFHQ_Dataset_50/train/4/42415.png","42415.png","4","Happiness"
"ffhq","Cleaned_FFHQ_Dataset_50/train/5/63078.png","63078.png","5","Neutral"
"ffhq","Cleaned_FFHQ_Dataset_50/train/4/15251.png","15251.png","4","Happiness"
"ffhq","Cleaned_FFHQ_Dataset_50/train/5/59423.png","59423.png","5","Neutral"
"ffhq","Cleaned_FFHQ_Dataset_50/train/4/32742.png","32742.png","4","Happiness"
"ffhq","Cleaned_FFHQ_Dataset_50/train/4/02488.png","02488.png","4","Happiness"
"ffhq","Cleaned_FFHQ_Dataset_50/train/4/17924.png","17924.png","4","Happiness"
"ffhq","Cleaned_FFHQ_Dataset_50/train/4/58854.png","58854.png","4","Happiness"
"ffhq","Cleaned_FFHQ_Dataset_50/train/4/20469.png","20469.png","4","Happiness"
"ffhq","Cleaned_FFHQ_Dataset_50/train/5/35653.png","35653.png","5","Neutral"
"ffhq","Cleaned_FFHQ_Dataset_50/train/5/67169.png","67169.png","5","Neutral"
"ffhq","Cleaned_FFHQ_Dataset_50/train/4/01539.png","01539.png","4","Happiness"
"ffhq","Cleaned_FFHQ_Dataset_50/train/4/28804.png","28804.png","4","Happiness"
"ffhq","Cleaned_FFHQ_Dataset_50/train/4/28292.png","28292.png","4","Happiness"
"ffhq","Cleaned_FFHQ_Dataset_50/train/4/20763.png","20763.png","4","Happiness"
"ffhq","Cleaned_FFHQ_Dataset_50/train/5/03906.png","03906.png","5","Neutral"
"ffhq","Cleaned_FFHQ_Dataset_50/train/5/69443.png","69443.png","5","Neutral"
"ffhq","Cleaned_FFHQ_Dataset_50/train/5/09809.png","09809.png","5","Neutral"
"ffhq","Cleaned_FFHQ_Dataset_50/train/5/62436.png","62436.png","5","Neutral"
"ffhq","Cleaned_FFHQ_Dataset_50/train/4/05404.png","05404.png","4","Happiness"
"ffhq","Cleaned_FFHQ_Dataset_50/train/4/57861.png","57861.png","4","Happiness"
"ffhq","Cleaned_FFHQ_Dataset_50/train/5/52849.png","52849.png","5","Neutral"
"ffhq","Cleaned_FFHQ_Dataset_50/train/4/10207.png","10207.png","4","Happiness"
"ffhq","Cleaned_FFHQ_Dataset_50/train/5/24323.png","24323.png","5","Neutral"
"ffhq","Cleaned_FFHQ_Dataset_50/train/4/10378.png","10378.png","4","Happiness"
"ffhq","Cleaned_FFHQ_Dataset_50/train/0/05315.png","05315.png","0","Anger"
"ffhq","Cleaned_FFHQ_Dataset_50/train/4/10591.png","10591.png","4","Happiness"
"ffhq","Cleaned_FFHQ_Dataset_50/train/4/24940.png","24940.png","4","Happiness"
"ffhq","Cleaned_FFHQ_Dataset_50/train/5/08952.png","08952.png","5","Neutral"
"ffhq","Cleaned_FFHQ_Dataset_50/train/4/13682.png","13682.png","4","Happiness"
"ffhq","Cleaned_FFHQ_Dataset_50/train/5/69448.png","69448.png","5","Neutral"
"ffhq","Cleaned_FFHQ_Dataset_50/train/4/28626.png","28626.png","4","Happiness"
"ffhq","Cleaned_FFHQ_Dataset_50/train/4/11463.png","11463.png","4","Happiness"
"ffhq","Cleaned_FFHQ_Dataset_50/train/4/22385.png","22385.png","4","Happiness"
"ffhq","Cleaned_FFHQ_Dataset_50/train/4/14271.png","14271.png","4","Happiness"
"ffhq","Cleaned_FFHQ_Dataset_50/train/4/06874.png","06874.png","4","Happiness"
"ffhq","Cleaned_FFHQ_Dataset_50/train/5/15574.png","15574.png","5","Neutral"
"ffhq","Cleaned_FFHQ_Dataset_50/train/5/42322.png","42322.png","5","Neutral"
"ffhq","Cleaned_FFHQ_Dataset_50/train/4/43634.png","43634.png","4","Happiness"
"ffhq","Cleaned_FFHQ_Dataset_50/train/5/44986.png","44986.png","5","Neutral"
"ffhq","Cleaned_FFHQ_Dataset_50/train/5/46049.png","46049.png","5","Neutral"
"ffhq","Cleaned_FFHQ_Dataset_50/train/5/21052.png","21052.png","5","Neutral"
"ffhq","Cleaned_FFHQ_Dataset_50/train/4/65992.png","65992.png","4","Happiness"
"ffhq","Cleaned_FFHQ_Dataset_50/train/4/46330.png","46330.png","4","Happiness"
"ffhq","Cleaned_FFHQ_Dataset_50/train/5/00187.png","00187.png","5","Neutral"
"ffhq","Cleaned_FFHQ_Dataset_50/train/5/24671.png","24671.png","5","Neutral"
"ffhq","Cleaned_FFHQ_Dataset_50/train/4/25075.png","25075.png","4","Happiness"
"ffhq","Cleaned_FFHQ_Dataset_50/train/5/52386.png","52386.png","5","Neutral"
"ffhq","Cleaned_FFHQ_Dataset_50/train/5/25685.png","25685.png","5","Neutral"
"ffhq","Cleaned_FFHQ_Dataset_50/train/5/01242.png","01242.png","5","Neutral"
"ffhq","Cleaned_FFHQ_Dataset_50/train/5/48972.png","48972.png","5","Neutral"
"ffhq","Cleaned_FFHQ_Dataset_50/train/4/12831.png","12831.png","4","Happiness"
"ffhq","Cleaned_FFHQ_Dataset_50/train/5/51083.png","51083.png","5","Neutral"
"ffhq","Cleaned_FFHQ_Dataset_50/train/4/65249.png","65249.png","4","Happiness"
"ffhq","Cleaned_FFHQ_Dataset_50/train/4/54044.png","54044.png","4","Happiness"
"ffhq","Cleaned_FFHQ_Dataset_50/train/5/01559.png","01559.png","5","Neutral"
"ffhq","Cleaned_FFHQ_Dataset_50/train/5/27416.png","27416.png","5","Neutral"
"ffhq","Cleaned_FFHQ_Dataset_50/train/5/27321.png","27321.png","5","Neutral"
"ffhq","Cleaned_FFHQ_Dataset_50/train/5/21699.png","21699.png","5","Neutral"
"ffhq","Cleaned_FFHQ_Dataset_50/train/5/35746.png","35746.png","5","Neutral"
"ffhq","Cleaned_FFHQ_Dataset_50/train/4/06284.png","06284.png","4","Happiness"
"ffhq","Cleaned_FFHQ_Dataset_50/train/5/58779.png","58779.png","5","Neutral"
"ffhq","Cleaned_FFHQ_Dataset_50/train/5/09204.png","09204.png","5","Neutral"
"ffhq","Cleaned_FFHQ_Dataset_50/train/4/41047.png","41047.png","4","Happiness"
"ffhq","Cleaned_FFHQ_Dataset_50/train/4/49357.png","49357.png","4","Happiness"
"ffhq","Cleaned_FFHQ_Dataset_50/train/4/15923.png","15923.png","4","Happiness"
"ffhq","Cleaned_FFHQ_Dataset_50/train/4/08813.png","08813.png","4","Happiness"
"ffhq","Cleaned_FFHQ_Dataset_50/train/4/50307.png","50307.png","4","Happiness"
"ffhq","Cleaned_FFHQ_Dataset_50/train/5/53623.png","53623.png","5","Neutral"
"ffhq","Cleaned_FFHQ_Dataset_50/train/5/64945.png","64945.png","5","Neutral"
"ffhq","Cleaned_FFHQ_Dataset_50/train/5/00960.png","00960.png","5","Neutral"
"ffhq","Cleaned_FFHQ_Dataset_50/train/5/34933.png","34933.png","5","Neutral"
"ffhq","Cleaned_FFHQ_Dataset_50/train/5/05263.png","05263.png","5","Neutral"
"ffhq","Cleaned_FFHQ_Dataset_50/train/5/46654.png","46654.png","5","Neutral"
"ffhq","Cleaned_FFHQ_Dataset_50/train/4/59332.png","59332.png","4","Happiness"
"ffhq","Cleaned_FFHQ_Dataset_50/train/4/52865.png","52865.png","4","Happiness"
"ffhq","Cleaned_FFHQ_Dataset_50/train/4/69999.png","69999.png","4","Happiness"
"ffhq","Cleaned_FFHQ_Dataset_50/train/4/22556.png","22556.png","4","Happiness"
"ffhq","Cleaned_FFHQ_Dataset_50/train/5/64230.png","64230.png","5","Neutral"
"ffhq","Cleaned_FFHQ_Dataset_50/train/5/57814.png","57814.png","5","Neutral"
"ffhq","Cleaned_FFHQ_Dataset_50/train/4/55010.png","55010.png","4","Happiness"
"ffhq","Cleaned_FFHQ_Dataset_50/train/4/23519.png","23519.png","4","Happiness"
"ffhq","Cleaned_FFHQ_Dataset_50/train/5/17934.png","17934.png","5","Neutral"
"ffhq","Cleaned_FFHQ_Dataset_50/train/0/48023.png","48023.png","0","Anger"
"ffhq","Cleaned_FFHQ_Dataset_50/train/5/11072.png","11072.png","5","Neutral"
"ffhq","Cleaned_FFHQ_Dataset_50/train/5/08784.png","08784.png","5","Neutral"
"ffhq","Cleaned_FFHQ_Dataset_50/train/4/04877.png","04877.png","4","Happiness"
"ffhq","Cleaned_FFHQ_Dataset_50/train/5/09446.png","09446.png","5","Neutral"
"ffhq","Cleaned_FFHQ_Dataset_50/train/4/06498.png","06498.png","4","Happiness"
"ffhq","Cleaned_FFHQ_Dataset_50/train/4/19469.png","19469.png","4","Happiness"
"ffhq","Cleaned_FFHQ_Dataset_50/train/4/59744.png","59744.png","4","Happiness"
"ffhq","Cleaned_FFHQ_Dataset_50/train/5/68402.png","68402.png","5","Neutral"
"ffhq","Cleaned_FFHQ_Dataset_50/train/5/03783.png","03783.png","5","Neutral"
"ffhq","Cleaned_FFHQ_Dataset_50/train/4/16657.png","16657.png","4","Happiness"
"ffhq","Cleaned_FFHQ_Dataset_50/train/5/42702.png","42702.png","5","Neutral"
"ffhq","Cleaned_FFHQ_Dataset_50/train/5/30093.png","30093.png","5","Neutral"
"ffhq","Cleaned_FFHQ_Dataset_50/train/4/64864.png","64864.png","4","Happiness"
"ffhq","Cleaned_FFHQ_Dataset_50/train/5/06804.png","06804.png","5","Neutral"
"ffhq","Cleaned_FFHQ_Dataset_50/train/4/17477.png","17477.png","4","Happiness"
"ffhq","Cleaned_FFHQ_Dataset_50/train/5/09622.png","09622.png","5","Neutral"
"ffhq","Cleaned_FFHQ_Dataset_50/train/4/06474.png","06474.png","4","Happiness"
"ffhq","Cleaned_FFHQ_Dataset_50/train/4/61111.png","61111.png","4","Happiness"
"ffhq","Cleaned_FFHQ_Dataset_50/train/5/08748.png","08748.png","5","Neutral"
"ffhq","Cleaned_FFHQ_Dataset_50/train/4/23859.png","23859.png","4","Happiness"
"ffhq","Cleaned_FFHQ_Dataset_50/train/5/00322.png","00322.png","5","Neutral"
"ffhq","Cleaned_FFHQ_Dataset_50/train/5/59189.png","59189.png","5","Neutral"
"ffhq","Cleaned_FFHQ_Dataset_50/train/4/29035.png","29035.png","4","Happiness"
"ffhq","Cleaned_FFHQ_Dataset_50/train/4/67906.png","67906.png","4","Happiness"
"ffhq","Cleaned_FFHQ_Dataset_50/train/4/28324.png","28324.png","4","Happiness"
"ffhq","Cleaned_FFHQ_Dataset_50/train/4/23938.png","23938.png","4","Happiness"
"ffhq","Cleaned_FFHQ_Dataset_50/train/5/51434.png","51434.png","5","Neutral"
"ffhq","Cleaned_FFHQ_Dataset_50/train/5/15473.png","15473.png","5","Neutral"
"ffhq","Cleaned_FFHQ_Dataset_50/train/5/37028.png","37028.png","5","Neutral"
"ffhq","Cleaned_FFHQ_Dataset_50/train/5/44882.png","44882.png","5","Neutral"
"ffhq","Cleaned_FFHQ_Dataset_50/train/4/35515.png","35515.png","4","Happiness"
"ffhq","Cleaned_FFHQ_Dataset_50/train/4/18490.png","18490.png","4","Happiness"
"ffhq","Cleaned_FFHQ_Dataset_50/train/5/25901.png","25901.png","5","Neutral"
"ffhq","Cleaned_FFHQ_Dataset_50/train/5/06421.png","06421.png","5","Neutral"
"ffhq","Cleaned_FFHQ_Dataset_50/train/4/22486.png","22486.png","4","Happiness"
"ffhq","Cleaned_FFHQ_Dataset_50/train/5/52555.png","52555.png","5","Neutral"
"ffhq","Cleaned_FFHQ_Dataset_50/train/4/16418.png","16418.png","4","Happiness"
"ffhq","Cleaned_FFHQ_Dataset_50/train/4/55298.png","55298.png","4","Happiness"
"ffhq","Cleaned_FFHQ_Dataset_50/train/4/11168.png","11168.png","4","Happiness"
"ffhq","Cleaned_FFHQ_Dataset_50/train/5/58637.png","58637.png","5","Neutral"
"ffhq","Cleaned_FFHQ_Dataset_50/train/4/51680.png","51680.png","4","Happiness"
"ffhq","Cleaned_FFHQ_Dataset_50/train/4/32212.png","32212.png","4","Happiness"
"ffhq","Cleaned_FFHQ_Dataset_50/train/4/36362.png","36362.png","4","Happiness"
"ffhq","Cleaned_FFHQ_Dataset_50/train/4/55511.png","55511.png","4","Happiness"
"ffhq","Cleaned_FFHQ_Dataset_50/train/4/16338.png","16338.png","4","Happiness"
"ffhq","Cleaned_FFHQ_Dataset_50/train/4/32781.png","32781.png","4","Happiness"
"ffhq","Cleaned_FFHQ_Dataset_50/train/4/35471.png","35471.png","4","Happiness"
"ffhq","Cleaned_FFHQ_Dataset_50/train/5/31675.png","31675.png","5","Neutral"
"ffhq","Cleaned_FFHQ_Dataset_50/train/4/50678.png","50678.png","4","Happiness"
"ffhq","Cleaned_FFHQ_Dataset_50/train/4/40188.png","40188.png","4","Happiness"
"ffhq","Cleaned_FFHQ_Dataset_50/train/5/26071.png","26071.png","5","Neutral"
"ffhq","Cleaned_FFHQ_Dataset_50/train/4/68372.png","68372.png","4","Happiness"
"ffhq","Cleaned_FFHQ_Dataset_50/train/4/59623.png","59623.png","4","Happiness"
"ffhq","Cleaned_FFHQ_Dataset_50/train/5/26180.png","26180.png","5","Neutral"
"ffhq","Cleaned_FFHQ_Dataset_50/train/4/02493.png","02493.png","4","Happiness"
"ffhq","Cleaned_FFHQ_Dataset_50/train/5/43053.png","43053.png","5","Neutral"
"ffhq","Cleaned_FFHQ_Dataset_50/train/5/45361.png","45361.png","5","Neutral"
"ffhq","Cleaned_FFHQ_Dataset_50/train/4/01333.png","01333.png","4","Happiness"
"ffhq","Cleaned_FFHQ_Dataset_50/train/4/63784.png","63784.png","4","Happiness"
"ffhq","Cleaned_FFHQ_Dataset_50/train/4/27159.png","27159.png","4","Happiness"
"ffhq","Cleaned_FFHQ_Dataset_50/train/4/24522.png","24522.png","4","Happiness"
"ffhq","Cleaned_FFHQ_Dataset_50/train/4/45340.png","45340.png","4","Happiness"
"ffhq","Cleaned_FFHQ_Dataset_50/train/5/40320.png","40320.png","5","Neutral"
"ffhq","Cleaned_FFHQ_Dataset_50/train/5/22865.png","22865.png","5","Neutral"
"ffhq","Cleaned_FFHQ_Dataset_50/train/4/28801.png","28801.png","4","Happiness"
"ffhq","Cleaned_FFHQ_Dataset_50/train/5/03744.png","03744.png","5","Neutral"
"ffhq","Cleaned_FFHQ_Dataset_50/train/4/12020.png","12020.png","4","Happiness"
"ffhq","Cleaned_FFHQ_Dataset_50/train/4/36496.png","36496.png","4","Happiness"
"ffhq","Cleaned_FFHQ_Dataset_50/train/5/48148.png","48148.png","5","Neutral"
"ffhq","Cleaned_FFHQ_Dataset_50/train/5/43574.png","43574.png","5","Neutral"
"ffhq","Cleaned_FFHQ_Dataset_50/train/5/02006.png","02006.png","5","Neutral"
"ffhq","Cleaned_FFHQ_Dataset_50/train/5/68545.png","68545.png","5","Neutral"
"ffhq","Cleaned_FFHQ_Dataset_50/train/5/09930.png","09930.png","5","Neutral"
"ffhq","Cleaned_FFHQ_Dataset_50/train/4/08391.png","08391.png","4","Happiness"
"ffhq","Cleaned_FFHQ_Dataset_50/train/5/03364.png","03364.png","5","Neutral"
"ffhq","Cleaned_FFHQ_Dataset_50/train/5/21803.png","21803.png","5","Neutral"
"ffhq","Cleaned_FFHQ_Dataset_50/train/6/55632.png","55632.png","6","Sadness"
"ffhq","Cleaned_FFHQ_Dataset_50/train/4/47403.png","47403.png","4","Happiness"
"ffhq","Cleaned_FFHQ_Dataset_50/train/4/38809.png","38809.png","4","Happiness"
"ffhq","Cleaned_FFHQ_Dataset_50/train/4/23893.png","23893.png","4","Happiness"
"ffhq","Cleaned_FFHQ_Dataset_50/train/5/50859.png","50859.png","5","Neutral"
"ffhq","Cleaned_FFHQ_Dataset_50/train/5/55864.png","55864.png","5","Neutral"
"ffhq","Cleaned_FFHQ_Dataset_50/train/5/23596.png","23596.png","5","Neutral"
"ffhq","Cleaned_FFHQ_Dataset_50/train/4/63814.png","63814.png","4","Happiness"
"ffhq","Cleaned_FFHQ_Dataset_50/train/4/42841.png","42841.png","4","Happiness"
"ffhq","Cleaned_FFHQ_Dataset_50/train/4/02030.png","02030.png","4","Happiness"
"ffhq","Cleaned_FFHQ_Dataset_50/train/5/65900.png","65900.png","5","Neutral"
"ffhq","Cleaned_FFHQ_Dataset_50/train/4/67651.png","67651.png","4","Happiness"
"ffhq","Cleaned_FFHQ_Dataset_50/train/4/22210.png","22210.png","4","Happiness"
"ffhq","Cleaned_FFHQ_Dataset_50/train/5/00551.png","00551.png","5","Neutral"
"ffhq","Cleaned_FFHQ_Dataset_50/train/4/26780.png","26780.png","4","Happiness"
"ffhq","Cleaned_FFHQ_Dataset_50/train/5/38915.png","38915.png","5","Neutral"
"ffhq","Cleaned_FFHQ_Dataset_50/train/4/25755.png","25755.png","4","Happiness"
"ffhq","Cleaned_FFHQ_Dataset_50/train/5/22085.png","22085.png","5","Neutral"
"ffhq","Cleaned_FFHQ_Dataset_50/train/5/21702.png","21702.png","5","Neutral"
"ffhq","Cleaned_FFHQ_Dataset_50/train/4/18588.png","18588.png","4","Happiness"
"ffhq","Cleaned_FFHQ_Dataset_50/train/4/16081.png","16081.png","4","Happiness"
"ffhq","Cleaned_FFHQ_Dataset_50/train/5/35064.png","35064.png","5","Neutral"
"ffhq","Cleaned_FFHQ_Dataset_50/train/4/12823.png","12823.png","4","Happiness"
"ffhq","Cleaned_FFHQ_Dataset_50/train/5/29618.png","29618.png","5","Neutral"
"ffhq","Cleaned_FFHQ_Dataset_50/train/5/63258.png","63258.png","5","Neutral"
"ffhq","Cleaned_FFHQ_Dataset_50/train/6/01340.png","01340.png","6","Sadness"
"ffhq","Cleaned_FFHQ_Dataset_50/train/0/21584.png","21584.png","0","Anger"
"ffhq","Cleaned_FFHQ_Dataset_50/train/5/00132.png","00132.png","5","Neutral"
"ffhq","Cleaned_FFHQ_Dataset_50/train/4/06995.png","06995.png","4","Happiness"
"ffhq","Cleaned_FFHQ_Dataset_50/train/0/46113.png","46113.png","0","Anger"
"ffhq","Cleaned_FFHQ_Dataset_50/train/5/48964.png","48964.png","5","Neutral"
"ffhq","Cleaned_FFHQ_Dataset_50/train/5/39263.png","39263.png","5","Neutral"
"ffhq","Cleaned_FFHQ_Dataset_50/train/5/45009.png","45009.png","5","Neutral"
"ffhq","Cleaned_FFHQ_Dataset_50/train/4/35731.png","35731.png","4","Happiness"
"ffhq","Cleaned_FFHQ_Dataset_50/train/4/55467.png","55467.png","4","Happiness"
"ffhq","Cleaned_FFHQ_Dataset_50/train/5/55390.png","55390.png","5","Neutral"
"ffhq","Cleaned_FFHQ_Dataset_50/train/5/12497.png","12497.png","5","Neutral"
"ffhq","Cleaned_FFHQ_Dataset_50/train/5/66863.png","66863.png","5","Neutral"
"ffhq","Cleaned_FFHQ_Dataset_50/train/4/40298.png","40298.png","4","Happiness"
"ffhq","Cleaned_FFHQ_Dataset_50/train/5/14962.png","14962.png","5","Neutral"
"ffhq","Cleaned_FFHQ_Dataset_50/train/4/28057.png","28057.png","4","Happiness"
"ffhq","Cleaned_FFHQ_Dataset_50/train/4/21163.png","21163.png","4","Happiness"
"ffhq","Cleaned_FFHQ_Dataset_50/train/4/65091.png","65091.png","4","Happiness"
"ffhq","Cleaned_FFHQ_Dataset_50/train/4/18996.png","18996.png","4","Happiness"
"ffhq","Cleaned_FFHQ_Dataset_50/train/5/34368.png","34368.png","5","Neutral"
"ffhq","Cleaned_FFHQ_Dataset_50/train/5/11537.png","11537.png","5","Neutral"
"ffhq","Cleaned_FFHQ_Dataset_50/train/4/51422.png","51422.png","4","Happiness"
"ffhq","Cleaned_FFHQ_Dataset_50/train/4/49026.png","49026.png","4","Happiness"
"ffhq","Cleaned_FFHQ_Dataset_50/train/4/14804.png","14804.png","4","Happiness"
"ffhq","Cleaned_FFHQ_Dataset_50/train/4/19528.png","19528.png","4","Happiness"
"ffhq","Cleaned_FFHQ_Dataset_50/train/5/01629.png","01629.png","5","Neutral"
"ffhq","Cleaned_FFHQ_Dataset_50/train/4/54545.png","54545.png","4","Happiness"
"ffhq","Cleaned_FFHQ_Dataset_50/train/5/29613.png","29613.png","5","Neutral"
"ffhq","Cleaned_FFHQ_Dataset_50/train/4/29125.png","29125.png","4","Happiness"
"ffhq","Cleaned_FFHQ_Dataset_50/train/5/63015.png","63015.png","5","Neutral"
"ffhq","Cleaned_FFHQ_Dataset_50/train/5/05377.png","05377.png","5","Neutral"
"ffhq","Cleaned_FFHQ_Dataset_50/train/4/26625.png","26625.png","4","Happiness"
"ffhq","Cleaned_FFHQ_Dataset_50/train/5/33161.png","33161.png","5","Neutral"
"ffhq","Cleaned_FFHQ_Dataset_50/train/5/37442.png","37442.png","5","Neutral"
"ffhq","Cleaned_FFHQ_Dataset_50/train/5/45968.png","45968.png","5","Neutral"
"ffhq","Cleaned_FFHQ_Dataset_50/train/5/26736.png","26736.png","5","Neutral"
"ffhq","Cleaned_FFHQ_Dataset_50/train/4/11400.png","11400.png","4","Happiness"
"ffhq","Cleaned_FFHQ_Dataset_50/train/4/47798.png","47798.png","4","Happiness"
"ffhq","Cleaned_FFHQ_Dataset_50/train/4/41511.png","41511.png","4","Happiness"
"ffhq","Cleaned_FFHQ_Dataset_50/train/5/23340.png","23340.png","5","Neutral"
"ffhq","Cleaned_FFHQ_Dataset_50/train/4/18398.png","18398.png","4","Happiness"
"ffhq","Cleaned_FFHQ_Dataset_50/train/4/12347.png","12347.png","4","Happiness"
"ffhq","Cleaned_FFHQ_Dataset_50/train/5/28291.png","28291.png","5","Neutral"
"ffhq","Cleaned_FFHQ_Dataset_50/train/4/38558.png","38558.png","4","Happiness"
"ffhq","Cleaned_FFHQ_Dataset_50/train/5/65181.png","65181.png","5","Neutral"
"ffhq","Cleaned_FFHQ_Dataset_50/train/4/27035.png","27035.png","4","Happiness"
"ffhq","Cleaned_FFHQ_Dataset_50/train/4/51748.png","51748.png","4","Happiness"
"ffhq","Cleaned_FFHQ_Dataset_50/train/4/56376.png","56376.png","4","Happiness"
"ffhq","Cleaned_FFHQ_Dataset_50/train/4/54028.png","54028.png","4","Happiness"
"ffhq","Cleaned_FFHQ_Dataset_50/train/5/28340.png","28340.png","5","Neutral"
"ffhq","Cleaned_FFHQ_Dataset_50/train/4/55066.png","55066.png","4","Happiness"
"ffhq","Cleaned_FFHQ_Dataset_50/train/4/20722.png","20722.png","4","Happiness"
"ffhq","Cleaned_FFHQ_Dataset_50/train/5/04140.png","04140.png","5","Neutral"
"ffhq","Cleaned_FFHQ_Dataset_50/train/5/36290.png","36290.png","5","Neutral"
"ffhq","Cleaned_FFHQ_Dataset_50/train/5/00660.png","00660.png","5","Neutral"
"ffhq","Cleaned_FFHQ_Dataset_50/train/4/36395.png","36395.png","4","Happiness"
"ffhq","Cleaned_FFHQ_Dataset_50/train/4/65300.png","65300.png","4","Happiness"
"ffhq","Cleaned_FFHQ_Dataset_50/train/5/09321.png","09321.png","5","Neutral"
"ffhq","Cleaned_FFHQ_Dataset_50/train/5/53461.png","53461.png","5","Neutral"
"ffhq","Cleaned_FFHQ_Dataset_50/train/5/06382.png","06382.png","5","Neutral"
"ffhq","Cleaned_FFHQ_Dataset_50/train/4/37430.png","37430.png","4","Happiness"
"ffhq","Cleaned_FFHQ_Dataset_50/train/4/15276.png","15276.png","4","Happiness"
"ffhq","Cleaned_FFHQ_Dataset_50/train/4/16998.png","16998.png","4","Happiness"
"ffhq","Cleaned_FFHQ_Dataset_50/train/5/61676.png","61676.png","5","Neutral"
"ffhq","Cleaned_FFHQ_Dataset_50/train/4/60481.png","60481.png","4","Happiness"
"ffhq","Cleaned_FFHQ_Dataset_50/train/6/65380.png","65380.png","6","Sadness"
"ffhq","Cleaned_FFHQ_Dataset_50/train/5/46388.png","46388.png","5","Neutral"
"ffhq","Cleaned_FFHQ_Dataset_50/train/5/24445.png","24445.png","5","Neutral"
"ffhq","Cleaned_FFHQ_Dataset_50/train/4/18685.png","18685.png","4","Happiness"
"ffhq","Cleaned_FFHQ_Dataset_50/train/5/51827.png","51827.png","5","Neutral"
"ffhq","Cleaned_FFHQ_Dataset_50/train/4/45285.png","45285.png","4","Happiness"
"ffhq","Cleaned_FFHQ_Dataset_50/train/4/37228.png","37228.png","4","Happiness"
"ffhq","Cleaned_FFHQ_Dataset_50/train/5/37905.png","37905.png","5","Neutral"
"ffhq","Cleaned_FFHQ_Dataset_50/train/5/60292.png","60292.png","5","Neutral"
"ffhq","Cleaned_FFHQ_Dataset_50/train/5/67343.png","67343.png","5","Neutral"
"ffhq","Cleaned_FFHQ_Dataset_50/train/5/55826.png","55826.png","5","Neutral"
"ffhq","Cleaned_FFHQ_Dataset_50/train/4/44081.png","44081.png","4","Happiness"
"ffhq","Cleaned_FFHQ_Dataset_50/train/5/30453.png","30453.png","5","Neutral"
"ffhq","Cleaned_FFHQ_Dataset_50/train/5/64026.png","64026.png","5","Neutral"
"ffhq","Cleaned_FFHQ_Dataset_50/train/5/20520.png","20520.png","5","Neutral"
"ffhq","Cleaned_FFHQ_Dataset_50/train/4/46180.png","46180.png","4","Happiness"
"ffhq","Cleaned_FFHQ_Dataset_50/train/4/56536.png","56536.png","4","Happiness"
"ffhq","Cleaned_FFHQ_Dataset_50/train/5/61571.png","61571.png","5","Neutral"
"ffhq","Cleaned_FFHQ_Dataset_50/train/4/23695.png","23695.png","4","Happiness"
"ffhq","Cleaned_FFHQ_Dataset_50/train/5/48935.png","48935.png","5","Neutral"
"ffhq","Cleaned_FFHQ_Dataset_50/train/4/07582.png","07582.png","4","Happiness"
"ffhq","Cleaned_FFHQ_Dataset_50/train/4/10659.png","10659.png","4","Happiness"
"ffhq","Cleaned_FFHQ_Dataset_50/train/5/60893.png","60893.png","5","Neutral"
"ffhq","Cleaned_FFHQ_Dataset_50/train/5/33868.png","33868.png","5","Neutral"
"ffhq","Cleaned_FFHQ_Dataset_50/train/5/38764.png","38764.png","5","Neutral"
"ffhq","Cleaned_FFHQ_Dataset_50/train/4/17681.png","17681.png","4","Happiness"
"ffhq","Cleaned_FFHQ_Dataset_50/train/4/02340.png","02340.png","4","Happiness"
"ffhq","Cleaned_FFHQ_Dataset_50/train/5/14490.png","14490.png","5","Neutral"
"ffhq","Cleaned_FFHQ_Dataset_50/train/5/37954.png","37954.png","5","Neutral"
"ffhq","Cleaned_FFHQ_Dataset_50/train/4/40474.png","40474.png","4","Happiness"
"ffhq","Cleaned_FFHQ_Dataset_50/train/5/45158.png","45158.png","5","Neutral"
"ffhq","Cleaned_FFHQ_Dataset_50/train/5/56537.png","56537.png","5","Neutral"
"ffhq","Cleaned_FFHQ_Dataset_50/train/5/54577.png","54577.png","5","Neutral"
"ffhq","Cleaned_FFHQ_Dataset_50/train/5/62060.png","62060.png","5","Neutral"
"ffhq","Cleaned_FFHQ_Dataset_50/train/5/45304.png","45304.png","5","Neutral"
"ffhq","Cleaned_FFHQ_Dataset_50/train/5/48537.png","48537.png","5","Neutral"
"ffhq","Cleaned_FFHQ_Dataset_50/train/5/25087.png","25087.png","5","Neutral"
"ffhq","Cleaned_FFHQ_Dataset_50/train/5/08562.png","08562.png","5","Neutral"
"ffhq","Cleaned_FFHQ_Dataset_50/train/4/68368.png","68368.png","4","Happiness"
"ffhq","Cleaned_FFHQ_Dataset_50/train/4/12209.png","12209.png","4","Happiness"
"ffhq","Cleaned_FFHQ_Dataset_50/train/4/04055.png","04055.png","4","Happiness"
"ffhq","Cleaned_FFHQ_Dataset_50/train/4/09807.png","09807.png","4","Happiness"
"ffhq","Cleaned_FFHQ_Dataset_50/train/7/22778.png","22778.png","7","Surprise"
"ffhq","Cleaned_FFHQ_Dataset_50/train/4/62850.png","62850.png","4","Happiness"
"ffhq","Cleaned_FFHQ_Dataset_50/train/4/12813.png","12813.png","4","Happiness"
"ffhq","Cleaned_FFHQ_Dataset_50/train/4/30706.png","30706.png","4","Happiness"
"ffhq","Cleaned_FFHQ_Dataset_50/train/5/53700.png","53700.png","5","Neutral"
"ffhq","Cleaned_FFHQ_Dataset_50/train/5/04789.png","04789.png","5","Neutral"
"ffhq","Cleaned_FFHQ_Dataset_50/train/5/35563.png","35563.png","5","Neutral"
"ffhq","Cleaned_FFHQ_Dataset_50/train/5/15406.png","15406.png","5","Neutral"
"ffhq","Cleaned_FFHQ_Dataset_50/train/5/27470.png","27470.png","5","Neutral"
"ffhq","Cleaned_FFHQ_Dataset_50/train/4/20031.png","20031.png","4","Happiness"
"ffhq","Cleaned_FFHQ_Dataset_50/train/4/49390.png","49390.png","4","Happiness"
"ffhq","Cleaned_FFHQ_Dataset_50/train/4/44695.png","44695.png","4","Happiness"
"ffhq","Cleaned_FFHQ_Dataset_50/train/5/06898.png","06898.png","5","Neutral"
"ffhq","Cleaned_FFHQ_Dataset_50/train/5/18136.png","18136.png","5","Neutral"
"ffhq","Cleaned_FFHQ_Dataset_50/train/5/10411.png","10411.png","5","Neutral"
"ffhq","Cleaned_FFHQ_Dataset_50/train/4/64285.png","64285.png","4","Happiness"
"ffhq","Cleaned_FFHQ_Dataset_50/train/4/49425.png","49425.png","4","Happiness"
"ffhq","Cleaned_FFHQ_Dataset_50/train/4/48949.png","48949.png","4","Happiness"
"ffhq","Cleaned_FFHQ_Dataset_50/train/4/24476.png","24476.png","4","Happiness"
"ffhq","Cleaned_FFHQ_Dataset_50/train/5/13008.png","13008.png","5","Neutral"
"ffhq","Cleaned_FFHQ_Dataset_50/train/4/07524.png","07524.png","4","Happiness"
"ffhq","Cleaned_FFHQ_Dataset_50/train/5/12245.png","12245.png","5","Neutral"
"ffhq","Cleaned_FFHQ_Dataset_50/train/4/54465.png","54465.png","4","Happiness"
"ffhq","Cleaned_FFHQ_Dataset_50/train/4/08294.png","08294.png","4","Happiness"
"ffhq","Cleaned_FFHQ_Dataset_50/train/5/26755.png","26755.png","5","Neutral"
"ffhq","Cleaned_FFHQ_Dataset_50/train/5/24008.png","24008.png","5","Neutral"
"ffhq","Cleaned_FFHQ_Dataset_50/train/5/41036.png","41036.png","5","Neutral"
"ffhq","Cleaned_FFHQ_Dataset_50/train/5/52010.png","52010.png","5","Neutral"
"ffhq","Cleaned_FFHQ_Dataset_50/train/5/01484.png","01484.png","5","Neutral"
"ffhq","Cleaned_FFHQ_Dataset_50/train/5/09072.png","09072.png","5","Neutral"
"ffhq","Cleaned_FFHQ_Dataset_50/train/6/29963.png","29963.png","6","Sadness"
"ffhq","Cleaned_FFHQ_Dataset_50/train/5/35339.png","35339.png","5","Neutral"
"ffhq","Cleaned_FFHQ_Dataset_50/train/4/41283.png","41283.png","4","Happiness"
"ffhq","Cleaned_FFHQ_Dataset_50/train/5/16723.png","16723.png","5","Neutral"
"ffhq","Cleaned_FFHQ_Dataset_50/train/5/59304.png","59304.png","5","Neutral"
"ffhq","Cleaned_FFHQ_Dataset_50/train/4/68256.png","68256.png","4","Happiness"
"ffhq","Cleaned_FFHQ_Dataset_50/train/4/52291.png","52291.png","4","Happiness"
"ffhq","Cleaned_FFHQ_Dataset_50/train/5/60725.png","60725.png","5","Neutral"
"ffhq","Cleaned_FFHQ_Dataset_50/train/4/57460.png","57460.png","4","Happiness"
"ffhq","Cleaned_FFHQ_Dataset_50/train/4/15819.png","15819.png","4","Happiness"
"ffhq","Cleaned_FFHQ_Dataset_50/train/5/58366.png","58366.png","5","Neutral"
"ffhq","Cleaned_FFHQ_Dataset_50/train/4/54478.png","54478.png","4","Happiness"
"ffhq","Cleaned_FFHQ_Dataset_50/train/5/62221.png","62221.png","5","Neutral"
"ffhq","Cleaned_FFHQ_Dataset_50/train/5/24005.png","24005.png","5","Neutral"
"ffhq","Cleaned_FFHQ_Dataset_50/train/5/36466.png","36466.png","5","Neutral"
"ffhq","Cleaned_FFHQ_Dataset_50/train/5/53751.png","53751.png","5","Neutral"
"ffhq","Cleaned_FFHQ_Dataset_50/train/5/22667.png","22667.png","5","Neutral"
"ffhq","Cleaned_FFHQ_Dataset_50/train/4/52851.png","52851.png","4","Happiness"
"ffhq","Cleaned_FFHQ_Dataset_50/train/4/16594.png","16594.png","4","Happiness"
"ffhq","Cleaned_FFHQ_Dataset_50/train/5/40892.png","40892.png","5","Neutral"
"ffhq","Cleaned_FFHQ_Dataset_50/train/4/43063.png","43063.png","4","Happiness"
"ffhq","Cleaned_FFHQ_Dataset_50/train/5/26495.png","26495.png","5","Neutral"
"ffhq","Cleaned_FFHQ_Dataset_50/train/5/06066.png","06066.png","5","Neutral"
"ffhq","Cleaned_FFHQ_Dataset_50/train/4/07948.png","07948.png","4","Happiness"
"ffhq","Cleaned_FFHQ_Dataset_50/train/5/53992.png","53992.png","5","Neutral"
"ffhq","Cleaned_FFHQ_Dataset_50/train/5/38180.png","38180.png","5","Neutral"
"ffhq","Cleaned_FFHQ_Dataset_50/train/5/50485.png","50485.png","5","Neutral"
"ffhq","Cleaned_FFHQ_Dataset_50/train/4/21134.png","21134.png","4","Happiness"
"ffhq","Cleaned_FFHQ_Dataset_50/train/4/27525.png","27525.png","4","Happiness"
"ffhq","Cleaned_FFHQ_Dataset_50/train/4/12873.png","12873.png","4","Happiness"
"ffhq","Cleaned_FFHQ_Dataset_50/train/4/28336.png","28336.png","4","Happiness"
"ffhq","Cleaned_FFHQ_Dataset_50/train/4/55630.png","55630.png","4","Happiness"
"ffhq","Cleaned_FFHQ_Dataset_50/train/4/51111.png","51111.png","4","Happiness"
"ffhq","Cleaned_FFHQ_Dataset_50/train/4/64533.png","64533.png","4","Happiness"
"ffhq","Cleaned_FFHQ_Dataset_50/train/4/44433.png","44433.png","4","Happiness"
"ffhq","Cleaned_FFHQ_Dataset_50/train/4/06182.png","06182.png","4","Happiness"
"ffhq","Cleaned_FFHQ_Dataset_50/train/4/19540.png","19540.png","4","Happiness"
"ffhq","Cleaned_FFHQ_Dataset_50/train/4/33449.png","33449.png","4","Happiness"
"ffhq","Cleaned_FFHQ_Dataset_50/train/4/39728.png","39728.png","4","Happiness"
"ffhq","Cleaned_FFHQ_Dataset_50/train/5/44326.png","44326.png","5","Neutral"
"ffhq","Cleaned_FFHQ_Dataset_50/train/4/12631.png","12631.png","4","Happiness"
"ffhq","Cleaned_FFHQ_Dataset_50/train/4/42502.png","42502.png","4","Happiness"
"ffhq","Cleaned_FFHQ_Dataset_50/train/4/26964.png","26964.png","4","Happiness"
"ffhq","Cleaned_FFHQ_Dataset_50/train/5/20353.png","20353.png","5","Neutral"
"ffhq","Cleaned_FFHQ_Dataset_50/train/4/15736.png","15736.png","4","Happiness"
"ffhq","Cleaned_FFHQ_Dataset_50/train/5/44500.png","44500.png","5","Neutral"
"ffhq","Cleaned_FFHQ_Dataset_50/train/4/41765.png","41765.png","4","Happiness"
"ffhq","Cleaned_FFHQ_Dataset_50/train/5/16389.png","16389.png","5","Neutral"
"ffhq","Cleaned_FFHQ_Dataset_50/train/4/69889.png","69889.png","4","Happiness"
"ffhq","Cleaned_FFHQ_Dataset_50/train/4/30301.png","30301.png","4","Happiness"
"ffhq","Cleaned_FFHQ_Dataset_50/train/5/04939.png","04939.png","5","Neutral"
"ffhq","Cleaned_FFHQ_Dataset_50/train/4/14154.png","14154.png","4","Happiness"
"ffhq","Cleaned_FFHQ_Dataset_50/train/4/01129.png","01129.png","4","Happiness"
"ffhq","Cleaned_FFHQ_Dataset_50/train/5/05929.png","05929.png","5","Neutral"
"ffhq","Cleaned_FFHQ_Dataset_50/train/4/69480.png","69480.png","4","Happiness"
"ffhq","Cleaned_FFHQ_Dataset_50/train/4/58619.png","58619.png","4","Happiness"
"ffhq","Cleaned_FFHQ_Dataset_50/train/5/26154.png","26154.png","5","Neutral"
"ffhq","Cleaned_FFHQ_Dataset_50/train/4/38287.png","38287.png","4","Happiness"
"ffhq","Cleaned_FFHQ_Dataset_50/train/5/25297.png","25297.png","5","Neutral"
"ffhq","Cleaned_FFHQ_Dataset_50/train/4/67977.png","67977.png","4","Happiness"
"ffhq","Cleaned_FFHQ_Dataset_50/train/5/17485.png","17485.png","5","Neutral"
"ffhq","Cleaned_FFHQ_Dataset_50/train/4/53038.png","53038.png","4","Happiness"
"ffhq","Cleaned_FFHQ_Dataset_50/train/4/41367.png","41367.png","4","Happiness"
"ffhq","Cleaned_FFHQ_Dataset_50/train/4/04822.png","04822.png","4","Happiness"
"ffhq","Cleaned_FFHQ_Dataset_50/train/4/15263.png","15263.png","4","Happiness"
"ffhq","Cleaned_FFHQ_Dataset_50/train/4/13432.png","13432.png","4","Happiness"
"ffhq","Cleaned_FFHQ_Dataset_50/train/5/17944.png","17944.png","5","Neutral"
"ffhq","Cleaned_FFHQ_Dataset_50/train/4/43804.png","43804.png","4","Happiness"
"ffhq","Cleaned_FFHQ_Dataset_50/train/5/49730.png","49730.png","5","Neutral"
"ffhq","Cleaned_FFHQ_Dataset_50/train/5/27012.png","27012.png","5","Neutral"
"ffhq","Cleaned_FFHQ_Dataset_50/train/5/09644.png","09644.png","5","Neutral"
"ffhq","Cleaned_FFHQ_Dataset_50/train/5/11149.png","11149.png","5","Neutral"
"ffhq","Cleaned_FFHQ_Dataset_50/train/4/69344.png","69344.png","4","Happiness"
"ffhq","Cleaned_FFHQ_Dataset_50/train/4/11649.png","11649.png","4","Happiness"
"ffhq","Cleaned_FFHQ_Dataset_50/train/5/05675.png","05675.png","5","Neutral"
"ffhq","Cleaned_FFHQ_Dataset_50/train/4/59357.png","59357.png","4","Happiness"
"ffhq","Cleaned_FFHQ_Dataset_50/train/5/21954.png","21954.png","5","Neutral"
"ffhq","Cleaned_FFHQ_Dataset_50/train/4/59378.png","59378.png","4","Happiness"
"ffhq","Cleaned_FFHQ_Dataset_50/train/5/60357.png","60357.png","5","Neutral"
"ffhq","Cleaned_FFHQ_Dataset_50/train/5/61884.png","61884.png","5","Neutral"
"ffhq","Cleaned_FFHQ_Dataset_50/train/4/32518.png","32518.png","4","Happiness"
"ffhq","Cleaned_FFHQ_Dataset_50/train/5/36813.png","36813.png","5","Neutral"
"ffhq","Cleaned_FFHQ_Dataset_50/train/4/54177.png","54177.png","4","Happiness"
"ffhq","Cleaned_FFHQ_Dataset_50/train/4/26451.png","26451.png","4","Happiness"
"ffhq","Cleaned_FFHQ_Dataset_50/train/5/28692.png","28692.png","5","Neutral"
"ffhq","Cleaned_FFHQ_Dataset_50/train/4/13226.png","13226.png","4","Happiness"
"ffhq","Cleaned_FFHQ_Dataset_50/train/5/40503.png","40503.png","5","Neutral"
"ffhq","Cleaned_FFHQ_Dataset_50/train/4/54124.png","54124.png","4","Happiness"
"ffhq","Cleaned_FFHQ_Dataset_50/train/5/26004.png","26004.png","5","Neutral"
"ffhq","Cleaned_FFHQ_Dataset_50/train/6/35302.png","35302.png","6","Sadness"
"ffhq","Cleaned_FFHQ_Dataset_50/train/5/30138.png","30138.png","5","Neutral"
"ffhq","Cleaned_FFHQ_Dataset_50/train/4/03985.png","03985.png","4","Happiness"
"ffhq","Cleaned_FFHQ_Dataset_50/train/5/18645.png","18645.png","5","Neutral"
"ffhq","Cleaned_FFHQ_Dataset_50/train/5/18838.png","18838.png","5","Neutral"
"ffhq","Cleaned_FFHQ_Dataset_50/train/5/69944.png","69944.png","5","Neutral"
"ffhq","Cleaned_FFHQ_Dataset_50/train/5/39795.png","39795.png","5","Neutral"
"ffhq","Cleaned_FFHQ_Dataset_50/train/4/31743.png","31743.png","4","Happiness"
"ffhq","Cleaned_FFHQ_Dataset_50/train/5/30881.png","30881.png","5","Neutral"
"ffhq","Cleaned_FFHQ_Dataset_50/train/5/48658.png","48658.png","5","Neutral"
"ffhq","Cleaned_FFHQ_Dataset_50/train/4/55468.png","55468.png","4","Happiness"
"ffhq","Cleaned_FFHQ_Dataset_50/train/4/45704.png","45704.png","4","Happiness"
"ffhq","Cleaned_FFHQ_Dataset_50/train/5/44404.png","44404.png","5","Neutral"
"ffhq","Cleaned_FFHQ_Dataset_50/train/4/40416.png","40416.png","4","Happiness"
"ffhq","Cleaned_FFHQ_Dataset_50/train/4/56739.png","56739.png","4","Happiness"
"ffhq","Cleaned_FFHQ_Dataset_50/train/5/21056.png","21056.png","5","Neutral"
"ffhq","Cleaned_FFHQ_Dataset_50/train/4/42175.png","42175.png","4","Happiness"
"ffhq","Cleaned_FFHQ_Dataset_50/train/4/43254.png","43254.png","4","Happiness"
"ffhq","Cleaned_FFHQ_Dataset_50/train/4/57906.png","57906.png","4","Happiness"
"ffhq","Cleaned_FFHQ_Dataset_50/train/5/68784.png","68784.png","5","Neutral"
"ffhq","Cleaned_FFHQ_Dataset_50/train/5/47555.png","47555.png","5","Neutral"
"ffhq","Cleaned_FFHQ_Dataset_50/train/5/45159.png","45159.png","5","Neutral"
"ffhq","Cleaned_FFHQ_Dataset_50/train/5/68345.png","68345.png","5","Neutral"
"ffhq","Cleaned_FFHQ_Dataset_50/train/7/10421.png","10421.png","7","Surprise"
"ffhq","Cleaned_FFHQ_Dataset_50/train/5/37208.png","37208.png","5","Neutral"
"ffhq","Cleaned_FFHQ_Dataset_50/train/4/19598.png","19598.png","4","Happiness"
"ffhq","Cleaned_FFHQ_Dataset_50/train/4/36024.png","36024.png","4","Happiness"
"ffhq","Cleaned_FFHQ_Dataset_50/train/1/04221.png","04221.png","1","Contempt"
"ffhq","Cleaned_FFHQ_Dataset_50/train/5/02644.png","02644.png","5","Neutral"
"ffhq","Cleaned_FFHQ_Dataset_50/train/5/67130.png","67130.png","5","Neutral"
"ffhq","Cleaned_FFHQ_Dataset_50/train/5/24350.png","24350.png","5","Neutral"
"ffhq","Cleaned_FFHQ_Dataset_50/train/5/52358.png","52358.png","5","Neutral"
"ffhq","Cleaned_FFHQ_Dataset_50/train/4/08674.png","08674.png","4","Happiness"
"ffhq","Cleaned_FFHQ_Dataset_50/train/4/58096.png","58096.png","4","Happiness"
"ffhq","Cleaned_FFHQ_Dataset_50/train/4/35596.png","35596.png","4","Happiness"
"ffhq","Cleaned_FFHQ_Dataset_50/train/5/29285.png","29285.png","5","Neutral"
"ffhq","Cleaned_FFHQ_Dataset_50/train/5/37599.png","37599.png","5","Neutral"
"ffhq","Cleaned_FFHQ_Dataset_50/train/4/59972.png","59972.png","4","Happiness"
"ffhq","Cleaned_FFHQ_Dataset_50/train/5/14083.png","14083.png","5","Neutral"
"ffhq","Cleaned_FFHQ_Dataset_50/train/4/17162.png","17162.png","4","Happiness"
"ffhq","Cleaned_FFHQ_Dataset_50/train/5/68469.png","68469.png","5","Neutral"
"ffhq","Cleaned_FFHQ_Dataset_50/train/5/62580.png","62580.png","5","Neutral"
"ffhq","Cleaned_FFHQ_Dataset_50/train/6/37052.png","37052.png","6","Sadness"
"ffhq","Cleaned_FFHQ_Dataset_50/train/4/59315.png","59315.png","4","Happiness"
"ffhq","Cleaned_FFHQ_Dataset_50/train/5/44378.png","44378.png","5","Neutral"
"ffhq","Cleaned_FFHQ_Dataset_50/train/4/24744.png","24744.png","4","Happiness"
"ffhq","Cleaned_FFHQ_Dataset_50/train/4/47886.png","47886.png","4","Happiness"
"ffhq","Cleaned_FFHQ_Dataset_50/train/4/02696.png","02696.png","4","Happiness"
"ffhq","Cleaned_FFHQ_Dataset_50/train/4/13282.png","13282.png","4","Happiness"
"ffhq","Cleaned_FFHQ_Dataset_50/train/5/30250.png","30250.png","5","Neutral"
"ffhq","Cleaned_FFHQ_Dataset_50/train/4/00283.png","00283.png","4","Happiness"
"ffhq","Cleaned_FFHQ_Dataset_50/train/5/01833.png","01833.png","5","Neutral"
"ffhq","Cleaned_FFHQ_Dataset_50/train/4/02339.png","02339.png","4","Happiness"
"ffhq","Cleaned_FFHQ_Dataset_50/train/5/46057.png","46057.png","5","Neutral"
"ffhq","Cleaned_FFHQ_Dataset_50/train/5/22541.png","22541.png","5","Neutral"
"ffhq","Cleaned_FFHQ_Dataset_50/train/4/57250.png","57250.png","4","Happiness"
"ffhq","Cleaned_FFHQ_Dataset_50/train/5/15752.png","15752.png","5","Neutral"
"ffhq","Cleaned_FFHQ_Dataset_50/train/4/69323.png","69323.png","4","Happiness"
"ffhq","Cleaned_FFHQ_Dataset_50/train/5/05306.png","05306.png","5","Neutral"
"ffhq","Cleaned_FFHQ_Dataset_50/train/5/21748.png","21748.png","5","Neutral"
"ffhq","Cleaned_FFHQ_Dataset_50/train/5/20195.png","20195.png","5","Neutral"
"ffhq","Cleaned_FFHQ_Dataset_50/train/5/10751.png","10751.png","5","Neutral"
"ffhq","Cleaned_FFHQ_Dataset_50/train/5/29929.png","29929.png","5","Neutral"
"ffhq","Cleaned_FFHQ_Dataset_50/train/4/69144.png","69144.png","4","Happiness"
"ffhq","Cleaned_FFHQ_Dataset_50/train/5/37625.png","37625.png","5","Neutral"
"ffhq","Cleaned_FFHQ_Dataset_50/train/4/51135.png","51135.png","4","Happiness"
"ffhq","Cleaned_FFHQ_Dataset_50/train/5/61978.png","61978.png","5","Neutral"
"ffhq","Cleaned_FFHQ_Dataset_50/train/5/09297.png","09297.png","5","Neutral"
"ffhq","Cleaned_FFHQ_Dataset_50/train/4/63077.png","63077.png","4","Happiness"
"ffhq","Cleaned_FFHQ_Dataset_50/train/4/50616.png","50616.png","4","Happiness"
"ffhq","Cleaned_FFHQ_Dataset_50/train/5/45119.png","45119.png","5","Neutral"
"ffhq","Cleaned_FFHQ_Dataset_50/train/5/19152.png","19152.png","5","Neutral"
"ffhq","Cleaned_FFHQ_Dataset_50/train/5/65348.png","65348.png","5","Neutral"
"ffhq","Cleaned_FFHQ_Dataset_50/train/5/39117.png","39117.png","5","Neutral"
"ffhq","Cleaned_FFHQ_Dataset_50/train/4/58714.png","58714.png","4","Happiness"
"ffhq","Cleaned_FFHQ_Dataset_50/train/4/08963.png","08963.png","4","Happiness"
"ffhq","Cleaned_FFHQ_Dataset_50/train/5/59336.png","59336.png","5","Neutral"
"ffhq","Cleaned_FFHQ_Dataset_50/train/4/60918.png","60918.png","4","Happiness"
"ffhq","Cleaned_FFHQ_Dataset_50/train/5/49506.png","49506.png","5","Neutral"
"ffhq","Cleaned_FFHQ_Dataset_50/train/5/20810.png","20810.png","5","Neutral"
"ffhq","Cleaned_FFHQ_Dataset_50/train/4/19802.png","19802.png","4","Happiness"
"ffhq","Cleaned_FFHQ_Dataset_50/train/4/02837.png","02837.png","4","Happiness"
"ffhq","Cleaned_FFHQ_Dataset_50/train/4/49964.png","49964.png","4","Happiness"
"ffhq","Cleaned_FFHQ_Dataset_50/train/5/50620.png","50620.png","5","Neutral"
"ffhq","Cleaned_FFHQ_Dataset_50/train/4/00185.png","00185.png","4","Happiness"
"ffhq","Cleaned_FFHQ_Dataset_50/train/4/15190.png","15190.png","4","Happiness"
"ffhq","Cleaned_FFHQ_Dataset_50/train/4/64625.png","64625.png","4","Happiness"
"ffhq","Cleaned_FFHQ_Dataset_50/train/4/12954.png","12954.png","4","Happiness"
"ffhq","Cleaned_FFHQ_Dataset_50/train/5/00259.png","00259.png","5","Neutral"
"ffhq","Cleaned_FFHQ_Dataset_50/train/5/01304.png","01304.png","5","Neutral"
"ffhq","Cleaned_FFHQ_Dataset_50/train/5/35292.png","35292.png","5","Neutral"
"ffhq","Cleaned_FFHQ_Dataset_50/train/4/40483.png","40483.png","4","Happiness"
"ffhq","Cleaned_FFHQ_Dataset_50/train/4/69138.png","69138.png","4","Happiness"
"ffhq","Cleaned_FFHQ_Dataset_50/train/5/10307.png","10307.png","5","Neutral"
"ffhq","Cleaned_FFHQ_Dataset_50/train/4/66765.png","66765.png","4","Happiness"
"ffhq","Cleaned_FFHQ_Dataset_50/train/4/67338.png","67338.png","4","Happiness"
"ffhq","Cleaned_FFHQ_Dataset_50/train/5/38529.png","38529.png","5","Neutral"
"ffhq","Cleaned_FFHQ_Dataset_50/train/4/47585.png","47585.png","4","Happiness"
"ffhq","Cleaned_FFHQ_Dataset_50/train/6/64871.png","64871.png","6","Sadness"
"ffhq","Cleaned_FFHQ_Dataset_50/train/4/27554.png","27554.png","4","Happiness"
"ffhq","Cleaned_FFHQ_Dataset_50/train/1/65854.png","65854.png","1","Contempt"
"ffhq","Cleaned_FFHQ_Dataset_50/train/4/23641.png","23641.png","4","Happiness"
"ffhq","Cleaned_FFHQ_Dataset_50/train/5/14101.png","14101.png","5","Neutral"
"ffhq","Cleaned_FFHQ_Dataset_50/train/5/00721.png","00721.png","5","Neutral"
"ffhq","Cleaned_FFHQ_Dataset_50/train/4/31093.png","31093.png","4","Happiness"
"ffhq","Cleaned_FFHQ_Dataset_50/train/4/08133.png","08133.png","4","Happiness"
"ffhq","Cleaned_FFHQ_Dataset_50/train/5/52699.png","52699.png","5","Neutral"
"ffhq","Cleaned_FFHQ_Dataset_50/train/5/01565.png","01565.png","5","Neutral"
"ffhq","Cleaned_FFHQ_Dataset_50/train/5/37502.png","37502.png","5","Neutral"
"ffhq","Cleaned_FFHQ_Dataset_50/train/5/29434.png","29434.png","5","Neutral"
"ffhq","Cleaned_FFHQ_Dataset_50/train/4/37056.png","37056.png","4","Happiness"
"ffhq","Cleaned_FFHQ_Dataset_50/train/4/32402.png","32402.png","4","Happiness"
"ffhq","Cleaned_FFHQ_Dataset_50/train/5/14861.png","14861.png","5","Neutral"
"ffhq","Cleaned_FFHQ_Dataset_50/train/5/31851.png","31851.png","5","Neutral"
"ffhq","Cleaned_FFHQ_Dataset_50/train/4/27649.png","27649.png","4","Happiness"
"ffhq","Cleaned_FFHQ_Dataset_50/train/5/54543.png","54543.png","5","Neutral"
"ffhq","Cleaned_FFHQ_Dataset_50/train/4/00466.png","00466.png","4","Happiness"
"ffhq","Cleaned_FFHQ_Dataset_50/train/5/11951.png","11951.png","5","Neutral"
"ffhq","Cleaned_FFHQ_Dataset_50/train/4/19445.png","19445.png","4","Happiness"
"ffhq","Cleaned_FFHQ_Dataset_50/train/5/00262.png","00262.png","5","Neutral"
"ffhq","Cleaned_FFHQ_Dataset_50/train/4/50673.png","50673.png","4","Happiness"
"ffhq","Cleaned_FFHQ_Dataset_50/train/5/41942.png","41942.png","5","Neutral"
"ffhq","Cleaned_FFHQ_Dataset_50/train/5/07684.png","07684.png","5","Neutral"
"ffhq","Cleaned_FFHQ_Dataset_50/train/5/19167.png","19167.png","5","Neutral"
"ffhq","Cleaned_FFHQ_Dataset_50/train/4/46228.png","46228.png","4","Happiness"
"ffhq","Cleaned_FFHQ_Dataset_50/train/5/56464.png","56464.png","5","Neutral"
"ffhq","Cleaned_FFHQ_Dataset_50/train/4/12284.png","12284.png","4","Happiness"
"ffhq","Cleaned_FFHQ_Dataset_50/train/4/01094.png","01094.png","4","Happiness"
"ffhq","Cleaned_FFHQ_Dataset_50/train/6/19712.png","19712.png","6","Sadness"
"ffhq","Cleaned_FFHQ_Dataset_50/train/5/04553.png","04553.png","5","Neutral"
"ffhq","Cleaned_FFHQ_Dataset_50/train/5/39755.png","39755.png","5","Neutral"
"ffhq","Cleaned_FFHQ_Dataset_50/train/5/35164.png","35164.png","5","Neutral"
"ffhq","Cleaned_FFHQ_Dataset_50/train/4/27218.png","27218.png","4","Happiness"
"ffhq","Cleaned_FFHQ_Dataset_50/train/4/68676.png","68676.png","4","Happiness"
"ffhq","Cleaned_FFHQ_Dataset_50/train/5/18815.png","18815.png","5","Neutral"
"ffhq","Cleaned_FFHQ_Dataset_50/train/4/26807.png","26807.png","4","Happiness"
"ffhq","Cleaned_FFHQ_Dataset_50/train/4/17124.png","17124.png","4","Happiness"
"ffhq","Cleaned_FFHQ_Dataset_50/train/5/65423.png","65423.png","5","Neutral"
"ffhq","Cleaned_FFHQ_Dataset_50/train/4/25147.png","25147.png","4","Happiness"
"ffhq","Cleaned_FFHQ_Dataset_50/train/5/61477.png","61477.png","5","Neutral"
"ffhq","Cleaned_FFHQ_Dataset_50/train/4/59964.png","59964.png","4","Happiness"
"ffhq","Cleaned_FFHQ_Dataset_50/train/4/22099.png","22099.png","4","Happiness"
"ffhq","Cleaned_FFHQ_Dataset_50/train/4/42356.png","42356.png","4","Happiness"
"ffhq","Cleaned_FFHQ_Dataset_50/train/4/20090.png","20090.png","4","Happiness"
"ffhq","Cleaned_FFHQ_Dataset_50/train/4/19392.png","19392.png","4","Happiness"
"ffhq","Cleaned_FFHQ_Dataset_50/train/4/05197.png","05197.png","4","Happiness"
"ffhq","Cleaned_FFHQ_Dataset_50/train/5/68550.png","68550.png","5","Neutral"
"ffhq","Cleaned_FFHQ_Dataset_50/train/4/65613.png","65613.png","4","Happiness"
"ffhq","Cleaned_FFHQ_Dataset_50/train/5/04368.png","04368.png","5","Neutral"
"ffhq","Cleaned_FFHQ_Dataset_50/train/4/32759.png","32759.png","4","Happiness"
"ffhq","Cleaned_FFHQ_Dataset_50/train/4/26812.png","26812.png","4","Happiness"
"ffhq","Cleaned_FFHQ_Dataset_50/train/5/42479.png","42479.png","5","Neutral"
"ffhq","Cleaned_FFHQ_Dataset_50/train/5/08446.png","08446.png","5","Neutral"
"ffhq","Cleaned_FFHQ_Dataset_50/train/4/67773.png","67773.png","4","Happiness"
"ffhq","Cleaned_FFHQ_Dataset_50/train/4/31879.png","31879.png","4","Happiness"
"ffhq","Cleaned_FFHQ_Dataset_50/train/4/15213.png","15213.png","4","Happiness"
"ffhq","Cleaned_FFHQ_Dataset_50/train/5/26546.png","26546.png","5","Neutral"
"ffhq","Cleaned_FFHQ_Dataset_50/train/4/44345.png","44345.png","4","Happiness"
"ffhq","Cleaned_FFHQ_Dataset_50/train/4/05695.png","05695.png","4","Happiness"
"ffhq","Cleaned_FFHQ_Dataset_50/train/5/21151.png","21151.png","5","Neutral"
"ffhq","Cleaned_FFHQ_Dataset_50/train/5/24764.png","24764.png","5","Neutral"
"ffhq","Cleaned_FFHQ_Dataset_50/train/4/45699.png","45699.png","4","Happiness"
"ffhq","Cleaned_FFHQ_Dataset_50/train/5/02152.png","02152.png","5","Neutral"
"ffhq","Cleaned_FFHQ_Dataset_50/train/5/18135.png","18135.png","5","Neutral"
"ffhq","Cleaned_FFHQ_Dataset_50/train/5/39857.png","39857.png","5","Neutral"
"ffhq","Cleaned_FFHQ_Dataset_50/train/4/48136.png","48136.png","4","Happiness"
"ffhq","Cleaned_FFHQ_Dataset_50/train/4/34828.png","34828.png","4","Happiness"
"ffhq","Cleaned_FFHQ_Dataset_50/train/5/15646.png","15646.png","5","Neutral"
"ffhq","Cleaned_FFHQ_Dataset_50/train/4/54122.png","54122.png","4","Happiness"
"ffhq","Cleaned_FFHQ_Dataset_50/train/4/24389.png","24389.png","4","Happiness"
"ffhq","Cleaned_FFHQ_Dataset_50/train/5/09830.png","09830.png","5","Neutral"
"ffhq","Cleaned_FFHQ_Dataset_50/train/4/56547.png","56547.png","4","Happiness"
"ffhq","Cleaned_FFHQ_Dataset_50/train/4/18735.png","18735.png","4","Happiness"
"ffhq","Cleaned_FFHQ_Dataset_50/train/5/15607.png","15607.png","5","Neutral"
"ffhq","Cleaned_FFHQ_Dataset_50/train/4/59004.png","59004.png","4","Happiness"
"ffhq","Cleaned_FFHQ_Dataset_50/train/4/35354.png","35354.png","4","Happiness"
"ffhq","Cleaned_FFHQ_Dataset_50/train/4/69097.png","69097.png","4","Happiness"
"ffhq","Cleaned_FFHQ_Dataset_50/train/5/14118.png","14118.png","5","Neutral"
"ffhq","Cleaned_FFHQ_Dataset_50/train/5/06696.png","06696.png","5","Neutral"
"ffhq","Cleaned_FFHQ_Dataset_50/train/5/67604.png","67604.png","5","Neutral"
"ffhq","Cleaned_FFHQ_Dataset_50/train/4/63374.png","63374.png","4","Happiness"
"ffhq","Cleaned_FFHQ_Dataset_50/train/5/51501.png","51501.png","5","Neutral"
"ffhq","Cleaned_FFHQ_Dataset_50/train/4/20509.png","20509.png","4","Happiness"
"ffhq","Cleaned_FFHQ_Dataset_50/train/5/27178.png","27178.png","5","Neutral"
"ffhq","Cleaned_FFHQ_Dataset_50/train/4/56916.png","56916.png","4","Happiness"
"ffhq","Cleaned_FFHQ_Dataset_50/train/5/63135.png","63135.png","5","Neutral"
"ffhq","Cleaned_FFHQ_Dataset_50/train/4/36536.png","36536.png","4","Happiness"
"ffhq","Cleaned_FFHQ_Dataset_50/train/5/35496.png","35496.png","5","Neutral"
"ffhq","Cleaned_FFHQ_Dataset_50/train/4/12430.png","12430.png","4","Happiness"
"ffhq","Cleaned_FFHQ_Dataset_50/train/5/37374.png","37374.png","5","Neutral"
"ffhq","Cleaned_FFHQ_Dataset_50/train/4/65761.png","65761.png","4","Happiness"
"ffhq","Cleaned_FFHQ_Dataset_50/train/5/69618.png","69618.png","5","Neutral"
"ffhq","Cleaned_FFHQ_Dataset_50/train/4/18733.png","18733.png","4","Happiness"
"ffhq","Cleaned_FFHQ_Dataset_50/train/5/56425.png","56425.png","5","Neutral"
"ffhq","Cleaned_FFHQ_Dataset_50/train/5/57170.png","57170.png","5","Neutral"
"ffhq","Cleaned_FFHQ_Dataset_50/train/5/50585.png","50585.png","5","Neutral"
"ffhq","Cleaned_FFHQ_Dataset_50/train/5/31365.png","31365.png","5","Neutral"
"ffhq","Cleaned_FFHQ_Dataset_50/train/4/67414.png","67414.png","4","Happiness"
"ffhq","Cleaned_FFHQ_Dataset_50/train/5/66281.png","66281.png","5","Neutral"
"ffhq","Cleaned_FFHQ_Dataset_50/train/4/42697.png","42697.png","4","Happiness"
"ffhq","Cleaned_FFHQ_Dataset_50/train/5/15806.png","15806.png","5","Neutral"
"ffhq","Cleaned_FFHQ_Dataset_50/train/4/35000.png","35000.png","4","Happiness"
"ffhq","Cleaned_FFHQ_Dataset_50/train/4/68495.png","68495.png","4","Happiness"
"ffhq","Cleaned_FFHQ_Dataset_50/train/5/48214.png","48214.png","5","Neutral"
"ffhq","Cleaned_FFHQ_Dataset_50/train/4/39194.png","39194.png","4","Happiness"
"ffhq","Cleaned_FFHQ_Dataset_50/train/4/62729.png","62729.png","4","Happiness"
"ffhq","Cleaned_FFHQ_Dataset_50/train/4/53077.png","53077.png","4","Happiness"
"ffhq","Cleaned_FFHQ_Dataset_50/train/5/51887.png","51887.png","5","Neutral"
"ffhq","Cleaned_FFHQ_Dataset_50/train/5/22239.png","22239.png","5","Neutral"
"ffhq","Cleaned_FFHQ_Dataset_50/train/4/69866.png","69866.png","4","Happiness"
"ffhq","Cleaned_FFHQ_Dataset_50/train/4/65644.png","65644.png","4","Happiness"
"ffhq","Cleaned_FFHQ_Dataset_50/train/4/51603.png","51603.png","4","Happiness"
"ffhq","Cleaned_FFHQ_Dataset_50/train/5/06221.png","06221.png","5","Neutral"
"ffhq","Cleaned_FFHQ_Dataset_50/train/5/31930.png","31930.png","5","Neutral"
"ffhq","Cleaned_FFHQ_Dataset_50/train/4/51698.png","51698.png","4","Happiness"
"ffhq","Cleaned_FFHQ_Dataset_50/train/4/14449.png","14449.png","4","Happiness"
"ffhq","Cleaned_FFHQ_Dataset_50/train/4/34317.png","34317.png","4","Happiness"
"ffhq","Cleaned_FFHQ_Dataset_50/train/5/39480.png","39480.png","5","Neutral"
"ffhq","Cleaned_FFHQ_Dataset_50/train/6/17464.png","17464.png","6","Sadness"
"ffhq","Cleaned_FFHQ_Dataset_50/train/4/29830.png","29830.png","4","Happiness"
"ffhq","Cleaned_FFHQ_Dataset_50/train/5/54210.png","54210.png","5","Neutral"
"ffhq","Cleaned_FFHQ_Dataset_50/train/4/59642.png","59642.png","4","Happiness"
"ffhq","Cleaned_FFHQ_Dataset_50/train/6/60767.png","60767.png","6","Sadness"
"ffhq","Cleaned_FFHQ_Dataset_50/train/4/06891.png","06891.png","4","Happiness"
"ffhq","Cleaned_FFHQ_Dataset_50/train/5/29886.png","29886.png","5","Neutral"
"ffhq","Cleaned_FFHQ_Dataset_50/train/4/67645.png","67645.png","4","Happiness"
"ffhq","Cleaned_FFHQ_Dataset_50/train/5/15328.png","15328.png","5","Neutral"
"ffhq","Cleaned_FFHQ_Dataset_50/train/5/14667.png","14667.png","5","Neutral"
"ffhq","Cleaned_FFHQ_Dataset_50/train/4/38870.png","38870.png","4","Happiness"
"ffhq","Cleaned_FFHQ_Dataset_50/train/5/19384.png","19384.png","5","Neutral"
"ffhq","Cleaned_FFHQ_Dataset_50/train/5/06630.png","06630.png","5","Neutral"
"ffhq","Cleaned_FFHQ_Dataset_50/train/5/18147.png","18147.png","5","Neutral"
"ffhq","Cleaned_FFHQ_Dataset_50/train/5/10939.png","10939.png","5","Neutral"
"ffhq","Cleaned_FFHQ_Dataset_50/train/4/18511.png","18511.png","4","Happiness"
"ffhq","Cleaned_FFHQ_Dataset_50/train/4/18784.png","18784.png","4","Happiness"
"ffhq","Cleaned_FFHQ_Dataset_50/train/4/22557.png","22557.png","4","Happiness"
"ffhq","Cleaned_FFHQ_Dataset_50/train/5/24593.png","24593.png","5","Neutral"
"ffhq","Cleaned_FFHQ_Dataset_50/train/5/20745.png","20745.png","5","Neutral"
"ffhq","Cleaned_FFHQ_Dataset_50/train/4/69002.png","69002.png","4","Happiness"
"ffhq","Cleaned_FFHQ_Dataset_50/train/5/02304.png","02304.png","5","Neutral"
"ffhq","Cleaned_FFHQ_Dataset_50/train/5/52870.png","52870.png","5","Neutral"
"ffhq","Cleaned_FFHQ_Dataset_50/train/4/51807.png","51807.png","4","Happiness"
"ffhq","Cleaned_FFHQ_Dataset_50/train/4/16379.png","16379.png","4","Happiness"
"ffhq","Cleaned_FFHQ_Dataset_50/train/4/40825.png","40825.png","4","Happiness"
"ffhq","Cleaned_FFHQ_Dataset_50/train/5/26743.png","26743.png","5","Neutral"
"ffhq","Cleaned_FFHQ_Dataset_50/train/5/15774.png","15774.png","5","Neutral"
"ffhq","Cleaned_FFHQ_Dataset_50/train/5/50688.png","50688.png","5","Neutral"
"ffhq","Cleaned_FFHQ_Dataset_50/train/4/53600.png","53600.png","4","Happiness"
"ffhq","Cleaned_FFHQ_Dataset_50/train/4/48965.png","48965.png","4","Happiness"
"ffhq","Cleaned_FFHQ_Dataset_50/train/5/36482.png","36482.png","5","Neutral"
"ffhq","Cleaned_FFHQ_Dataset_50/train/4/38286.png","38286.png","4","Happiness"
"ffhq","Cleaned_FFHQ_Dataset_50/train/4/23705.png","23705.png","4","Happiness"
"ffhq","Cleaned_FFHQ_Dataset_50/train/5/47517.png","47517.png","5","Neutral"
"ffhq","Cleaned_FFHQ_Dataset_50/train/4/06542.png","06542.png","4","Happiness"
"ffhq","Cleaned_FFHQ_Dataset_50/train/4/30761.png","30761.png","4","Happiness"
"ffhq","Cleaned_FFHQ_Dataset_50/train/4/18626.png","18626.png","4","Happiness"
"ffhq","Cleaned_FFHQ_Dataset_50/train/5/39699.png","39699.png","5","Neutral"
"ffhq","Cleaned_FFHQ_Dataset_50/train/5/42624.png","42624.png","5","Neutral"
"ffhq","Cleaned_FFHQ_Dataset_50/train/5/32957.png","32957.png","5","Neutral"
"ffhq","Cleaned_FFHQ_Dataset_50/train/4/54800.png","54800.png","4","Happiness"
"ffhq","Cleaned_FFHQ_Dataset_50/train/5/12110.png","12110.png","5","Neutral"
"ffhq","Cleaned_FFHQ_Dataset_50/train/5/26267.png","26267.png","5","Neutral"
"ffhq","Cleaned_FFHQ_Dataset_50/train/4/07547.png","07547.png","4","Happiness"
"ffhq","Cleaned_FFHQ_Dataset_50/train/4/15294.png","15294.png","4","Happiness"
"ffhq","Cleaned_FFHQ_Dataset_50/train/5/49996.png","49996.png","5","Neutral"
"ffhq","Cleaned_FFHQ_Dataset_50/train/4/08138.png","08138.png","4","Happiness"
"ffhq","Cleaned_FFHQ_Dataset_50/train/7/31935.png","31935.png","7","Surprise"
"ffhq","Cleaned_FFHQ_Dataset_50/train/5/43157.png","43157.png","5","Neutral"
"ffhq","Cleaned_FFHQ_Dataset_50/train/5/29325.png","29325.png","5","Neutral"
"ffhq","Cleaned_FFHQ_Dataset_50/train/5/52132.png","52132.png","5","Neutral"
"ffhq","Cleaned_FFHQ_Dataset_50/train/4/27040.png","27040.png","4","Happiness"
"ffhq","Cleaned_FFHQ_Dataset_50/train/5/45231.png","45231.png","5","Neutral"
"ffhq","Cleaned_FFHQ_Dataset_50/train/4/24188.png","24188.png","4","Happiness"
"ffhq","Cleaned_FFHQ_Dataset_50/train/5/35577.png","35577.png","5","Neutral"
"ffhq","Cleaned_FFHQ_Dataset_50/train/5/39155.png","39155.png","5","Neutral"
"ffhq","Cleaned_FFHQ_Dataset_50/train/4/28637.png","28637.png","4","Happiness"
"ffhq","Cleaned_FFHQ_Dataset_50/train/4/29729.png","29729.png","4","Happiness"
"ffhq","Cleaned_FFHQ_Dataset_50/train/4/33814.png","33814.png","4","Happiness"
"ffhq","Cleaned_FFHQ_Dataset_50/train/5/65633.png","65633.png","5","Neutral"
"ffhq","Cleaned_FFHQ_Dataset_50/train/4/43103.png","43103.png","4","Happiness"
"ffhq","Cleaned_FFHQ_Dataset_50/train/4/21194.png","21194.png","4","Happiness"
"ffhq","Cleaned_FFHQ_Dataset_50/train/5/14862.png","14862.png","5","Neutral"
"ffhq","Cleaned_FFHQ_Dataset_50/train/5/32368.png","32368.png","5","Neutral"
"ffhq","Cleaned_FFHQ_Dataset_50/train/5/41593.png","41593.png","5","Neutral"
"ffhq","Cleaned_FFHQ_Dataset_50/train/4/66800.png","66800.png","4","Happiness"
"ffhq","Cleaned_FFHQ_Dataset_50/train/5/52732.png","52732.png","5","Neutral"
"ffhq","Cleaned_FFHQ_Dataset_50/train/5/33356.png","33356.png","5","Neutral"
"ffhq","Cleaned_FFHQ_Dataset_50/train/4/16802.png","16802.png","4","Happiness"
"ffhq","Cleaned_FFHQ_Dataset_50/train/5/05763.png","05763.png","5","Neutral"
"ffhq","Cleaned_FFHQ_Dataset_50/train/5/02145.png","02145.png","5","Neutral"
"ffhq","Cleaned_FFHQ_Dataset_50/train/5/38385.png","38385.png","5","Neutral"
"ffhq","Cleaned_FFHQ_Dataset_50/train/5/28209.png","28209.png","5","Neutral"
"ffhq","Cleaned_FFHQ_Dataset_50/train/4/14133.png","14133.png","4","Happiness"
"ffhq","Cleaned_FFHQ_Dataset_50/train/4/53810.png","53810.png","4","Happiness"
"ffhq","Cleaned_FFHQ_Dataset_50/train/4/07850.png","07850.png","4","Happiness"
"ffhq","Cleaned_FFHQ_Dataset_50/train/4/52126.png","52126.png","4","Happiness"
"ffhq","Cleaned_FFHQ_Dataset_50/train/4/33484.png","33484.png","4","Happiness"
"ffhq","Cleaned_FFHQ_Dataset_50/train/5/32081.png","32081.png","5","Neutral"
"ffhq","Cleaned_FFHQ_Dataset_50/train/5/45920.png","45920.png","5","Neutral"
"ffhq","Cleaned_FFHQ_Dataset_50/train/4/11301.png","11301.png","4","Happiness"
"ffhq","Cleaned_FFHQ_Dataset_50/train/4/16244.png","16244.png","4","Happiness"
"ffhq","Cleaned_FFHQ_Dataset_50/train/4/36219.png","36219.png","4","Happiness"
"ffhq","Cleaned_FFHQ_Dataset_50/train/4/62990.png","62990.png","4","Happiness"
"ffhq","Cleaned_FFHQ_Dataset_50/train/4/03539.png","03539.png","4","Happiness"
"ffhq","Cleaned_FFHQ_Dataset_50/train/5/23853.png","23853.png","5","Neutral"
"ffhq","Cleaned_FFHQ_Dataset_50/train/5/36404.png","36404.png","5","Neutral"
"ffhq","Cleaned_FFHQ_Dataset_50/train/5/27763.png","27763.png","5","Neutral"
"ffhq","Cleaned_FFHQ_Dataset_50/train/4/47992.png","47992.png","4","Happiness"
"ffhq","Cleaned_FFHQ_Dataset_50/train/4/34569.png","34569.png","4","Happiness"
"ffhq","Cleaned_FFHQ_Dataset_50/train/4/17671.png","17671.png","4","Happiness"
"ffhq","Cleaned_FFHQ_Dataset_50/train/5/15707.png","15707.png","5","Neutral"
"ffhq","Cleaned_FFHQ_Dataset_50/train/5/60078.png","60078.png","5","Neutral"
"ffhq","Cleaned_FFHQ_Dataset_50/train/5/00683.png","00683.png","5","Neutral"
"ffhq","Cleaned_FFHQ_Dataset_50/train/4/36987.png","36987.png","4","Happiness"
"ffhq","Cleaned_FFHQ_Dataset_50/train/5/49195.png","49195.png","5","Neutral"
"ffhq","Cleaned_FFHQ_Dataset_50/train/4/26578.png","26578.png","4","Happiness"
"ffhq","Cleaned_FFHQ_Dataset_50/train/5/66248.png","66248.png","5","Neutral"
"ffhq","Cleaned_FFHQ_Dataset_50/train/4/51252.png","51252.png","4","Happiness"
"ffhq","Cleaned_FFHQ_Dataset_50/train/4/54042.png","54042.png","4","Happiness"
"ffhq","Cleaned_FFHQ_Dataset_50/train/4/26152.png","26152.png","4","Happiness"
"ffhq","Cleaned_FFHQ_Dataset_50/train/5/07255.png","07255.png","5","Neutral"
"ffhq","Cleaned_FFHQ_Dataset_50/train/5/63726.png","63726.png","5","Neutral"
"ffhq","Cleaned_FFHQ_Dataset_50/train/4/10644.png","10644.png","4","Happiness"
"ffhq","Cleaned_FFHQ_Dataset_50/train/4/36678.png","36678.png","4","Happiness"
"ffhq","Cleaned_FFHQ_Dataset_50/train/4/44967.png","44967.png","4","Happiness"
"ffhq","Cleaned_FFHQ_Dataset_50/train/4/23667.png","23667.png","4","Happiness"
"ffhq","Cleaned_FFHQ_Dataset_50/train/4/68085.png","68085.png","4","Happiness"
"ffhq","Cleaned_FFHQ_Dataset_50/train/6/42366.png","42366.png","6","Sadness"
"ffhq","Cleaned_FFHQ_Dataset_50/train/4/34308.png","34308.png","4","Happiness"
"ffhq","Cleaned_FFHQ_Dataset_50/train/4/48883.png","48883.png","4","Happiness"
"ffhq","Cleaned_FFHQ_Dataset_50/train/4/51323.png","51323.png","4","Happiness"
"ffhq","Cleaned_FFHQ_Dataset_50/train/5/26109.png","26109.png","5","Neutral"
"ffhq","Cleaned_FFHQ_Dataset_50/train/4/42664.png","42664.png","4","Happiness"
"ffhq","Cleaned_FFHQ_Dataset_50/train/5/53890.png","53890.png","5","Neutral"
"ffhq","Cleaned_FFHQ_Dataset_50/train/5/39138.png","39138.png","5","Neutral"
"ffhq","Cleaned_FFHQ_Dataset_50/train/5/65288.png","65288.png","5","Neutral"
"ffhq","Cleaned_FFHQ_Dataset_50/train/5/69585.png","69585.png","5","Neutral"
"ffhq","Cleaned_FFHQ_Dataset_50/train/4/03249.png","03249.png","4","Happiness"
"ffhq","Cleaned_FFHQ_Dataset_50/train/5/53396.png","53396.png","5","Neutral"
"ffhq","Cleaned_FFHQ_Dataset_50/train/4/21124.png","21124.png","4","Happiness"
"ffhq","Cleaned_FFHQ_Dataset_50/train/6/32895.png","32895.png","6","Sadness"
"ffhq","Cleaned_FFHQ_Dataset_50/train/5/66189.png","66189.png","5","Neutral"
"ffhq","Cleaned_FFHQ_Dataset_50/train/5/63890.png","63890.png","5","Neutral"
"ffhq","Cleaned_FFHQ_Dataset_50/train/5/22736.png","22736.png","5","Neutral"
"ffhq","Cleaned_FFHQ_Dataset_50/train/5/11422.png","11422.png","5","Neutral"
"ffhq","Cleaned_FFHQ_Dataset_50/train/5/42975.png","42975.png","5","Neutral"
"ffhq","Cleaned_FFHQ_Dataset_50/train/4/09656.png","09656.png","4","Happiness"
"ffhq","Cleaned_FFHQ_Dataset_50/train/5/23876.png","23876.png","5","Neutral"
"ffhq","Cleaned_FFHQ_Dataset_50/train/4/15459.png","15459.png","4","Happiness"
"ffhq","Cleaned_FFHQ_Dataset_50/train/5/63777.png","63777.png","5","Neutral"
"ffhq","Cleaned_FFHQ_Dataset_50/train/5/28906.png","28906.png","5","Neutral"
"ffhq","Cleaned_FFHQ_Dataset_50/train/4/40646.png","40646.png","4","Happiness"
"ffhq","Cleaned_FFHQ_Dataset_50/train/5/20823.png","20823.png","5","Neutral"
"ffhq","Cleaned_FFHQ_Dataset_50/train/4/12301.png","12301.png","4","Happiness"
"ffhq","Cleaned_FFHQ_Dataset_50/train/5/11635.png","11635.png","5","Neutral"
"ffhq","Cleaned_FFHQ_Dataset_50/train/5/52119.png","52119.png","5","Neutral"
"ffhq","Cleaned_FFHQ_Dataset_50/train/5/41950.png","41950.png","5","Neutral"
"ffhq","Cleaned_FFHQ_Dataset_50/train/5/25520.png","25520.png","5","Neutral"
"ffhq","Cleaned_FFHQ_Dataset_50/train/5/36068.png","36068.png","5","Neutral"
"ffhq","Cleaned_FFHQ_Dataset_50/train/5/63650.png","63650.png","5","Neutral"
"ffhq","Cleaned_FFHQ_Dataset_50/train/4/47194.png","47194.png","4","Happiness"
"ffhq","Cleaned_FFHQ_Dataset_50/train/5/10515.png","10515.png","5","Neutral"
"ffhq","Cleaned_FFHQ_Dataset_50/train/5/00313.png","00313.png","5","Neutral"
"ffhq","Cleaned_FFHQ_Dataset_50/train/4/19093.png","19093.png","4","Happiness"
"ffhq","Cleaned_FFHQ_Dataset_50/train/5/51170.png","51170.png","5","Neutral"
"ffhq","Cleaned_FFHQ_Dataset_50/train/5/37047.png","37047.png","5","Neutral"
"ffhq","Cleaned_FFHQ_Dataset_50/train/4/36323.png","36323.png","4","Happiness"
"ffhq","Cleaned_FFHQ_Dataset_50/train/4/13291.png","13291.png","4","Happiness"
"ffhq","Cleaned_FFHQ_Dataset_50/train/5/24680.png","24680.png","5","Neutral"
"ffhq","Cleaned_FFHQ_Dataset_50/train/5/15283.png","15283.png","5","Neutral"
"ffhq","Cleaned_FFHQ_Dataset_50/train/4/38607.png","38607.png","4","Happiness"
"ffhq","Cleaned_FFHQ_Dataset_50/train/4/55477.png","55477.png","4","Happiness"
"ffhq","Cleaned_FFHQ_Dataset_50/train/5/44649.png","44649.png","5","Neutral"
"ffhq","Cleaned_FFHQ_Dataset_50/train/4/37061.png","37061.png","4","Happiness"
"ffhq","Cleaned_FFHQ_Dataset_50/train/5/06900.png","06900.png","5","Neutral"
"ffhq","Cleaned_FFHQ_Dataset_50/train/5/32974.png","32974.png","5","Neutral"
"ffhq","Cleaned_FFHQ_Dataset_50/train/5/04343.png","04343.png","5","Neutral"
"ffhq","Cleaned_FFHQ_Dataset_50/train/4/01563.png","01563.png","4","Happiness"
"ffhq","Cleaned_FFHQ_Dataset_50/train/4/61693.png","61693.png","4","Happiness"
"ffhq","Cleaned_FFHQ_Dataset_50/train/4/63047.png","63047.png","4","Happiness"
"ffhq","Cleaned_FFHQ_Dataset_50/train/4/26211.png","26211.png","4","Happiness"
"ffhq","Cleaned_FFHQ_Dataset_50/train/4/06477.png","06477.png","4","Happiness"
"ffhq","Cleaned_FFHQ_Dataset_50/train/4/16580.png","16580.png","4","Happiness"
"ffhq","Cleaned_FFHQ_Dataset_50/train/5/57242.png","57242.png","5","Neutral"
"ffhq","Cleaned_FFHQ_Dataset_50/train/5/50887.png","50887.png","5","Neutral"
"ffhq","Cleaned_FFHQ_Dataset_50/train/4/34896.png","34896.png","4","Happiness"
"ffhq","Cleaned_FFHQ_Dataset_50/train/4/22505.png","22505.png","4","Happiness"
"ffhq","Cleaned_FFHQ_Dataset_50/train/5/26720.png","26720.png","5","Neutral"
"ffhq","Cleaned_FFHQ_Dataset_50/train/5/09927.png","09927.png","5","Neutral"
"ffhq","Cleaned_FFHQ_Dataset_50/train/4/00748.png","00748.png","4","Happiness"
"ffhq","Cleaned_FFHQ_Dataset_50/train/5/68601.png","68601.png","5","Neutral"
"ffhq","Cleaned_FFHQ_Dataset_50/train/4/02288.png","02288.png","4","Happiness"
"ffhq","Cleaned_FFHQ_Dataset_50/train/4/33782.png","33782.png","4","Happiness"
"ffhq","Cleaned_FFHQ_Dataset_50/train/5/01847.png","01847.png","5","Neutral"
"ffhq","Cleaned_FFHQ_Dataset_50/train/4/49047.png","49047.png","4","Happiness"
"ffhq","Cleaned_FFHQ_Dataset_50/train/5/17184.png","17184.png","5","Neutral"
"ffhq","Cleaned_FFHQ_Dataset_50/train/5/38276.png","38276.png","5","Neutral"
"ffhq","Cleaned_FFHQ_Dataset_50/train/5/60407.png","60407.png","5","Neutral"
"ffhq","Cleaned_FFHQ_Dataset_50/train/4/41449.png","41449.png","4","Happiness"
"ffhq","Cleaned_FFHQ_Dataset_50/train/4/36280.png","36280.png","4","Happiness"
"ffhq","Cleaned_FFHQ_Dataset_50/train/4/63914.png","63914.png","4","Happiness"
"ffhq","Cleaned_FFHQ_Dataset_50/train/4/00718.png","00718.png","4","Happiness"
"ffhq","Cleaned_FFHQ_Dataset_50/train/4/40816.png","40816.png","4","Happiness"
"ffhq","Cleaned_FFHQ_Dataset_50/train/4/38767.png","38767.png","4","Happiness"
"ffhq","Cleaned_FFHQ_Dataset_50/train/4/52872.png","52872.png","4","Happiness"
"ffhq","Cleaned_FFHQ_Dataset_50/train/5/60235.png","60235.png","5","Neutral"
"ffhq","Cleaned_FFHQ_Dataset_50/train/5/31334.png","31334.png","5","Neutral"
"ffhq","Cleaned_FFHQ_Dataset_50/train/4/53917.png","53917.png","4","Happiness"
"ffhq","Cleaned_FFHQ_Dataset_50/train/5/43271.png","43271.png","5","Neutral"
"ffhq","Cleaned_FFHQ_Dataset_50/train/4/53805.png","53805.png","4","Happiness"
"ffhq","Cleaned_FFHQ_Dataset_50/train/4/45686.png","45686.png","4","Happiness"
"ffhq","Cleaned_FFHQ_Dataset_50/train/4/21995.png","21995.png","4","Happiness"
"ffhq","Cleaned_FFHQ_Dataset_50/train/4/12389.png","12389.png","4","Happiness"
"ffhq","Cleaned_FFHQ_Dataset_50/train/4/13300.png","13300.png","4","Happiness"
"ffhq","Cleaned_FFHQ_Dataset_50/train/5/35612.png","35612.png","5","Neutral"
"ffhq","Cleaned_FFHQ_Dataset_50/train/4/54882.png","54882.png","4","Happiness"
"ffhq","Cleaned_FFHQ_Dataset_50/train/5/69365.png","69365.png","5","Neutral"
"ffhq","Cleaned_FFHQ_Dataset_50/train/4/07735.png","07735.png","4","Happiness"
"ffhq","Cleaned_FFHQ_Dataset_50/train/4/17510.png","17510.png","4","Happiness"
"ffhq","Cleaned_FFHQ_Dataset_50/train/4/63470.png","63470.png","4","Happiness"
"ffhq","Cleaned_FFHQ_Dataset_50/train/5/12142.png","12142.png","5","Neutral"
"ffhq","Cleaned_FFHQ_Dataset_50/train/4/04617.png","04617.png","4","Happiness"
"ffhq","Cleaned_FFHQ_Dataset_50/train/4/68694.png","68694.png","4","Happiness"
"ffhq","Cleaned_FFHQ_Dataset_50/train/5/40555.png","40555.png","5","Neutral"
"ffhq","Cleaned_FFHQ_Dataset_50/train/4/63560.png","63560.png","4","Happiness"
"ffhq","Cleaned_FFHQ_Dataset_50/train/5/08318.png","08318.png","5","Neutral"
"ffhq","Cleaned_FFHQ_Dataset_50/train/4/07311.png","07311.png","4","Happiness"
"ffhq","Cleaned_FFHQ_Dataset_50/train/4/09129.png","09129.png","4","Happiness"
"ffhq","Cleaned_FFHQ_Dataset_50/train/4/11967.png","11967.png","4","Happiness"
"ffhq","Cleaned_FFHQ_Dataset_50/train/4/00333.png","00333.png","4","Happiness"
"ffhq","Cleaned_FFHQ_Dataset_50/train/5/62746.png","62746.png","5","Neutral"
"ffhq","Cleaned_FFHQ_Dataset_50/train/4/66920.png","66920.png","4","Happiness"
"ffhq","Cleaned_FFHQ_Dataset_50/train/4/69818.png","69818.png","4","Happiness"
"ffhq","Cleaned_FFHQ_Dataset_50/train/5/15685.png","15685.png","5","Neutral"
"ffhq","Cleaned_FFHQ_Dataset_50/train/5/29225.png","29225.png","5","Neutral"
"ffhq","Cleaned_FFHQ_Dataset_50/train/5/44975.png","44975.png","5","Neutral"
"ffhq","Cleaned_FFHQ_Dataset_50/train/4/19181.png","19181.png","4","Happiness"
"ffhq","Cleaned_FFHQ_Dataset_50/train/5/16109.png","16109.png","5","Neutral"
"ffhq","Cleaned_FFHQ_Dataset_50/train/4/30144.png","30144.png","4","Happiness"
"ffhq","Cleaned_FFHQ_Dataset_50/train/4/62228.png","62228.png","4","Happiness"
"ffhq","Cleaned_FFHQ_Dataset_50/train/4/63074.png","63074.png","4","Happiness"
"ffhq","Cleaned_FFHQ_Dataset_50/train/1/12202.png","12202.png","1","Contempt"
"ffhq","Cleaned_FFHQ_Dataset_50/train/7/15702.png","15702.png","7","Surprise"
"ffhq","Cleaned_FFHQ_Dataset_50/train/5/20387.png","20387.png","5","Neutral"
"ffhq","Cleaned_FFHQ_Dataset_50/train/4/48552.png","48552.png","4","Happiness"
"ffhq","Cleaned_FFHQ_Dataset_50/train/5/10287.png","10287.png","5","Neutral"
"ffhq","Cleaned_FFHQ_Dataset_50/train/5/65504.png","65504.png","5","Neutral"
"ffhq","Cleaned_FFHQ_Dataset_50/train/4/41532.png","41532.png","4","Happiness"
"ffhq","Cleaned_FFHQ_Dataset_50/train/5/42999.png","42999.png","5","Neutral"
"ffhq","Cleaned_FFHQ_Dataset_50/train/4/67569.png","67569.png","4","Happiness"
"ffhq","Cleaned_FFHQ_Dataset_50/train/7/54255.png","54255.png","7","Surprise"
"ffhq","Cleaned_FFHQ_Dataset_50/train/5/15293.png","15293.png","5","Neutral"
"ffhq","Cleaned_FFHQ_Dataset_50/train/5/69430.png","69430.png","5","Neutral"
"ffhq","Cleaned_FFHQ_Dataset_50/train/5/54231.png","54231.png","5","Neutral"
"ffhq","Cleaned_FFHQ_Dataset_50/train/4/07253.png","07253.png","4","Happiness"
"ffhq","Cleaned_FFHQ_Dataset_50/train/5/28917.png","28917.png","5","Neutral"
"ffhq","Cleaned_FFHQ_Dataset_50/train/4/05447.png","05447.png","4","Happiness"
"ffhq","Cleaned_FFHQ_Dataset_50/train/5/41534.png","41534.png","5","Neutral"
"ffhq","Cleaned_FFHQ_Dataset_50/train/5/29322.png","29322.png","5","Neutral"
"ffhq","Cleaned_FFHQ_Dataset_50/train/5/35053.png","35053.png","5","Neutral"
"ffhq","Cleaned_FFHQ_Dataset_50/train/5/26509.png","26509.png","5","Neutral"
"ffhq","Cleaned_FFHQ_Dataset_50/train/4/07742.png","07742.png","4","Happiness"
"ffhq","Cleaned_FFHQ_Dataset_50/train/5/53174.png","53174.png","5","Neutral"
"ffhq","Cleaned_FFHQ_Dataset_50/train/4/57419.png","57419.png","4","Happiness"
"ffhq","Cleaned_FFHQ_Dataset_50/train/5/26773.png","26773.png","5","Neutral"
"ffhq","Cleaned_FFHQ_Dataset_50/train/5/53121.png","53121.png","5","Neutral"
"ffhq","Cleaned_FFHQ_Dataset_50/train/5/53272.png","53272.png","5","Neutral"
"ffhq","Cleaned_FFHQ_Dataset_50/train/4/25747.png","25747.png","4","Happiness"
"ffhq","Cleaned_FFHQ_Dataset_50/train/4/20187.png","20187.png","4","Happiness"
"ffhq","Cleaned_FFHQ_Dataset_50/train/4/36317.png","36317.png","4","Happiness"
"ffhq","Cleaned_FFHQ_Dataset_50/train/4/00257.png","00257.png","4","Happiness"
"ffhq","Cleaned_FFHQ_Dataset_50/train/5/18119.png","18119.png","5","Neutral"
"ffhq","Cleaned_FFHQ_Dataset_50/train/4/33639.png","33639.png","4","Happiness"
"ffhq","Cleaned_FFHQ_Dataset_50/train/5/63641.png","63641.png","5","Neutral"
"ffhq","Cleaned_FFHQ_Dataset_50/train/4/01483.png","01483.png","4","Happiness"
"ffhq","Cleaned_FFHQ_Dataset_50/train/4/18951.png","18951.png","4","Happiness"
"ffhq","Cleaned_FFHQ_Dataset_50/train/5/52030.png","52030.png","5","Neutral"
"ffhq","Cleaned_FFHQ_Dataset_50/train/5/03102.png","03102.png","5","Neutral"
"ffhq","Cleaned_FFHQ_Dataset_50/train/5/21050.png","21050.png","5","Neutral"
"ffhq","Cleaned_FFHQ_Dataset_50/train/4/20673.png","20673.png","4","Happiness"
"ffhq","Cleaned_FFHQ_Dataset_50/train/4/35159.png","35159.png","4","Happiness"
"ffhq","Cleaned_FFHQ_Dataset_50/train/4/18161.png","18161.png","4","Happiness"
"ffhq","Cleaned_FFHQ_Dataset_50/train/5/09316.png","09316.png","5","Neutral"
"ffhq","Cleaned_FFHQ_Dataset_50/train/4/27075.png","27075.png","4","Happiness"
"ffhq","Cleaned_FFHQ_Dataset_50/train/4/37607.png","37607.png","4","Happiness"
"ffhq","Cleaned_FFHQ_Dataset_50/train/4/48716.png","48716.png","4","Happiness"
"ffhq","Cleaned_FFHQ_Dataset_50/train/4/15540.png","15540.png","4","Happiness"
"ffhq","Cleaned_FFHQ_Dataset_50/train/4/01438.png","01438.png","4","Happiness"
"ffhq","Cleaned_FFHQ_Dataset_50/train/5/22938.png","22938.png","5","Neutral"
"ffhq","Cleaned_FFHQ_Dataset_50/train/5/32829.png","32829.png","5","Neutral"
"ffhq","Cleaned_FFHQ_Dataset_50/train/4/19307.png","19307.png","4","Happiness"
"ffhq","Cleaned_FFHQ_Dataset_50/train/7/06172.png","06172.png","7","Surprise"
"ffhq","Cleaned_FFHQ_Dataset_50/train/4/02900.png","02900.png","4","Happiness"
"ffhq","Cleaned_FFHQ_Dataset_50/train/4/41494.png","41494.png","4","Happiness"
"ffhq","Cleaned_FFHQ_Dataset_50/train/4/18926.png","18926.png","4","Happiness"
"ffhq","Cleaned_FFHQ_Dataset_50/train/4/17558.png","17558.png","4","Happiness"
"ffhq","Cleaned_FFHQ_Dataset_50/train/5/59549.png","59549.png","5","Neutral"
"ffhq","Cleaned_FFHQ_Dataset_50/train/4/28207.png","28207.png","4","Happiness"
"ffhq","Cleaned_FFHQ_Dataset_50/train/4/22079.png","22079.png","4","Happiness"
"ffhq","Cleaned_FFHQ_Dataset_50/train/5/04698.png","04698.png","5","Neutral"
"ffhq","Cleaned_FFHQ_Dataset_50/train/5/55695.png","55695.png","5","Neutral"
"ffhq","Cleaned_FFHQ_Dataset_50/train/5/30650.png","30650.png","5","Neutral"
"ffhq","Cleaned_FFHQ_Dataset_50/train/4/62094.png","62094.png","4","Happiness"
"ffhq","Cleaned_FFHQ_Dataset_50/train/5/29910.png","29910.png","5","Neutral"
"ffhq","Cleaned_FFHQ_Dataset_50/train/4/31414.png","31414.png","4","Happiness"
"ffhq","Cleaned_FFHQ_Dataset_50/train/5/41027.png","41027.png","5","Neutral"
"ffhq","Cleaned_FFHQ_Dataset_50/train/7/64532.png","64532.png","7","Surprise"
"ffhq","Cleaned_FFHQ_Dataset_50/train/5/17320.png","17320.png","5","Neutral"
"ffhq","Cleaned_FFHQ_Dataset_50/train/6/35047.png","35047.png","6","Sadness"
"ffhq","Cleaned_FFHQ_Dataset_50/train/4/09470.png","09470.png","4","Happiness"
"ffhq","Cleaned_FFHQ_Dataset_50/train/4/55908.png","55908.png","4","Happiness"
"ffhq","Cleaned_FFHQ_Dataset_50/train/4/10467.png","10467.png","4","Happiness"
"ffhq","Cleaned_FFHQ_Dataset_50/train/7/05074.png","05074.png","7","Surprise"
"ffhq","Cleaned_FFHQ_Dataset_50/train/5/36262.png","36262.png","5","Neutral"
"ffhq","Cleaned_FFHQ_Dataset_50/train/4/35191.png","35191.png","4","Happiness"
"ffhq","Cleaned_FFHQ_Dataset_50/train/5/54443.png","54443.png","5","Neutral"
"ffhq","Cleaned_FFHQ_Dataset_50/train/5/38292.png","38292.png","5","Neutral"
"ffhq","Cleaned_FFHQ_Dataset_50/train/4/08523.png","08523.png","4","Happiness"
"ffhq","Cleaned_FFHQ_Dataset_50/train/7/11701.png","11701.png","7","Surprise"
"ffhq","Cleaned_FFHQ_Dataset_50/train/4/39217.png","39217.png","4","Happiness"
"ffhq","Cleaned_FFHQ_Dataset_50/train/5/02378.png","02378.png","5","Neutral"
"ffhq","Cleaned_FFHQ_Dataset_50/train/4/01610.png","01610.png","4","Happiness"
"ffhq","Cleaned_FFHQ_Dataset_50/train/5/34648.png","34648.png","5","Neutral"
"ffhq","Cleaned_FFHQ_Dataset_50/train/4/65924.png","65924.png","4","Happiness"
"ffhq","Cleaned_FFHQ_Dataset_50/train/4/39749.png","39749.png","4","Happiness"
"ffhq","Cleaned_FFHQ_Dataset_50/train/5/67971.png","67971.png","5","Neutral"
"ffhq","Cleaned_FFHQ_Dataset_50/train/5/20711.png","20711.png","5","Neutral"
"ffhq","Cleaned_FFHQ_Dataset_50/train/4/31174.png","31174.png","4","Happiness"
"ffhq","Cleaned_FFHQ_Dataset_50/train/4/09355.png","09355.png","4","Happiness"
"ffhq","Cleaned_FFHQ_Dataset_50/train/5/67463.png","67463.png","5","Neutral"
"ffhq","Cleaned_FFHQ_Dataset_50/train/4/66768.png","66768.png","4","Happiness"
"ffhq","Cleaned_FFHQ_Dataset_50/train/4/00732.png","00732.png","4","Happiness"
"ffhq","Cleaned_FFHQ_Dataset_50/train/5/52222.png","52222.png","5","Neutral"
"ffhq","Cleaned_FFHQ_Dataset_50/train/4/08171.png","08171.png","4","Happiness"
"ffhq","Cleaned_FFHQ_Dataset_50/train/4/68603.png","68603.png","4","Happiness"
"ffhq","Cleaned_FFHQ_Dataset_50/train/4/02026.png","02026.png","4","Happiness"
"ffhq","Cleaned_FFHQ_Dataset_50/train/5/66827.png","66827.png","5","Neutral"
"ffhq","Cleaned_FFHQ_Dataset_50/train/5/30020.png","30020.png","5","Neutral"
"ffhq","Cleaned_FFHQ_Dataset_50/train/5/41541.png","41541.png","5","Neutral"
"ffhq","Cleaned_FFHQ_Dataset_50/train/5/38023.png","38023.png","5","Neutral"
"ffhq","Cleaned_FFHQ_Dataset_50/train/4/43020.png","43020.png","4","Happiness"
"ffhq","Cleaned_FFHQ_Dataset_50/train/5/04421.png","04421.png","5","Neutral"
"ffhq","Cleaned_FFHQ_Dataset_50/train/5/50561.png","50561.png","5","Neutral"
"ffhq","Cleaned_FFHQ_Dataset_50/train/5/01509.png","01509.png","5","Neutral"
"ffhq","Cleaned_FFHQ_Dataset_50/train/5/18994.png","18994.png","5","Neutral"
"ffhq","Cleaned_FFHQ_Dataset_50/train/5/32991.png","32991.png","5","Neutral"
"ffhq","Cleaned_FFHQ_Dataset_50/train/4/00904.png","00904.png","4","Happiness"
"ffhq","Cleaned_FFHQ_Dataset_50/train/4/41262.png","41262.png","4","Happiness"
"ffhq","Cleaned_FFHQ_Dataset_50/train/5/69001.png","69001.png","5","Neutral"
"ffhq","Cleaned_FFHQ_Dataset_50/train/4/38319.png","38319.png","4","Happiness"
"ffhq","Cleaned_FFHQ_Dataset_50/train/6/12558.png","12558.png","6","Sadness"
"ffhq","Cleaned_FFHQ_Dataset_50/train/5/06427.png","06427.png","5","Neutral"
"ffhq","Cleaned_FFHQ_Dataset_50/train/5/02093.png","02093.png","5","Neutral"
"ffhq","Cleaned_FFHQ_Dataset_50/train/5/33412.png","33412.png","5","Neutral"
"ffhq","Cleaned_FFHQ_Dataset_50/train/4/44816.png","44816.png","4","Happiness"
"ffhq","Cleaned_FFHQ_Dataset_50/train/4/31347.png","31347.png","4","Happiness"
"ffhq","Cleaned_FFHQ_Dataset_50/train/4/46495.png","46495.png","4","Happiness"
"ffhq","Cleaned_FFHQ_Dataset_50/train/5/55522.png","55522.png","5","Neutral"
"ffhq","Cleaned_FFHQ_Dataset_50/train/4/47527.png","47527.png","4","Happiness"
"ffhq","Cleaned_FFHQ_Dataset_50/train/4/09801.png","09801.png","4","Happiness"
"ffhq","Cleaned_FFHQ_Dataset_50/train/4/58910.png","58910.png","4","Happiness"
"ffhq","Cleaned_FFHQ_Dataset_50/train/4/55267.png","55267.png","4","Happiness"
"ffhq","Cleaned_FFHQ_Dataset_50/train/5/40300.png","40300.png","5","Neutral"
"ffhq","Cleaned_FFHQ_Dataset_50/train/4/44932.png","44932.png","4","Happiness"
"ffhq","Cleaned_FFHQ_Dataset_50/train/4/50166.png","50166.png","4","Happiness"
"ffhq","Cleaned_FFHQ_Dataset_50/train/4/36637.png","36637.png","4","Happiness"
"ffhq","Cleaned_FFHQ_Dataset_50/train/5/67949.png","67949.png","5","Neutral"
"ffhq","Cleaned_FFHQ_Dataset_50/train/4/69410.png","69410.png","4","Happiness"
"ffhq","Cleaned_FFHQ_Dataset_50/train/4/09704.png","09704.png","4","Happiness"
"ffhq","Cleaned_FFHQ_Dataset_50/train/4/19999.png","19999.png","4","Happiness"
"ffhq","Cleaned_FFHQ_Dataset_50/train/4/47764.png","47764.png","4","Happiness"
"ffhq","Cleaned_FFHQ_Dataset_50/train/4/55313.png","55313.png","4","Happiness"
"ffhq","Cleaned_FFHQ_Dataset_50/train/5/36012.png","36012.png","5","Neutral"
"ffhq","Cleaned_FFHQ_Dataset_50/train/5/14460.png","14460.png","5","Neutral"
"ffhq","Cleaned_FFHQ_Dataset_50/train/4/26612.png","26612.png","4","Happiness"
"ffhq","Cleaned_FFHQ_Dataset_50/train/4/08152.png","08152.png","4","Happiness"
"ffhq","Cleaned_FFHQ_Dataset_50/train/4/60624.png","60624.png","4","Happiness"
"ffhq","Cleaned_FFHQ_Dataset_50/train/4/29085.png","29085.png","4","Happiness"
"ffhq","Cleaned_FFHQ_Dataset_50/train/4/19596.png","19596.png","4","Happiness"
"ffhq","Cleaned_FFHQ_Dataset_50/train/4/03179.png","03179.png","4","Happiness"
"ffhq","Cleaned_FFHQ_Dataset_50/train/4/58066.png","58066.png","4","Happiness"
"ffhq","Cleaned_FFHQ_Dataset_50/train/4/35865.png","35865.png","4","Happiness"
"ffhq","Cleaned_FFHQ_Dataset_50/train/5/09815.png","09815.png","5","Neutral"
"ffhq","Cleaned_FFHQ_Dataset_50/train/5/36705.png","36705.png","5","Neutral"
"ffhq","Cleaned_FFHQ_Dataset_50/train/4/56456.png","56456.png","4","Happiness"
"ffhq","Cleaned_FFHQ_Dataset_50/train/5/38792.png","38792.png","5","Neutral"
"ffhq","Cleaned_FFHQ_Dataset_50/train/5/50465.png","50465.png","5","Neutral"
"ffhq","Cleaned_FFHQ_Dataset_50/train/5/52127.png","52127.png","5","Neutral"
"ffhq","Cleaned_FFHQ_Dataset_50/train/4/28605.png","28605.png","4","Happiness"
"ffhq","Cleaned_FFHQ_Dataset_50/train/5/60759.png","60759.png","5","Neutral"
"ffhq","Cleaned_FFHQ_Dataset_50/train/4/29560.png","29560.png","4","Happiness"
"ffhq","Cleaned_FFHQ_Dataset_50/train/5/26903.png","26903.png","5","Neutral"
"ffhq","Cleaned_FFHQ_Dataset_50/train/5/24536.png","24536.png","5","Neutral"
"ffhq","Cleaned_FFHQ_Dataset_50/train/4/56652.png","56652.png","4","Happiness"
"ffhq","Cleaned_FFHQ_Dataset_50/train/4/27994.png","27994.png","4","Happiness"
"ffhq","Cleaned_FFHQ_Dataset_50/train/5/32687.png","32687.png","5","Neutral"
"ffhq","Cleaned_FFHQ_Dataset_50/train/5/02897.png","02897.png","5","Neutral"
"ffhq","Cleaned_FFHQ_Dataset_50/train/5/22539.png","22539.png","5","Neutral"
"ffhq","Cleaned_FFHQ_Dataset_50/train/4/50783.png","50783.png","4","Happiness"
"ffhq","Cleaned_FFHQ_Dataset_50/train/5/38432.png","38432.png","5","Neutral"
"ffhq","Cleaned_FFHQ_Dataset_50/train/4/57447.png","57447.png","4","Happiness"
"ffhq","Cleaned_FFHQ_Dataset_50/train/4/31871.png","31871.png","4","Happiness"
"ffhq","Cleaned_FFHQ_Dataset_50/train/5/31934.png","31934.png","5","Neutral"
"ffhq","Cleaned_FFHQ_Dataset_50/train/4/14770.png","14770.png","4","Happiness"
"ffhq","Cleaned_FFHQ_Dataset_50/train/5/01880.png","01880.png","5","Neutral"
"ffhq","Cleaned_FFHQ_Dataset_50/train/4/46755.png","46755.png","4","Happiness"
"ffhq","Cleaned_FFHQ_Dataset_50/train/5/61233.png","61233.png","5","Neutral"
"ffhq","Cleaned_FFHQ_Dataset_50/train/5/42549.png","42549.png","5","Neutral"
"ffhq","Cleaned_FFHQ_Dataset_50/train/5/15313.png","15313.png","5","Neutral"
"ffhq","Cleaned_FFHQ_Dataset_50/train/4/63384.png","63384.png","4","Happiness"
"ffhq","Cleaned_FFHQ_Dataset_50/train/4/40946.png","40946.png","4","Happiness"
"ffhq","Cleaned_FFHQ_Dataset_50/train/5/24310.png","24310.png","5","Neutral"
"ffhq","Cleaned_FFHQ_Dataset_50/train/4/60081.png","60081.png","4","Happiness"
"ffhq","Cleaned_FFHQ_Dataset_50/train/4/24969.png","24969.png","4","Happiness"
"ffhq","Cleaned_FFHQ_Dataset_50/train/4/00335.png","00335.png","4","Happiness"
"ffhq","Cleaned_FFHQ_Dataset_50/train/5/64524.png","64524.png","5","Neutral"
"ffhq","Cleaned_FFHQ_Dataset_50/train/5/59676.png","59676.png","5","Neutral"
"ffhq","Cleaned_FFHQ_Dataset_50/train/5/62112.png","62112.png","5","Neutral"
"ffhq","Cleaned_FFHQ_Dataset_50/train/4/22454.png","22454.png","4","Happiness"
"ffhq","Cleaned_FFHQ_Dataset_50/train/5/05636.png","05636.png","5","Neutral"
"ffhq","Cleaned_FFHQ_Dataset_50/train/5/08516.png","08516.png","5","Neutral"
"ffhq","Cleaned_FFHQ_Dataset_50/train/4/19709.png","19709.png","4","Happiness"
"ffhq","Cleaned_FFHQ_Dataset_50/train/5/38741.png","38741.png","5","Neutral"
"ffhq","Cleaned_FFHQ_Dataset_50/train/5/10286.png","10286.png","5","Neutral"
"ffhq","Cleaned_FFHQ_Dataset_50/train/4/49128.png","49128.png","4","Happiness"
"ffhq","Cleaned_FFHQ_Dataset_50/train/4/10600.png","10600.png","4","Happiness"
"ffhq","Cleaned_FFHQ_Dataset_50/train/4/22806.png","22806.png","4","Happiness"
"ffhq","Cleaned_FFHQ_Dataset_50/train/4/54853.png","54853.png","4","Happiness"
"ffhq","Cleaned_FFHQ_Dataset_50/train/5/61721.png","61721.png","5","Neutral"
"ffhq","Cleaned_FFHQ_Dataset_50/train/4/47057.png","47057.png","4","Happiness"
"ffhq","Cleaned_FFHQ_Dataset_50/train/5/54077.png","54077.png","5","Neutral"
"ffhq","Cleaned_FFHQ_Dataset_50/train/5/40504.png","40504.png","5","Neutral"
"ffhq","Cleaned_FFHQ_Dataset_50/train/4/12596.png","12596.png","4","Happiness"
"ffhq","Cleaned_FFHQ_Dataset_50/train/4/38718.png","38718.png","4","Happiness"
"ffhq","Cleaned_FFHQ_Dataset_50/train/5/37603.png","37603.png","5","Neutral"
"ffhq","Cleaned_FFHQ_Dataset_50/train/4/51403.png","51403.png","4","Happiness"
"ffhq","Cleaned_FFHQ_Dataset_50/train/5/12296.png","12296.png","5","Neutral"
"ffhq","Cleaned_FFHQ_Dataset_50/train/4/53864.png","53864.png","4","Happiness"
"ffhq","Cleaned_FFHQ_Dataset_50/train/4/32024.png","32024.png","4","Happiness"
"ffhq","Cleaned_FFHQ_Dataset_50/train/4/05689.png","05689.png","4","Happiness"
"ffhq","Cleaned_FFHQ_Dataset_50/train/4/34782.png","34782.png","4","Happiness"
"ffhq","Cleaned_FFHQ_Dataset_50/train/4/05178.png","05178.png","4","Happiness"
"ffhq","Cleaned_FFHQ_Dataset_50/train/5/53487.png","53487.png","5","Neutral"
"ffhq","Cleaned_FFHQ_Dataset_50/train/4/23522.png","23522.png","4","Happiness"
"ffhq","Cleaned_FFHQ_Dataset_50/train/4/11018.png","11018.png","4","Happiness"
"ffhq","Cleaned_FFHQ_Dataset_50/train/4/06238.png","06238.png","4","Happiness"
"ffhq","Cleaned_FFHQ_Dataset_50/train/5/29500.png","29500.png","5","Neutral"
"ffhq","Cleaned_FFHQ_Dataset_50/train/4/68212.png","68212.png","4","Happiness"
"ffhq","Cleaned_FFHQ_Dataset_50/train/4/09466.png","09466.png","4","Happiness"
"ffhq","Cleaned_FFHQ_Dataset_50/train/5/54633.png","54633.png","5","Neutral"
"ffhq","Cleaned_FFHQ_Dataset_50/train/4/25837.png","25837.png","4","Happiness"
"ffhq","Cleaned_FFHQ_Dataset_50/train/5/49252.png","49252.png","5","Neutral"
"ffhq","Cleaned_FFHQ_Dataset_50/train/5/59135.png","59135.png","5","Neutral"
"ffhq","Cleaned_FFHQ_Dataset_50/train/4/22364.png","22364.png","4","Happiness"
"ffhq","Cleaned_FFHQ_Dataset_50/train/4/09098.png","09098.png","4","Happiness"
"ffhq","Cleaned_FFHQ_Dataset_50/train/4/09952.png","09952.png","4","Happiness"
"ffhq","Cleaned_FFHQ_Dataset_50/train/4/42237.png","42237.png","4","Happiness"
"ffhq","Cleaned_FFHQ_Dataset_50/train/4/07350.png","07350.png","4","Happiness"
"ffhq","Cleaned_FFHQ_Dataset_50/train/4/64515.png","64515.png","4","Happiness"
"ffhq","Cleaned_FFHQ_Dataset_50/train/5/44288.png","44288.png","5","Neutral"
"ffhq","Cleaned_FFHQ_Dataset_50/train/4/04306.png","04306.png","4","Happiness"
"ffhq","Cleaned_FFHQ_Dataset_50/train/4/02695.png","02695.png","4","Happiness"
"ffhq","Cleaned_FFHQ_Dataset_50/train/5/03553.png","03553.png","5","Neutral"
"ffhq","Cleaned_FFHQ_Dataset_50/train/5/38646.png","38646.png","5","Neutral"
"ffhq","Cleaned_FFHQ_Dataset_50/train/4/02439.png","02439.png","4","Happiness"
"ffhq","Cleaned_FFHQ_Dataset_50/train/4/00584.png","00584.png","4","Happiness"
"ffhq","Cleaned_FFHQ_Dataset_50/train/4/42467.png","42467.png","4","Happiness"
"ffhq","Cleaned_FFHQ_Dataset_50/train/5/06298.png","06298.png","5","Neutral"
"ffhq","Cleaned_FFHQ_Dataset_50/train/4/08056.png","08056.png","4","Happiness"
"ffhq","Cleaned_FFHQ_Dataset_50/train/4/22707.png","22707.png","4","Happiness"
"ffhq","Cleaned_FFHQ_Dataset_50/train/5/42741.png","42741.png","5","Neutral"
"ffhq","Cleaned_FFHQ_Dataset_50/train/4/29755.png","29755.png","4","Happiness"
"ffhq","Cleaned_FFHQ_Dataset_50/train/4/50584.png","50584.png","4","Happiness"
"ffhq","Cleaned_FFHQ_Dataset_50/train/5/10021.png","10021.png","5","Neutral"
"ffhq","Cleaned_FFHQ_Dataset_50/train/5/37030.png","37030.png","5","Neutral"
"ffhq","Cleaned_FFHQ_Dataset_50/train/5/21664.png","21664.png","5","Neutral"
"ffhq","Cleaned_FFHQ_Dataset_50/train/4/05995.png","05995.png","4","Happiness"
"ffhq","Cleaned_FFHQ_Dataset_50/train/4/33230.png","33230.png","4","Happiness"
"ffhq","Cleaned_FFHQ_Dataset_50/train/4/06896.png","06896.png","4","Happiness"
"ffhq","Cleaned_FFHQ_Dataset_50/train/4/57132.png","57132.png","4","Happiness"
"ffhq","Cleaned_FFHQ_Dataset_50/train/4/25600.png","25600.png","4","Happiness"
"ffhq","Cleaned_FFHQ_Dataset_50/train/4/56027.png","56027.png","4","Happiness"
"ffhq","Cleaned_FFHQ_Dataset_50/train/4/56688.png","56688.png","4","Happiness"
"ffhq","Cleaned_FFHQ_Dataset_50/train/4/09964.png","09964.png","4","Happiness"
"ffhq","Cleaned_FFHQ_Dataset_50/train/5/17749.png","17749.png","5","Neutral"
"ffhq","Cleaned_FFHQ_Dataset_50/train/4/23818.png","23818.png","4","Happiness"
"ffhq","Cleaned_FFHQ_Dataset_50/train/5/54298.png","54298.png","5","Neutral"
"ffhq","Cleaned_FFHQ_Dataset_50/train/5/66143.png","66143.png","5","Neutral"
"ffhq","Cleaned_FFHQ_Dataset_50/train/4/42120.png","42120.png","4","Happiness"
"ffhq","Cleaned_FFHQ_Dataset_50/train/5/52052.png","52052.png","5","Neutral"
"ffhq","Cleaned_FFHQ_Dataset_50/train/4/49530.png","49530.png","4","Happiness"
"ffhq","Cleaned_FFHQ_Dataset_50/train/5/11750.png","11750.png","5","Neutral"
"ffhq","Cleaned_FFHQ_Dataset_50/train/1/39629.png","39629.png","1","Contempt"
"ffhq","Cleaned_FFHQ_Dataset_50/train/4/40820.png","40820.png","4","Happiness"
"ffhq","Cleaned_FFHQ_Dataset_50/train/4/52198.png","52198.png","4","Happiness"
"ffhq","Cleaned_FFHQ_Dataset_50/train/5/23290.png","23290.png","5","Neutral"
"ffhq","Cleaned_FFHQ_Dataset_50/train/4/40610.png","40610.png","4","Happiness"
"ffhq","Cleaned_FFHQ_Dataset_50/train/5/47475.png","47475.png","5","Neutral"
"ffhq","Cleaned_FFHQ_Dataset_50/train/5/59717.png","59717.png","5","Neutral"
"ffhq","Cleaned_FFHQ_Dataset_50/train/4/19075.png","19075.png","4","Happiness"
"ffhq","Cleaned_FFHQ_Dataset_50/train/4/59725.png","59725.png","4","Happiness"
"ffhq","Cleaned_FFHQ_Dataset_50/train/5/11961.png","11961.png","5","Neutral"
"ffhq","Cleaned_FFHQ_Dataset_50/train/5/55438.png","55438.png","5","Neutral"
"ffhq","Cleaned_FFHQ_Dataset_50/train/4/58448.png","58448.png","4","Happiness"
"ffhq","Cleaned_FFHQ_Dataset_50/train/4/21828.png","21828.png","4","Happiness"
"ffhq","Cleaned_FFHQ_Dataset_50/train/6/48158.png","48158.png","6","Sadness"
"ffhq","Cleaned_FFHQ_Dataset_50/train/4/28388.png","28388.png","4","Happiness"
"ffhq","Cleaned_FFHQ_Dataset_50/train/4/65188.png","65188.png","4","Happiness"
"ffhq","Cleaned_FFHQ_Dataset_50/train/5/18980.png","18980.png","5","Neutral"
"ffhq","Cleaned_FFHQ_Dataset_50/train/5/52379.png","52379.png","5","Neutral"
"ffhq","Cleaned_FFHQ_Dataset_50/train/4/37931.png","37931.png","4","Happiness"
"ffhq","Cleaned_FFHQ_Dataset_50/train/4/40427.png","40427.png","4","Happiness"
"ffhq","Cleaned_FFHQ_Dataset_50/train/5/49296.png","49296.png","5","Neutral"
"ffhq","Cleaned_FFHQ_Dataset_50/train/4/55363.png","55363.png","4","Happiness"
"ffhq","Cleaned_FFHQ_Dataset_50/train/4/38630.png","38630.png","4","Happiness"
"ffhq","Cleaned_FFHQ_Dataset_50/train/4/11534.png","11534.png","4","Happiness"
"ffhq","Cleaned_FFHQ_Dataset_50/train/5/49284.png","49284.png","5","Neutral"
"ffhq","Cleaned_FFHQ_Dataset_50/train/4/05257.png","05257.png","4","Happiness"
"ffhq","Cleaned_FFHQ_Dataset_50/train/4/13678.png","13678.png","4","Happiness"
"ffhq","Cleaned_FFHQ_Dataset_50/train/5/18099.png","18099.png","5","Neutral"
"ffhq","Cleaned_FFHQ_Dataset_50/train/5/18207.png","18207.png","5","Neutral"
"ffhq","Cleaned_FFHQ_Dataset_50/train/4/19593.png","19593.png","4","Happiness"
"ffhq","Cleaned_FFHQ_Dataset_50/train/5/16936.png","16936.png","5","Neutral"
"ffhq","Cleaned_FFHQ_Dataset_50/train/4/06302.png","06302.png","4","Happiness"
"ffhq","Cleaned_FFHQ_Dataset_50/train/5/19505.png","19505.png","5","Neutral"
"ffhq","Cleaned_FFHQ_Dataset_50/train/5/49663.png","49663.png","5","Neutral"
"ffhq","Cleaned_FFHQ_Dataset_50/train/5/69155.png","69155.png","5","Neutral"
"ffhq","Cleaned_FFHQ_Dataset_50/train/5/34877.png","34877.png","5","Neutral"
"ffhq","Cleaned_FFHQ_Dataset_50/train/5/59295.png","59295.png","5","Neutral"
"ffhq","Cleaned_FFHQ_Dataset_50/train/4/46434.png","46434.png","4","Happiness"
"ffhq","Cleaned_FFHQ_Dataset_50/train/5/10052.png","10052.png","5","Neutral"
"ffhq","Cleaned_FFHQ_Dataset_50/train/5/28877.png","28877.png","5","Neutral"
"ffhq","Cleaned_FFHQ_Dataset_50/train/4/56031.png","56031.png","4","Happiness"
"ffhq","Cleaned_FFHQ_Dataset_50/train/4/29299.png","29299.png","4","Happiness"
"ffhq","Cleaned_FFHQ_Dataset_50/train/4/67126.png","67126.png","4","Happiness"
"ffhq","Cleaned_FFHQ_Dataset_50/train/5/44099.png","44099.png","5","Neutral"
"ffhq","Cleaned_FFHQ_Dataset_50/train/5/65237.png","65237.png","5","Neutral"
"ffhq","Cleaned_FFHQ_Dataset_50/train/4/18557.png","18557.png","4","Happiness"
"ffhq","Cleaned_FFHQ_Dataset_50/train/5/38648.png","38648.png","5","Neutral"
"ffhq","Cleaned_FFHQ_Dataset_50/train/5/33068.png","33068.png","5","Neutral"
"ffhq","Cleaned_FFHQ_Dataset_50/train/4/29075.png","29075.png","4","Happiness"
"ffhq","Cleaned_FFHQ_Dataset_50/train/4/10441.png","10441.png","4","Happiness"
"ffhq","Cleaned_FFHQ_Dataset_50/train/5/02801.png","02801.png","5","Neutral"
"ffhq","Cleaned_FFHQ_Dataset_50/train/5/60222.png","60222.png","5","Neutral"
"ffhq","Cleaned_FFHQ_Dataset_50/train/5/44616.png","44616.png","5","Neutral"
"ffhq","Cleaned_FFHQ_Dataset_50/train/4/43018.png","43018.png","4","Happiness"
"ffhq","Cleaned_FFHQ_Dataset_50/train/5/38799.png","38799.png","5","Neutral"
"ffhq","Cleaned_FFHQ_Dataset_50/train/4/10729.png","10729.png","4","Happiness"
"ffhq","Cleaned_FFHQ_Dataset_50/train/4/02045.png","02045.png","4","Happiness"
"ffhq","Cleaned_FFHQ_Dataset_50/train/4/01512.png","01512.png","4","Happiness"
"ffhq","Cleaned_FFHQ_Dataset_50/train/5/04928.png","04928.png","5","Neutral"
"ffhq","Cleaned_FFHQ_Dataset_50/train/5/18332.png","18332.png","5","Neutral"
"ffhq","Cleaned_FFHQ_Dataset_50/train/5/59993.png","59993.png","5","Neutral"
"ffhq","Cleaned_FFHQ_Dataset_50/train/4/19812.png","19812.png","4","Happiness"
"ffhq","Cleaned_FFHQ_Dataset_50/train/5/43200.png","43200.png","5","Neutral"
"ffhq","Cleaned_FFHQ_Dataset_50/train/4/00061.png","00061.png","4","Happiness"
"ffhq","Cleaned_FFHQ_Dataset_50/train/4/38210.png","38210.png","4","Happiness"
"ffhq","Cleaned_FFHQ_Dataset_50/train/4/48779.png","48779.png","4","Happiness"
"ffhq","Cleaned_FFHQ_Dataset_50/train/5/57389.png","57389.png","5","Neutral"
"ffhq","Cleaned_FFHQ_Dataset_50/train/5/49633.png","49633.png","5","Neutral"
"ffhq","Cleaned_FFHQ_Dataset_50/train/4/09086.png","09086.png","4","Happiness"
"ffhq","Cleaned_FFHQ_Dataset_50/train/4/17469.png","17469.png","4","Happiness"
"ffhq","Cleaned_FFHQ_Dataset_50/train/5/69667.png","69667.png","5","Neutral"
"ffhq","Cleaned_FFHQ_Dataset_50/train/5/67926.png","67926.png","5","Neutral"
"ffhq","Cleaned_FFHQ_Dataset_50/train/5/61326.png","61326.png","5","Neutral"
"ffhq","Cleaned_FFHQ_Dataset_50/train/4/14168.png","14168.png","4","Happiness"
"ffhq","Cleaned_FFHQ_Dataset_50/train/5/44221.png","44221.png","5","Neutral"
"ffhq","Cleaned_FFHQ_Dataset_50/train/4/60963.png","60963.png","4","Happiness"
"ffhq","Cleaned_FFHQ_Dataset_50/train/5/02494.png","02494.png","5","Neutral"
"ffhq","Cleaned_FFHQ_Dataset_50/train/4/50498.png","50498.png","4","Happiness"
"ffhq","Cleaned_FFHQ_Dataset_50/train/4/10813.png","10813.png","4","Happiness"
"ffhq","Cleaned_FFHQ_Dataset_50/train/5/60947.png","60947.png","5","Neutral"
"ffhq","Cleaned_FFHQ_Dataset_50/train/4/07555.png","07555.png","4","Happiness"
"ffhq","Cleaned_FFHQ_Dataset_50/train/4/66026.png","66026.png","4","Happiness"
"ffhq","Cleaned_FFHQ_Dataset_50/train/5/21149.png","21149.png","5","Neutral"
"ffhq","Cleaned_FFHQ_Dataset_50/train/5/67887.png","67887.png","5","Neutral"
"ffhq","Cleaned_FFHQ_Dataset_50/train/4/42064.png","42064.png","4","Happiness"
"ffhq","Cleaned_FFHQ_Dataset_50/train/4/56187.png","56187.png","4","Happiness"
"ffhq","Cleaned_FFHQ_Dataset_50/train/4/00264.png","00264.png","4","Happiness"
"ffhq","Cleaned_FFHQ_Dataset_50/train/4/44508.png","44508.png","4","Happiness"
"ffhq","Cleaned_FFHQ_Dataset_50/train/4/62657.png","62657.png","4","Happiness"
"ffhq","Cleaned_FFHQ_Dataset_50/train/4/04923.png","04923.png","4","Happiness"
"ffhq","Cleaned_FFHQ_Dataset_50/train/4/38050.png","38050.png","4","Happiness"
"ffhq","Cleaned_FFHQ_Dataset_50/train/4/16018.png","16018.png","4","Happiness"
"ffhq","Cleaned_FFHQ_Dataset_50/train/5/28670.png","28670.png","5","Neutral"
"ffhq","Cleaned_FFHQ_Dataset_50/train/5/04871.png","04871.png","5","Neutral"
"ffhq","Cleaned_FFHQ_Dataset_50/train/5/54136.png","54136.png","5","Neutral"
"ffhq","Cleaned_FFHQ_Dataset_50/train/4/30236.png","30236.png","4","Happiness"
"ffhq","Cleaned_FFHQ_Dataset_50/train/5/21192.png","21192.png","5","Neutral"
"ffhq","Cleaned_FFHQ_Dataset_50/train/5/45238.png","45238.png","5","Neutral"
"ffhq","Cleaned_FFHQ_Dataset_50/train/5/57235.png","57235.png","5","Neutral"
"ffhq","Cleaned_FFHQ_Dataset_50/train/5/23692.png","23692.png","5","Neutral"
"ffhq","Cleaned_FFHQ_Dataset_50/train/4/32370.png","32370.png","4","Happiness"
"ffhq","Cleaned_FFHQ_Dataset_50/train/4/18336.png","18336.png","4","Happiness"
"ffhq","Cleaned_FFHQ_Dataset_50/train/4/14729.png","14729.png","4","Happiness"
"ffhq","Cleaned_FFHQ_Dataset_50/train/5/46941.png","46941.png","5","Neutral"
"ffhq","Cleaned_FFHQ_Dataset_50/train/5/02450.png","02450.png","5","Neutral"
"ffhq","Cleaned_FFHQ_Dataset_50/train/4/40692.png","40692.png","4","Happiness"
"ffhq","Cleaned_FFHQ_Dataset_50/train/4/59490.png","59490.png","4","Happiness"
"ffhq","Cleaned_FFHQ_Dataset_50/train/4/43611.png","43611.png","4","Happiness"
"ffhq","Cleaned_FFHQ_Dataset_50/train/5/15146.png","15146.png","5","Neutral"
"ffhq","Cleaned_FFHQ_Dataset_50/train/4/19930.png","19930.png","4","Happiness"
"ffhq","Cleaned_FFHQ_Dataset_50/train/5/36743.png","36743.png","5","Neutral"
"ffhq","Cleaned_FFHQ_Dataset_50/train/4/05286.png","05286.png","4","Happiness"
"ffhq","Cleaned_FFHQ_Dataset_50/train/7/12716.png","12716.png","7","Surprise"
"ffhq","Cleaned_FFHQ_Dataset_50/train/4/07917.png","07917.png","4","Happiness"
"ffhq","Cleaned_FFHQ_Dataset_50/train/4/63557.png","63557.png","4","Happiness"
"ffhq","Cleaned_FFHQ_Dataset_50/train/4/01608.png","01608.png","4","Happiness"
"ffhq","Cleaned_FFHQ_Dataset_50/train/5/68811.png","68811.png","5","Neutral"
"ffhq","Cleaned_FFHQ_Dataset_50/train/4/52200.png","52200.png","4","Happiness"
"ffhq","Cleaned_FFHQ_Dataset_50/train/4/00346.png","00346.png","4","Happiness"
"ffhq","Cleaned_FFHQ_Dataset_50/train/5/58118.png","58118.png","5","Neutral"
"ffhq","Cleaned_FFHQ_Dataset_50/train/5/61364.png","61364.png","5","Neutral"
"ffhq","Cleaned_FFHQ_Dataset_50/train/5/47918.png","47918.png","5","Neutral"
"ffhq","Cleaned_FFHQ_Dataset_50/train/5/08012.png","08012.png","5","Neutral"
"ffhq","Cleaned_FFHQ_Dataset_50/train/4/38564.png","38564.png","4","Happiness"
"ffhq","Cleaned_FFHQ_Dataset_50/train/4/45477.png","45477.png","4","Happiness"
"ffhq","Cleaned_FFHQ_Dataset_50/train/4/28704.png","28704.png","4","Happiness"
"ffhq","Cleaned_FFHQ_Dataset_50/train/5/66779.png","66779.png","5","Neutral"
"ffhq","Cleaned_FFHQ_Dataset_50/train/5/61717.png","61717.png","5","Neutral"
"ffhq","Cleaned_FFHQ_Dataset_50/train/4/57415.png","57415.png","4","Happiness"
"ffhq","Cleaned_FFHQ_Dataset_50/train/5/59247.png","59247.png","5","Neutral"
"ffhq","Cleaned_FFHQ_Dataset_50/train/4/63500.png","63500.png","4","Happiness"
"ffhq","Cleaned_FFHQ_Dataset_50/train/4/49639.png","49639.png","4","Happiness"
"ffhq","Cleaned_FFHQ_Dataset_50/train/4/42885.png","42885.png","4","Happiness"
"ffhq","Cleaned_FFHQ_Dataset_50/train/4/44531.png","44531.png","4","Happiness"
"ffhq","Cleaned_FFHQ_Dataset_50/train/5/56821.png","56821.png","5","Neutral"
"ffhq","Cleaned_FFHQ_Dataset_50/train/4/48400.png","48400.png","4","Happiness"
"ffhq","Cleaned_FFHQ_Dataset_50/train/4/06106.png","06106.png","4","Happiness"
"ffhq","Cleaned_FFHQ_Dataset_50/train/4/06596.png","06596.png","4","Happiness"
"ffhq","Cleaned_FFHQ_Dataset_50/train/4/29175.png","29175.png","4","Happiness"
"ffhq","Cleaned_FFHQ_Dataset_50/train/4/04598.png","04598.png","4","Happiness"
"ffhq","Cleaned_FFHQ_Dataset_50/train/4/61143.png","61143.png","4","Happiness"
"ffhq","Cleaned_FFHQ_Dataset_50/train/4/61607.png","61607.png","4","Happiness"
"ffhq","Cleaned_FFHQ_Dataset_50/train/4/07860.png","07860.png","4","Happiness"
"ffhq","Cleaned_FFHQ_Dataset_50/train/4/06204.png","06204.png","4","Happiness"
"ffhq","Cleaned_FFHQ_Dataset_50/train/5/36809.png","36809.png","5","Neutral"
"ffhq","Cleaned_FFHQ_Dataset_50/train/4/41133.png","41133.png","4","Happiness"
"ffhq","Cleaned_FFHQ_Dataset_50/train/4/43700.png","43700.png","4","Happiness"
"ffhq","Cleaned_FFHQ_Dataset_50/train/4/13992.png","13992.png","4","Happiness"
"ffhq","Cleaned_FFHQ_Dataset_50/train/4/57038.png","57038.png","4","Happiness"
"ffhq","Cleaned_FFHQ_Dataset_50/train/4/12542.png","12542.png","4","Happiness"
"ffhq","Cleaned_FFHQ_Dataset_50/train/4/31591.png","31591.png","4","Happiness"
"ffhq","Cleaned_FFHQ_Dataset_50/train/4/61694.png","61694.png","4","Happiness"
"ffhq","Cleaned_FFHQ_Dataset_50/train/5/34728.png","34728.png","5","Neutral"
"ffhq","Cleaned_FFHQ_Dataset_50/train/5/36715.png","36715.png","5","Neutral"
"ffhq","Cleaned_FFHQ_Dataset_50/train/4/47531.png","47531.png","4","Happiness"
"ffhq","Cleaned_FFHQ_Dataset_50/train/5/50086.png","50086.png","5","Neutral"
"ffhq","Cleaned_FFHQ_Dataset_50/train/7/24907.png","24907.png","7","Surprise"
"ffhq","Cleaned_FFHQ_Dataset_50/train/5/56856.png","56856.png","5","Neutral"
"ffhq","Cleaned_FFHQ_Dataset_50/train/5/30028.png","30028.png","5","Neutral"
"ffhq","Cleaned_FFHQ_Dataset_50/train/5/68121.png","68121.png","5","Neutral"
"ffhq","Cleaned_FFHQ_Dataset_50/train/5/23952.png","23952.png","5","Neutral"
"ffhq","Cleaned_FFHQ_Dataset_50/train/5/51180.png","51180.png","5","Neutral"
"ffhq","Cleaned_FFHQ_Dataset_50/train/5/55794.png","55794.png","5","Neutral"
"ffhq","Cleaned_FFHQ_Dataset_50/train/5/17100.png","17100.png","5","Neutral"
"ffhq","Cleaned_FFHQ_Dataset_50/train/5/52328.png","52328.png","5","Neutral"
"ffhq","Cleaned_FFHQ_Dataset_50/train/7/46490.png","46490.png","7","Surprise"
"ffhq","Cleaned_FFHQ_Dataset_50/train/5/30822.png","30822.png","5","Neutral"
"ffhq","Cleaned_FFHQ_Dataset_50/train/5/05747.png","05747.png","5","Neutral"
"ffhq","Cleaned_FFHQ_Dataset_50/train/4/31953.png","31953.png","4","Happiness"
"ffhq","Cleaned_FFHQ_Dataset_50/train/4/47995.png","47995.png","4","Happiness"
"ffhq","Cleaned_FFHQ_Dataset_50/train/4/44018.png","44018.png","4","Happiness"
"ffhq","Cleaned_FFHQ_Dataset_50/train/4/20799.png","20799.png","4","Happiness"
"ffhq","Cleaned_FFHQ_Dataset_50/train/4/33130.png","33130.png","4","Happiness"
"ffhq","Cleaned_FFHQ_Dataset_50/train/5/42629.png","42629.png","5","Neutral"
"ffhq","Cleaned_FFHQ_Dataset_50/train/4/28936.png","28936.png","4","Happiness"
"ffhq","Cleaned_FFHQ_Dataset_50/train/5/01822.png","01822.png","5","Neutral"
"ffhq","Cleaned_FFHQ_Dataset_50/train/4/31519.png","31519.png","4","Happiness"
"ffhq","Cleaned_FFHQ_Dataset_50/train/5/69249.png","69249.png","5","Neutral"
"ffhq","Cleaned_FFHQ_Dataset_50/train/4/24355.png","24355.png","4","Happiness"
"ffhq","Cleaned_FFHQ_Dataset_50/train/4/36171.png","36171.png","4","Happiness"
"ffhq","Cleaned_FFHQ_Dataset_50/train/4/07604.png","07604.png","4","Happiness"
"ffhq","Cleaned_FFHQ_Dataset_50/train/4/01399.png","01399.png","4","Happiness"
"ffhq","Cleaned_FFHQ_Dataset_50/train/4/00554.png","00554.png","4","Happiness"
"ffhq","Cleaned_FFHQ_Dataset_50/train/4/27193.png","27193.png","4","Happiness"
"ffhq","Cleaned_FFHQ_Dataset_50/train/4/24635.png","24635.png","4","Happiness"
"ffhq","Cleaned_FFHQ_Dataset_50/train/4/45291.png","45291.png","4","Happiness"
"ffhq","Cleaned_FFHQ_Dataset_50/train/4/45244.png","45244.png","4","Happiness"
"ffhq","Cleaned_FFHQ_Dataset_50/train/5/04863.png","04863.png","5","Neutral"
"ffhq","Cleaned_FFHQ_Dataset_50/train/5/23824.png","23824.png","5","Neutral"
"ffhq","Cleaned_FFHQ_Dataset_50/train/5/40252.png","40252.png","5","Neutral"
"ffhq","Cleaned_FFHQ_Dataset_50/train/4/14531.png","14531.png","4","Happiness"
"ffhq","Cleaned_FFHQ_Dataset_50/train/4/06355.png","06355.png","4","Happiness"
"ffhq","Cleaned_FFHQ_Dataset_50/train/4/20135.png","20135.png","4","Happiness"
"ffhq","Cleaned_FFHQ_Dataset_50/train/4/12838.png","12838.png","4","Happiness"
"ffhq","Cleaned_FFHQ_Dataset_50/train/5/08715.png","08715.png","5","Neutral"
"ffhq","Cleaned_FFHQ_Dataset_50/train/5/14053.png","14053.png","5","Neutral"
"ffhq","Cleaned_FFHQ_Dataset_50/train/4/59430.png","59430.png","4","Happiness"
"ffhq","Cleaned_FFHQ_Dataset_50/train/4/39241.png","39241.png","4","Happiness"
"ffhq","Cleaned_FFHQ_Dataset_50/train/5/44989.png","44989.png","5","Neutral"
"ffhq","Cleaned_FFHQ_Dataset_50/train/4/56335.png","56335.png","4","Happiness"
"ffhq","Cleaned_FFHQ_Dataset_50/train/4/28192.png","28192.png","4","Happiness"
"ffhq","Cleaned_FFHQ_Dataset_50/train/7/47474.png","47474.png","7","Surprise"
"ffhq","Cleaned_FFHQ_Dataset_50/train/4/36849.png","36849.png","4","Happiness"
"ffhq","Cleaned_FFHQ_Dataset_50/train/5/55875.png","55875.png","5","Neutral"
"ffhq","Cleaned_FFHQ_Dataset_50/train/0/09366.png","09366.png","0","Anger"
"ffhq","Cleaned_FFHQ_Dataset_50/train/7/12877.png","12877.png","7","Surprise"
"ffhq","Cleaned_FFHQ_Dataset_50/train/4/05513.png","05513.png","4","Happiness"
"ffhq","Cleaned_FFHQ_Dataset_50/train/4/30038.png","30038.png","4","Happiness"
"ffhq","Cleaned_FFHQ_Dataset_50/train/5/27507.png","27507.png","5","Neutral"
"ffhq","Cleaned_FFHQ_Dataset_50/train/4/62257.png","62257.png","4","Happiness"
"ffhq","Cleaned_FFHQ_Dataset_50/train/4/13973.png","13973.png","4","Happiness"
"ffhq","Cleaned_FFHQ_Dataset_50/train/4/22133.png","22133.png","4","Happiness"
"ffhq","Cleaned_FFHQ_Dataset_50/train/4/01577.png","01577.png","4","Happiness"
"ffhq","Cleaned_FFHQ_Dataset_50/train/4/54565.png","54565.png","4","Happiness"
"ffhq","Cleaned_FFHQ_Dataset_50/train/5/25434.png","25434.png","5","Neutral"
"ffhq","Cleaned_FFHQ_Dataset_50/train/4/17493.png","17493.png","4","Happiness"
"ffhq","Cleaned_FFHQ_Dataset_50/train/4/31372.png","31372.png","4","Happiness"
"ffhq","Cleaned_FFHQ_Dataset_50/train/4/57729.png","57729.png","4","Happiness"
"ffhq","Cleaned_FFHQ_Dataset_50/train/5/51260.png","51260.png","5","Neutral"
"ffhq","Cleaned_FFHQ_Dataset_50/train/5/58685.png","58685.png","5","Neutral"
"ffhq","Cleaned_FFHQ_Dataset_50/train/4/09725.png","09725.png","4","Happiness"
"ffhq","Cleaned_FFHQ_Dataset_50/train/4/19726.png","19726.png","4","Happiness"
"ffhq","Cleaned_FFHQ_Dataset_50/train/4/37027.png","37027.png","4","Happiness"
"ffhq","Cleaned_FFHQ_Dataset_50/train/4/45087.png","45087.png","4","Happiness"
"ffhq","Cleaned_FFHQ_Dataset_50/train/4/37888.png","37888.png","4","Happiness"
"ffhq","Cleaned_FFHQ_Dataset_50/train/5/31377.png","31377.png","5","Neutral"
"ffhq","Cleaned_FFHQ_Dataset_50/train/5/54426.png","54426.png","5","Neutral"
"ffhq","Cleaned_FFHQ_Dataset_50/train/4/24316.png","24316.png","4","Happiness"
"ffhq","Cleaned_FFHQ_Dataset_50/train/4/52266.png","52266.png","4","Happiness"
"ffhq","Cleaned_FFHQ_Dataset_50/train/5/03890.png","03890.png","5","Neutral"
"ffhq","Cleaned_FFHQ_Dataset_50/train/4/07575.png","07575.png","4","Happiness"
"ffhq","Cleaned_FFHQ_Dataset_50/train/5/39640.png","39640.png","5","Neutral"
"ffhq","Cleaned_FFHQ_Dataset_50/train/5/16170.png","16170.png","5","Neutral"
"ffhq","Cleaned_FFHQ_Dataset_50/train/4/40425.png","40425.png","4","Happiness"
"ffhq","Cleaned_FFHQ_Dataset_50/train/5/45733.png","45733.png","5","Neutral"
"ffhq","Cleaned_FFHQ_Dataset_50/train/4/56694.png","56694.png","4","Happiness"
"ffhq","Cleaned_FFHQ_Dataset_50/train/5/27758.png","27758.png","5","Neutral"
"ffhq","Cleaned_FFHQ_Dataset_50/train/4/34715.png","34715.png","4","Happiness"
"ffhq","Cleaned_FFHQ_Dataset_50/train/5/31735.png","31735.png","5","Neutral"
"ffhq","Cleaned_FFHQ_Dataset_50/train/4/21062.png","21062.png","4","Happiness"
"ffhq","Cleaned_FFHQ_Dataset_50/train/5/08785.png","08785.png","5","Neutral"
"ffhq","Cleaned_FFHQ_Dataset_50/train/5/57886.png","57886.png","5","Neutral"
"ffhq","Cleaned_FFHQ_Dataset_50/train/5/69022.png","69022.png","5","Neutral"
"ffhq","Cleaned_FFHQ_Dataset_50/train/4/08759.png","08759.png","4","Happiness"
"ffhq","Cleaned_FFHQ_Dataset_50/train/5/49109.png","49109.png","5","Neutral"
"ffhq","Cleaned_FFHQ_Dataset_50/train/5/37728.png","37728.png","5","Neutral"
"ffhq","Cleaned_FFHQ_Dataset_50/train/4/41678.png","41678.png","4","Happiness"
"ffhq","Cleaned_FFHQ_Dataset_50/train/4/56274.png","56274.png","4","Happiness"
"ffhq","Cleaned_FFHQ_Dataset_50/train/4/50192.png","50192.png","4","Happiness"
"ffhq","Cleaned_FFHQ_Dataset_50/train/5/36207.png","36207.png","5","Neutral"
"ffhq","Cleaned_FFHQ_Dataset_50/train/4/34170.png","34170.png","4","Happiness"
"ffhq","Cleaned_FFHQ_Dataset_50/train/4/50076.png","50076.png","4","Happiness"
"ffhq","Cleaned_FFHQ_Dataset_50/train/4/60713.png","60713.png","4","Happiness"
"ffhq","Cleaned_FFHQ_Dataset_50/train/5/62925.png","62925.png","5","Neutral"
"ffhq","Cleaned_FFHQ_Dataset_50/train/5/11589.png","11589.png","5","Neutral"
"ffhq","Cleaned_FFHQ_Dataset_50/train/5/44689.png","44689.png","5","Neutral"
"ffhq","Cleaned_FFHQ_Dataset_50/train/4/38469.png","38469.png","4","Happiness"
"ffhq","Cleaned_FFHQ_Dataset_50/train/5/22379.png","22379.png","5","Neutral"
"ffhq","Cleaned_FFHQ_Dataset_50/train/4/46697.png","46697.png","4","Happiness"
"ffhq","Cleaned_FFHQ_Dataset_50/train/4/27589.png","27589.png","4","Happiness"
"ffhq","Cleaned_FFHQ_Dataset_50/train/5/00438.png","00438.png","5","Neutral"
"ffhq","Cleaned_FFHQ_Dataset_50/train/5/55917.png","55917.png","5","Neutral"
"ffhq","Cleaned_FFHQ_Dataset_50/train/4/32319.png","32319.png","4","Happiness"
"ffhq","Cleaned_FFHQ_Dataset_50/train/4/02105.png","02105.png","4","Happiness"
"ffhq","Cleaned_FFHQ_Dataset_50/train/5/44088.png","44088.png","5","Neutral"
"ffhq","Cleaned_FFHQ_Dataset_50/train/4/49926.png","49926.png","4","Happiness"
"ffhq","Cleaned_FFHQ_Dataset_50/train/5/28510.png","28510.png","5","Neutral"
"ffhq","Cleaned_FFHQ_Dataset_50/train/4/69689.png","69689.png","4","Happiness"
"ffhq","Cleaned_FFHQ_Dataset_50/train/4/14218.png","14218.png","4","Happiness"
"ffhq","Cleaned_FFHQ_Dataset_50/train/4/30170.png","30170.png","4","Happiness"
"ffhq","Cleaned_FFHQ_Dataset_50/train/5/52626.png","52626.png","5","Neutral"
"ffhq","Cleaned_FFHQ_Dataset_50/train/5/40628.png","40628.png","5","Neutral"
"ffhq","Cleaned_FFHQ_Dataset_50/train/5/41187.png","41187.png","5","Neutral"
"ffhq","Cleaned_FFHQ_Dataset_50/train/4/44829.png","44829.png","4","Happiness"
"ffhq","Cleaned_FFHQ_Dataset_50/train/5/04338.png","04338.png","5","Neutral"
"ffhq","Cleaned_FFHQ_Dataset_50/train/5/21331.png","21331.png","5","Neutral"
"ffhq","Cleaned_FFHQ_Dataset_50/train/5/47982.png","47982.png","5","Neutral"
"ffhq","Cleaned_FFHQ_Dataset_50/train/4/37692.png","37692.png","4","Happiness"
"ffhq","Cleaned_FFHQ_Dataset_50/train/4/44391.png","44391.png","4","Happiness"
"ffhq","Cleaned_FFHQ_Dataset_50/train/5/69590.png","69590.png","5","Neutral"
"ffhq","Cleaned_FFHQ_Dataset_50/train/4/48791.png","48791.png","4","Happiness"
"ffhq","Cleaned_FFHQ_Dataset_50/train/5/11070.png","11070.png","5","Neutral"
"ffhq","Cleaned_FFHQ_Dataset_50/train/4/35884.png","35884.png","4","Happiness"
"ffhq","Cleaned_FFHQ_Dataset_50/train/5/23527.png","23527.png","5","Neutral"
"ffhq","Cleaned_FFHQ_Dataset_50/train/4/25125.png","25125.png","4","Happiness"
"ffhq","Cleaned_FFHQ_Dataset_50/train/4/46538.png","46538.png","4","Happiness"
"ffhq","Cleaned_FFHQ_Dataset_50/train/4/33844.png","33844.png","4","Happiness"
"ffhq","Cleaned_FFHQ_Dataset_50/train/4/67122.png","67122.png","4","Happiness"
"ffhq","Cleaned_FFHQ_Dataset_50/train/5/44111.png","44111.png","5","Neutral"
"ffhq","Cleaned_FFHQ_Dataset_50/train/4/32735.png","32735.png","4","Happiness"
"ffhq","Cleaned_FFHQ_Dataset_50/train/5/13164.png","13164.png","5","Neutral"
"ffhq","Cleaned_FFHQ_Dataset_50/train/4/65837.png","65837.png","4","Happiness"
"ffhq","Cleaned_FFHQ_Dataset_50/train/4/67809.png","67809.png","4","Happiness"
"ffhq","Cleaned_FFHQ_Dataset_50/train/4/17883.png","17883.png","4","Happiness"
"ffhq","Cleaned_FFHQ_Dataset_50/train/5/34411.png","34411.png","5","Neutral"
"ffhq","Cleaned_FFHQ_Dataset_50/train/5/20378.png","20378.png","5","Neutral"
"ffhq","Cleaned_FFHQ_Dataset_50/train/4/05470.png","05470.png","4","Happiness"
"ffhq","Cleaned_FFHQ_Dataset_50/train/4/20160.png","20160.png","4","Happiness"
"ffhq","Cleaned_FFHQ_Dataset_50/train/4/28830.png","28830.png","4","Happiness"
"ffhq","Cleaned_FFHQ_Dataset_50/train/5/48718.png","48718.png","5","Neutral"
"ffhq","Cleaned_FFHQ_Dataset_50/train/4/40167.png","40167.png","4","Happiness"
"ffhq","Cleaned_FFHQ_Dataset_50/train/4/42039.png","42039.png","4","Happiness"
"ffhq","Cleaned_FFHQ_Dataset_50/train/4/03458.png","03458.png","4","Happiness"
"ffhq","Cleaned_FFHQ_Dataset_50/train/5/35508.png","35508.png","5","Neutral"
"ffhq","Cleaned_FFHQ_Dataset_50/train/3/55027.png","55027.png","3","Fear"
"ffhq","Cleaned_FFHQ_Dataset_50/train/5/04530.png","04530.png","5","Neutral"
"ffhq","Cleaned_FFHQ_Dataset_50/train/5/38612.png","38612.png","5","Neutral"
"ffhq","Cleaned_FFHQ_Dataset_50/train/4/17914.png","17914.png","4","Happiness"
"ffhq","Cleaned_FFHQ_Dataset_50/train/5/61331.png","61331.png","5","Neutral"
"ffhq","Cleaned_FFHQ_Dataset_50/train/4/26975.png","26975.png","4","Happiness"
"ffhq","Cleaned_FFHQ_Dataset_50/train/4/36112.png","36112.png","4","Happiness"
"ffhq","Cleaned_FFHQ_Dataset_50/train/5/33930.png","33930.png","5","Neutral"
"ffhq","Cleaned_FFHQ_Dataset_50/train/4/58614.png","58614.png","4","Happiness"
"ffhq","Cleaned_FFHQ_Dataset_50/train/4/17280.png","17280.png","4","Happiness"
"ffhq","Cleaned_FFHQ_Dataset_50/train/5/27778.png","27778.png","5","Neutral"
"ffhq","Cleaned_FFHQ_Dataset_50/train/5/32588.png","32588.png","5","Neutral"
"ffhq","Cleaned_FFHQ_Dataset_50/train/4/51188.png","51188.png","4","Happiness"
"ffhq","Cleaned_FFHQ_Dataset_50/train/4/59187.png","59187.png","4","Happiness"
"ffhq","Cleaned_FFHQ_Dataset_50/train/5/18078.png","18078.png","5","Neutral"
"ffhq","Cleaned_FFHQ_Dataset_50/train/5/19367.png","19367.png","5","Neutral"
"ffhq","Cleaned_FFHQ_Dataset_50/train/4/34214.png","34214.png","4","Happiness"
"ffhq","Cleaned_FFHQ_Dataset_50/train/5/18927.png","18927.png","5","Neutral"
"ffhq","Cleaned_FFHQ_Dataset_50/train/4/01866.png","01866.png","4","Happiness"
"ffhq","Cleaned_FFHQ_Dataset_50/train/5/37456.png","37456.png","5","Neutral"
"ffhq","Cleaned_FFHQ_Dataset_50/train/7/25647.png","25647.png","7","Surprise"
"ffhq","Cleaned_FFHQ_Dataset_50/train/5/31547.png","31547.png","5","Neutral"
"ffhq","Cleaned_FFHQ_Dataset_50/train/5/18043.png","18043.png","5","Neutral"
"ffhq","Cleaned_FFHQ_Dataset_50/train/4/12849.png","12849.png","4","Happiness"
"ffhq","Cleaned_FFHQ_Dataset_50/train/5/29532.png","29532.png","5","Neutral"
"ffhq","Cleaned_FFHQ_Dataset_50/train/5/40747.png","40747.png","5","Neutral"
"ffhq","Cleaned_FFHQ_Dataset_50/train/4/50805.png","50805.png","4","Happiness"
"ffhq","Cleaned_FFHQ_Dataset_50/train/5/18829.png","18829.png","5","Neutral"
"ffhq","Cleaned_FFHQ_Dataset_50/train/4/01721.png","01721.png","4","Happiness"
"ffhq","Cleaned_FFHQ_Dataset_50/train/4/25036.png","25036.png","4","Happiness"
"ffhq","Cleaned_FFHQ_Dataset_50/train/4/28047.png","28047.png","4","Happiness"
"ffhq","Cleaned_FFHQ_Dataset_50/train/4/05787.png","05787.png","4","Happiness"
"ffhq","Cleaned_FFHQ_Dataset_50/train/4/46206.png","46206.png","4","Happiness"
"ffhq","Cleaned_FFHQ_Dataset_50/train/4/43446.png","43446.png","4","Happiness"
"ffhq","Cleaned_FFHQ_Dataset_50/train/5/64291.png","64291.png","5","Neutral"
"ffhq","Cleaned_FFHQ_Dataset_50/train/5/05459.png","05459.png","5","Neutral"
"ffhq","Cleaned_FFHQ_Dataset_50/train/5/30200.png","30200.png","5","Neutral"
"ffhq","Cleaned_FFHQ_Dataset_50/train/4/20162.png","20162.png","4","Happiness"
"ffhq","Cleaned_FFHQ_Dataset_50/train/5/41924.png","41924.png","5","Neutral"
"ffhq","Cleaned_FFHQ_Dataset_50/train/4/12708.png","12708.png","4","Happiness"
"ffhq","Cleaned_FFHQ_Dataset_50/train/5/32714.png","32714.png","5","Neutral"
"ffhq","Cleaned_FFHQ_Dataset_50/train/4/04590.png","04590.png","4","Happiness"
"ffhq","Cleaned_FFHQ_Dataset_50/train/5/02251.png","02251.png","5","Neutral"
"ffhq","Cleaned_FFHQ_Dataset_50/train/4/48494.png","48494.png","4","Happiness"
"ffhq","Cleaned_FFHQ_Dataset_50/train/4/55520.png","55520.png","4","Happiness"
"ffhq","Cleaned_FFHQ_Dataset_50/train/4/02210.png","02210.png","4","Happiness"
"ffhq","Cleaned_FFHQ_Dataset_50/train/5/16715.png","16715.png","5","Neutral"
"ffhq","Cleaned_FFHQ_Dataset_50/train/4/36878.png","36878.png","4","Happiness"
"ffhq","Cleaned_FFHQ_Dataset_50/train/4/03832.png","03832.png","4","Happiness"
"ffhq","Cleaned_FFHQ_Dataset_50/train/5/19703.png","19703.png","5","Neutral"
"ffhq","Cleaned_FFHQ_Dataset_50/train/4/37454.png","37454.png","4","Happiness"
"ffhq","Cleaned_FFHQ_Dataset_50/train/4/45629.png","45629.png","4","Happiness"
"ffhq","Cleaned_FFHQ_Dataset_50/train/4/27459.png","27459.png","4","Happiness"
"ffhq","Cleaned_FFHQ_Dataset_50/train/5/60900.png","60900.png","5","Neutral"
"ffhq","Cleaned_FFHQ_Dataset_50/train/5/39428.png","39428.png","5","Neutral"
"ffhq","Cleaned_FFHQ_Dataset_50/train/4/01091.png","01091.png","4","Happiness"
"ffhq","Cleaned_FFHQ_Dataset_50/train/4/33990.png","33990.png","4","Happiness"
"ffhq","Cleaned_FFHQ_Dataset_50/train/5/25114.png","25114.png","5","Neutral"
"ffhq","Cleaned_FFHQ_Dataset_50/train/4/63079.png","63079.png","4","Happiness"
"ffhq","Cleaned_FFHQ_Dataset_50/train/4/58109.png","58109.png","4","Happiness"
"ffhq","Cleaned_FFHQ_Dataset_50/train/5/42703.png","42703.png","5","Neutral"
"ffhq","Cleaned_FFHQ_Dataset_50/train/4/52317.png","52317.png","4","Happiness"
"ffhq","Cleaned_FFHQ_Dataset_50/train/5/26215.png","26215.png","5","Neutral"
"ffhq","Cleaned_FFHQ_Dataset_50/train/4/47910.png","47910.png","4","Happiness"
"ffhq","Cleaned_FFHQ_Dataset_50/train/5/19024.png","19024.png","5","Neutral"
"ffhq","Cleaned_FFHQ_Dataset_50/train/5/55439.png","55439.png","5","Neutral"
"ffhq","Cleaned_FFHQ_Dataset_50/train/4/16658.png","16658.png","4","Happiness"
"ffhq","Cleaned_FFHQ_Dataset_50/train/5/28515.png","28515.png","5","Neutral"
"ffhq","Cleaned_FFHQ_Dataset_50/train/4/11941.png","11941.png","4","Happiness"
"ffhq","Cleaned_FFHQ_Dataset_50/train/5/36843.png","36843.png","5","Neutral"
"ffhq","Cleaned_FFHQ_Dataset_50/train/4/38846.png","38846.png","4","Happiness"
"ffhq","Cleaned_FFHQ_Dataset_50/train/5/29841.png","29841.png","5","Neutral"
"ffhq","Cleaned_FFHQ_Dataset_50/train/5/02361.png","02361.png","5","Neutral"
"ffhq","Cleaned_FFHQ_Dataset_50/train/4/13143.png","13143.png","4","Happiness"
"ffhq","Cleaned_FFHQ_Dataset_50/train/4/31332.png","31332.png","4","Happiness"
"ffhq","Cleaned_FFHQ_Dataset_50/train/4/60383.png","60383.png","4","Happiness"
"ffhq","Cleaned_FFHQ_Dataset_50/train/4/65812.png","65812.png","4","Happiness"
"ffhq","Cleaned_FFHQ_Dataset_50/train/5/65859.png","65859.png","5","Neutral"
"ffhq","Cleaned_FFHQ_Dataset_50/train/4/19738.png","19738.png","4","Happiness"
"ffhq","Cleaned_FFHQ_Dataset_50/train/4/07609.png","07609.png","4","Happiness"
"ffhq","Cleaned_FFHQ_Dataset_50/train/4/14741.png","14741.png","4","Happiness"
"ffhq","Cleaned_FFHQ_Dataset_50/train/5/65448.png","65448.png","5","Neutral"
"ffhq","Cleaned_FFHQ_Dataset_50/train/4/20718.png","20718.png","4","Happiness"
"ffhq","Cleaned_FFHQ_Dataset_50/train/5/45844.png","45844.png","5","Neutral"
"ffhq","Cleaned_FFHQ_Dataset_50/train/5/35333.png","35333.png","5","Neutral"
"ffhq","Cleaned_FFHQ_Dataset_50/train/4/08917.png","08917.png","4","Happiness"
"ffhq","Cleaned_FFHQ_Dataset_50/train/5/63896.png","63896.png","5","Neutral"
"ffhq","Cleaned_FFHQ_Dataset_50/train/4/37298.png","37298.png","4","Happiness"
"ffhq","Cleaned_FFHQ_Dataset_50/train/5/47928.png","47928.png","5","Neutral"
"ffhq","Cleaned_FFHQ_Dataset_50/train/4/65783.png","65783.png","4","Happiness"
"ffhq","Cleaned_FFHQ_Dataset_50/train/4/40220.png","40220.png","4","Happiness"
"ffhq","Cleaned_FFHQ_Dataset_50/train/5/33489.png","33489.png","5","Neutral"
"ffhq","Cleaned_FFHQ_Dataset_50/train/4/47132.png","47132.png","4","Happiness"
"ffhq","Cleaned_FFHQ_Dataset_50/train/5/51505.png","51505.png","5","Neutral"
"ffhq","Cleaned_FFHQ_Dataset_50/train/5/49171.png","49171.png","5","Neutral"
"ffhq","Cleaned_FFHQ_Dataset_50/train/4/21840.png","21840.png","4","Happiness"
"ffhq","Cleaned_FFHQ_Dataset_50/train/4/21299.png","21299.png","4","Happiness"
"ffhq","Cleaned_FFHQ_Dataset_50/train/4/62217.png","62217.png","4","Happiness"
"ffhq","Cleaned_FFHQ_Dataset_50/train/5/09817.png","09817.png","5","Neutral"
"ffhq","Cleaned_FFHQ_Dataset_50/train/5/22900.png","22900.png","5","Neutral"
"ffhq","Cleaned_FFHQ_Dataset_50/train/5/21150.png","21150.png","5","Neutral"
"ffhq","Cleaned_FFHQ_Dataset_50/train/5/32285.png","32285.png","5","Neutral"
"ffhq","Cleaned_FFHQ_Dataset_50/train/5/07525.png","07525.png","5","Neutral"
"ffhq","Cleaned_FFHQ_Dataset_50/train/5/16267.png","16267.png","5","Neutral"
"ffhq","Cleaned_FFHQ_Dataset_50/train/4/13355.png","13355.png","4","Happiness"
"ffhq","Cleaned_FFHQ_Dataset_50/train/4/16738.png","16738.png","4","Happiness"
"ffhq","Cleaned_FFHQ_Dataset_50/train/5/53152.png","53152.png","5","Neutral"
"ffhq","Cleaned_FFHQ_Dataset_50/train/5/41368.png","41368.png","5","Neutral"
"ffhq","Cleaned_FFHQ_Dataset_50/train/5/11907.png","11907.png","5","Neutral"
"ffhq","Cleaned_FFHQ_Dataset_50/train/4/19666.png","19666.png","4","Happiness"
"ffhq","Cleaned_FFHQ_Dataset_50/train/4/32413.png","32413.png","4","Happiness"
"ffhq","Cleaned_FFHQ_Dataset_50/train/4/57622.png","57622.png","4","Happiness"
"ffhq","Cleaned_FFHQ_Dataset_50/train/4/33829.png","33829.png","4","Happiness"
"ffhq","Cleaned_FFHQ_Dataset_50/train/5/46063.png","46063.png","5","Neutral"
"ffhq","Cleaned_FFHQ_Dataset_50/train/5/61019.png","61019.png","5","Neutral"
"ffhq","Cleaned_FFHQ_Dataset_50/train/4/62172.png","62172.png","4","Happiness"
"ffhq","Cleaned_FFHQ_Dataset_50/train/5/13484.png","13484.png","5","Neutral"
"ffhq","Cleaned_FFHQ_Dataset_50/train/5/03929.png","03929.png","5","Neutral"
"ffhq","Cleaned_FFHQ_Dataset_50/train/5/22700.png","22700.png","5","Neutral"
"ffhq","Cleaned_FFHQ_Dataset_50/train/4/69077.png","69077.png","4","Happiness"
"ffhq","Cleaned_FFHQ_Dataset_50/train/5/39376.png","39376.png","5","Neutral"
"ffhq","Cleaned_FFHQ_Dataset_50/train/4/36281.png","36281.png","4","Happiness"
"ffhq","Cleaned_FFHQ_Dataset_50/train/4/23510.png","23510.png","4","Happiness"
"ffhq","Cleaned_FFHQ_Dataset_50/train/5/29454.png","29454.png","5","Neutral"
"ffhq","Cleaned_FFHQ_Dataset_50/train/4/08402.png","08402.png","4","Happiness"
"ffhq","Cleaned_FFHQ_Dataset_50/train/4/34396.png","34396.png","4","Happiness"
"ffhq","Cleaned_FFHQ_Dataset_50/train/4/66261.png","66261.png","4","Happiness"
"ffhq","Cleaned_FFHQ_Dataset_50/train/5/25626.png","25626.png","5","Neutral"
"ffhq","Cleaned_FFHQ_Dataset_50/train/4/31715.png","31715.png","4","Happiness"
"ffhq","Cleaned_FFHQ_Dataset_50/train/5/67304.png","67304.png","5","Neutral"
"ffhq","Cleaned_FFHQ_Dataset_50/train/4/50131.png","50131.png","4","Happiness"
"ffhq","Cleaned_FFHQ_Dataset_50/train/5/28817.png","28817.png","5","Neutral"
"ffhq","Cleaned_FFHQ_Dataset_50/train/4/39802.png","39802.png","4","Happiness"
"imdb","Cleaned_IMDBFace_Dataset_AllAge/train/nm0000422_rm898214144_1952-6-20_2012_6.jpg","nm0000422_rm898214144_1952-6-20_2012_6.jpg","6","Sadness"
"imdb","Cleaned_IMDBFace_Dataset_AllAge/train/nm0000329_rm1103660288_1954-4-7_2009_0.jpg","nm0000329_rm1103660288_1954-4-7_2009_0.jpg","0","Anger"
"imdb","Cleaned_IMDBFace_Dataset_AllAge/train/nm0065007_rm364763648_1963-8-1_2013_6.jpg","nm0065007_rm364763648_1963-8-1_2013_6.jpg","6","Sadness"
"imdb","Cleaned_IMDBFace_Dataset_AllAge/train/nm0893965_rm667982080_1946-10-10_2006_3.jpg","nm0893965_rm667982080_1946-10-10_2006_3.jpg","3","Fear"
"imdb","Cleaned_IMDBFace_Dataset_AllAge/train/nm0000308_rm2268310272_1917-1-24_1972_2.jpg","nm0000308_rm2268310272_1917-1-24_1972_2.jpg","2","Disgust"
"imdb","Cleaned_IMDBFace_Dataset_AllAge/train/nm0000454_rm3472407040_1936-5-17_1991_0.jpg","nm0000454_rm3472407040_1936-5-17_1991_0.jpg","0","Anger"
"imdb","Cleaned_IMDBFace_Dataset_AllAge/train/nm0000102_rm2319570688_1958-7-8_2013_6.jpg","nm0000102_rm2319570688_1958-7-8_2013_6.jpg","6","Sadness"
"imdb","Cleaned_IMDBFace_Dataset_AllAge/train/nm0000352_rm369148928_1959-6-30_2014_1.jpg","nm0000352_rm369148928_1959-6-30_2014_1.jpg","1","Contempt"
"imdb","Cleaned_IMDBFace_Dataset_AllAge/train/nm0000661_rm1032427776_1935-7-17_2005_0.jpg","nm0000661_rm1032427776_1935-7-17_2005_0.jpg","0","Anger"
"imdb","Cleaned_IMDBFace_Dataset_AllAge/train/nm0000552_rm767144448_1961-4-3_2011_0.jpg","nm0000552_rm767144448_1961-4-3_2011_0.jpg","0","Anger"
"imdb","Cleaned_IMDBFace_Dataset_AllAge/train/nm0564724_rm1777764096_1933-9-19_2003_6.jpg","nm0564724_rm1777764096_1933-9-19_2003_6.jpg","6","Sadness"
"imdb","Cleaned_IMDBFace_Dataset_AllAge/train/nm0525855_rm997705728_1951-8-14_2001_7.jpg","nm0525855_rm997705728_1951-8-14_2001_7.jpg","7","Surprise"
"imdb","Cleaned_IMDBFace_Dataset_AllAge/train/nm0000560_rm455972864_1941-2-8_1996_6.jpg","nm0000560_rm455972864_1941-2-8_1996_6.jpg","6","Sadness"
"imdb","Cleaned_IMDBFace_Dataset_AllAge/train/nm0001115_rm865319424_1917-12-18_2002_0.jpg","nm0001115_rm865319424_1917-12-18_2002_0.jpg","0","Anger"
"imdb","Cleaned_IMDBFace_Dataset_AllAge/train/nm0001251_rm2562699008_1955-8-19_2010_3.jpg","nm0001251_rm2562699008_1955-8-19_2010_3.jpg","3","Fear"
"imdb","Cleaned_IMDBFace_Dataset_AllAge/train/nm0633604_rm108496128_1948-8-20_2008_3.jpg","nm0633604_rm108496128_1948-8-20_2008_3.jpg","3","Fear"
"imdb","Cleaned_IMDBFace_Dataset_AllAge/train/nm0001136_rm132225280_1936-6-4_2006_7.jpg","nm0001136_rm132225280_1936-6-4_2006_7.jpg","7","Surprise"
"imdb","Cleaned_IMDBFace_Dataset_AllAge/train/nm0001283_rm1680051712_1936-5-27_1991_3.jpg","nm0001283_rm1680051712_1936-5-27_1991_3.jpg","3","Fear"
"imdb","Cleaned_IMDBFace_Dataset_AllAge/train/nm0000980_rm3219754240_1949-5-24_2009_7.jpg","nm0000980_rm3219754240_1949-5-24_2009_7.jpg","7","Surprise"
"imdb","Cleaned_IMDBFace_Dataset_AllAge/train/nm0000134_rm2506134528_1943-8-17_2008_6.jpg","nm0000134_rm2506134528_1943-8-17_2008_6.jpg","6","Sadness"
"imdb","Cleaned_IMDBFace_Dataset_AllAge/train/nm0257821_rm3092617216_1957-7-27_2007_3.jpg","nm0257821_rm3092617216_1957-7-27_2007_3.jpg","3","Fear"
"imdb","Cleaned_IMDBFace_Dataset_AllAge/train/nm0000069_rm964722944_1915-12-12_1965_5.jpg","nm0000069_rm964722944_1915-12-12_1965_5.jpg","5","Neutral"
"imdb","Cleaned_IMDBFace_Dataset_AllAge/train/nm0000154_rm2216791040_1956-1-3_2006_3.jpg","nm0000154_rm2216791040_1956-1-3_2006_3.jpg","3","Fear"
"imdb","Cleaned_IMDBFace_Dataset_AllAge/train/nm0000230_rm489601792_1946-7-6_2011_6.jpg","nm0000230_rm489601792_1946-7-6_2011_6.jpg","6","Sadness"
"imdb","Cleaned_IMDBFace_Dataset_AllAge/train/nm0167649_rm98303488_1958-2-21_2008_2.jpg","nm0167649_rm98303488_1958-2-21_2008_2.jpg","2","Disgust"
"imdb","Cleaned_IMDBFace_Dataset_AllAge/train/nm0000102_rm3976049920_1958-7-8_2013_5.jpg","nm0000102_rm3976049920_1958-7-8_2013_5.jpg","5","Neutral"
"imdb","Cleaned_IMDBFace_Dataset_AllAge/train/nm0074477_rm1246333696_1955-5-6_2005_7.jpg","nm0074477_rm1246333696_1955-5-6_2005_7.jpg","7","Surprise"
"imdb","Cleaned_IMDBFace_Dataset_AllAge/train/nm0444244_rm1103870208_1960-12-7_2010_1.jpg","nm0444244_rm1103870208_1960-12-7_2010_1.jpg","1","Contempt"
"imdb","Cleaned_IMDBFace_Dataset_AllAge/train/nm0000457_rm2099621888_1940-1-22_2005_0.jpg","nm0000457_rm2099621888_1940-1-22_2005_0.jpg","0","Anger"
"imdb","Cleaned_IMDBFace_Dataset_AllAge/train/nm0416483_rm1004377344_1938-1-25_2008_7.jpg","nm0416483_rm1004377344_1938-1-25_2008_7.jpg","7","Surprise"
"imdb","Cleaned_IMDBFace_Dataset_AllAge/train/nm0226820_rm3827353600_1956-11-30_2011_6.jpg","nm0226820_rm3827353600_1956-11-30_2011_6.jpg","6","Sadness"
"imdb","Cleaned_IMDBFace_Dataset_AllAge/train/nm0176869_rm1085142272_1965-10-14_2015_0.jpg","nm0176869_rm1085142272_1965-10-14_2015_0.jpg","0","Anger"
"imdb","Cleaned_IMDBFace_Dataset_AllAge/train/nm0000375_rm2699818752_1965-4-4_2015_0.jpg","nm0000375_rm2699818752_1965-4-4_2015_0.jpg","0","Anger"
"imdb","Cleaned_IMDBFace_Dataset_AllAge/train/nm0000102_rm4201368832_1958-7-8_2013_2.jpg","nm0000102_rm4201368832_1958-7-8_2013_2.jpg","2","Disgust"
"imdb","Cleaned_IMDBFace_Dataset_AllAge/train/nm0001592_rm5356288_1951-9-12_2006_2.jpg","nm0001592_rm5356288_1951-9-12_2006_2.jpg","2","Disgust"
"imdb","Cleaned_IMDBFace_Dataset_AllAge/train/nm0000093_rm3396051968_1963-12-18_2013_7.jpg","nm0000093_rm3396051968_1963-12-18_2013_7.jpg","7","Surprise"
"imdb","Cleaned_IMDBFace_Dataset_AllAge/train/nm0000129_rm3057626112_1962-7-3_2012_0.jpg","nm0000129_rm3057626112_1962-7-3_2012_0.jpg","0","Anger"
"imdb","Cleaned_IMDBFace_Dataset_AllAge/train/nm0569079_rm1952225280_1949-2-2_2004_0.jpg","nm0569079_rm1952225280_1949-2-2_2004_0.jpg","0","Anger"
"imdb","Cleaned_IMDBFace_Dataset_AllAge/train/nm0001001_rm1436399616_1940-3-26_1990_6.jpg","nm0001001_rm1436399616_1940-3-26_1990_6.jpg","6","Sadness"
"imdb","Cleaned_IMDBFace_Dataset_AllAge/train/nm0064769_rm3553397760_1950-8-12_2005_6.jpg","nm0064769_rm3553397760_1950-8-12_2005_6.jpg","6","Sadness"
"imdb","Cleaned_IMDBFace_Dataset_AllAge/train/nm0000671_rm3989238784_1955-8-4_2015_0.jpg","nm0000671_rm3989238784_1955-8-4_2015_0.jpg","0","Anger"
"imdb","Cleaned_IMDBFace_Dataset_AllAge/train/nm0000158_rm3359280896_1956-7-9_2006_0.jpg","nm0000158_rm3359280896_1956-7-9_2006_0.jpg","0","Anger"
"imdb","Cleaned_IMDBFace_Dataset_AllAge/train/nm0001426_rm1041862144_1943-12-31_1993_0.jpg","nm0001426_rm1041862144_1943-12-31_1993_0.jpg","0","Anger"
"imdb","Cleaned_IMDBFace_Dataset_AllAge/train/nm0410347_rm1905178880_1950-4-11_2000_0.jpg","nm0410347_rm1905178880_1950-4-11_2000_0.jpg","0","Anger"
"imdb","Cleaned_IMDBFace_Dataset_AllAge/train/nm0633604_rm1903596544_1948-8-20_2008_6.jpg","nm0633604_rm1903596544_1948-8-20_2008_6.jpg","6","Sadness"
"imdb","Cleaned_IMDBFace_Dataset_AllAge/train/nm0342029_rm3864830976_1963-6-8_2013_6.jpg","nm0342029_rm3864830976_1963-6-8_2013_6.jpg","6","Sadness"
"imdb","Cleaned_IMDBFace_Dataset_AllAge/train/nm0000102_rm3367739392_1958-7-8_2013_6.jpg","nm0000102_rm3367739392_1958-7-8_2013_6.jpg","6","Sadness"
"imdb","Cleaned_IMDBFace_Dataset_AllAge/train/nm0000142_rm1462218752_1930-5-31_1990_6.jpg","nm0000142_rm1462218752_1930-5-31_1990_6.jpg","6","Sadness"
"imdb","Cleaned_IMDBFace_Dataset_AllAge/train/nm0000134_rm426611712_1943-8-17_2008_6.jpg","nm0000134_rm426611712_1943-8-17_2008_6.jpg","6","Sadness"
"imdb","Cleaned_IMDBFace_Dataset_AllAge/train/nm0000148_rm3476917760_1942-7-13_1997_0.jpg","nm0000148_rm3476917760_1942-7-13_1997_0.jpg","0","Anger"
"imdb","Cleaned_IMDBFace_Dataset_AllAge/train/nm0633604_rm1696762880_1948-8-20_2008_6.jpg","nm0633604_rm1696762880_1948-8-20_2008_6.jpg","6","Sadness"
"imdb","Cleaned_IMDBFace_Dataset_AllAge/train/nm0002901_rm921340672_1948-7-20_2003_2.jpg","nm0002901_rm921340672_1948-7-20_2003_2.jpg","2","Disgust"
"imdb","Cleaned_IMDBFace_Dataset_AllAge/train/nm0000102_rm2781599488_1958-7-8_2013_6.jpg","nm0000102_rm2781599488_1958-7-8_2013_6.jpg","6","Sadness"
"imdb","Cleaned_IMDBFace_Dataset_AllAge/train/nm0000454_rm4036999168_1936-5-17_1996_3.jpg","nm0000454_rm4036999168_1936-5-17_1996_3.jpg","3","Fear"
"imdb","Cleaned_IMDBFace_Dataset_AllAge/train/nm0001062_rm4008032256_1954-9-9_2009_6.jpg","nm0001062_rm4008032256_1954-9-9_2009_6.jpg","6","Sadness"
"imdb","Cleaned_IMDBFace_Dataset_AllAge/train/nm0294229_rm326944768_1934-12-4_1984_0.jpg","nm0294229_rm326944768_1934-12-4_1984_0.jpg","0","Anger"
"imdb","Cleaned_IMDBFace_Dataset_AllAge/train/nm0000134_rm3210792960_1943-8-17_2013_2.jpg","nm0000134_rm3210792960_1943-8-17_2013_2.jpg","2","Disgust"
"imdb","Cleaned_IMDBFace_Dataset_AllAge/train/nm0000293_rm3233530368_1959-4-17_2014_0.jpg","nm0000293_rm3233530368_1959-4-17_2014_0.jpg","0","Anger"
"imdb","Cleaned_IMDBFace_Dataset_AllAge/train/nm0007042_rm2272756736_1917-9-11_1982_3.jpg","nm0007042_rm2272756736_1917-9-11_1982_3.jpg","3","Fear"
"imdb","Cleaned_IMDBFace_Dataset_AllAge/train/nm0728938_rm2872553216_1927-2-24_2012_7.jpg","nm0728938_rm2872553216_1927-2-24_2012_7.jpg","7","Surprise"
"imdb","Cleaned_IMDBFace_Dataset_AllAge/train/nm0001329_rm4015495424_1929-4-5_1994_6.jpg","nm0001329_rm4015495424_1929-4-5_1994_6.jpg","6","Sadness"
"imdb","Cleaned_IMDBFace_Dataset_AllAge/train/nm0853079_rm1208405760_1963-0-0_2012_2.jpg","nm0853079_rm1208405760_1963-0-0_2012_2.jpg","2","Disgust"
"imdb","Cleaned_IMDBFace_Dataset_AllAge/train/nm0377106_rm2601619200_1954-9-15_2004_6.jpg","nm0377106_rm2601619200_1954-9-15_2004_6.jpg","6","Sadness"
"imdb","Cleaned_IMDBFace_Dataset_AllAge/train/nm0000265_rm4234132224_1925-2-20_1990_2.jpg","nm0000265_rm4234132224_1925-2-20_1990_2.jpg","2","Disgust"
"imdb","Cleaned_IMDBFace_Dataset_AllAge/train/nm0000418_rm710842368_1946-7-22_2006_6.jpg","nm0000418_rm710842368_1946-7-22_2006_6.jpg","6","Sadness"
"imdb","Cleaned_IMDBFace_Dataset_AllAge/train/nm0001450_rm2318768128_1925-10-16_2005_0.jpg","nm0001450_rm2318768128_1925-10-16_2005_0.jpg","0","Anger"
"imdb","Cleaned_IMDBFace_Dataset_AllAge/train/nm0000249_rm4073626112_1947-4-18_2002_7.jpg","nm0000249_rm4073626112_1947-4-18_2002_7.jpg","7","Surprise"
"imdb","Cleaned_IMDBFace_Dataset_AllAge/train/nm0573658_rm1696184320_1960-11-21_2010_6.jpg","nm0573658_rm1696184320_1960-11-21_2010_6.jpg","6","Sadness"
"imdb","Cleaned_IMDBFace_Dataset_AllAge/train/nm0001226_rm4059405056_1953-12-28_2003_6.jpg","nm0001226_rm4059405056_1953-12-28_2003_6.jpg","6","Sadness"
"imdb","Cleaned_IMDBFace_Dataset_AllAge/train/nm0000553_rm1510189312_1952-6-7_2012_3.jpg","nm0000553_rm1510189312_1952-6-7_2012_3.jpg","3","Fear"
"imdb","Cleaned_IMDBFace_Dataset_AllAge/train/nm0000454_rm3213919232_1936-5-17_1986_0.jpg","nm0000454_rm3213919232_1936-5-17_1986_0.jpg","0","Anger"
"imdb","Cleaned_IMDBFace_Dataset_AllAge/train/nm0000104_rm1821113600_1960-8-10_2015_3.jpg","nm0000104_rm1821113600_1960-8-10_2015_3.jpg","3","Fear"
"imdb","Cleaned_IMDBFace_Dataset_AllAge/train/nm0606487_rm918216192_1963-4-8_2013_2.jpg","nm0606487_rm918216192_1963-4-8_2013_2.jpg","2","Disgust"
"imdb","Cleaned_IMDBFace_Dataset_AllAge/train/nm0000457_rm1775876096_1940-1-22_2005_6.jpg","nm0000457_rm1775876096_1940-1-22_2005_6.jpg","6","Sadness"
"imdb","Cleaned_IMDBFace_Dataset_AllAge/train/nm0000243_rm3200420864_1954-12-28_2004_2.jpg","nm0000243_rm3200420864_1954-12-28_2004_2.jpg","2","Disgust"
"imdb","Cleaned_IMDBFace_Dataset_AllAge/train/nm0000218_rm2447162880_1960-5-24_2010_6.jpg","nm0000218_rm2447162880_1960-5-24_2010_6.jpg","6","Sadness"
"imdb","Cleaned_IMDBFace_Dataset_AllAge/train/nm0300064_rm4258854656_1904-5-17_1964_6.jpg","nm0300064_rm4258854656_1904-5-17_1964_6.jpg","6","Sadness"
"imdb","Cleaned_IMDBFace_Dataset_AllAge/train/nm0000032_rm2493427712_1923-10-4_1993_6.jpg","nm0000032_rm2493427712_1923-10-4_1993_6.jpg","6","Sadness"
"imdb","Cleaned_IMDBFace_Dataset_AllAge/train/nm0000432_rm3189870080_1930-1-30_1990_3.jpg","nm0000432_rm3189870080_1930-1-30_1990_3.jpg","3","Fear"
"imdb","Cleaned_IMDBFace_Dataset_AllAge/train/nm0005314_rm1087815424_1958-9-4_2008_2.jpg","nm0005314_rm1087815424_1958-9-4_2008_2.jpg","2","Disgust"
"imdb","Cleaned_IMDBFace_Dataset_AllAge/train/nm0000128_rm1641141248_1964-4-7_2014_0.jpg","nm0000128_rm1641141248_1964-4-7_2014_0.jpg","0","Anger"
"imdb","Cleaned_IMDBFace_Dataset_AllAge/train/nm0397212_rm3356083200_1959-4-20_2014_6.jpg","nm0397212_rm3356083200_1959-4-20_2014_6.jpg","6","Sadness"
"imdb","Cleaned_IMDBFace_Dataset_AllAge/train/nm0000102_rm2520897280_1958-7-8_2013_1.jpg","nm0000102_rm2520897280_1958-7-8_2013_1.jpg","1","Contempt"
"imdb","Cleaned_IMDBFace_Dataset_AllAge/train/nm0000230_rm3181689600_1946-7-6_2006_0.jpg","nm0000230_rm3181689600_1946-7-6_2006_0.jpg","0","Anger"
"imdb","Cleaned_IMDBFace_Dataset_AllAge/train/nm0004834_rm958712320_1947-10-1_2012_3.jpg","nm0004834_rm958712320_1947-10-1_2012_3.jpg","3","Fear"
"imdb","Cleaned_IMDBFace_Dataset_AllAge/train/nm0000323_rm4057432064_1933-3-14_2008_6.jpg","nm0000323_rm4057432064_1933-3-14_2008_6.jpg","6","Sadness"
"imdb","Cleaned_IMDBFace_Dataset_AllAge/train/nm0000128_rm1740425984_1964-4-7_2014_6.jpg","nm0000128_rm1740425984_1964-4-7_2014_6.jpg","6","Sadness"
"imdb","Cleaned_IMDBFace_Dataset_AllAge/train/nm0001015_rm4162310656_1961-4-14_2011_0.jpg","nm0001015_rm4162310656_1961-4-14_2011_0.jpg","0","Anger"
"imdb","Cleaned_IMDBFace_Dataset_AllAge/train/nm0000134_rm2748753664_1943-8-17_2013_6.jpg","nm0000134_rm2748753664_1943-8-17_2013_6.jpg","6","Sadness"
"imdb","Cleaned_IMDBFace_Dataset_AllAge/train/nm0000257_rm1213382400_1936-1-28_2011_6.jpg","nm0000257_rm1213382400_1936-1-28_2011_6.jpg","6","Sadness"
"imdb","Cleaned_IMDBFace_Dataset_AllAge/train/nm0000614_rm1207680768_1946-2-21_2011_6.jpg","nm0000614_rm1207680768_1946-2-21_2011_6.jpg","6","Sadness"
"imdb","Cleaned_IMDBFace_Dataset_AllAge/train/nm0000092_rm259360000_1939-10-27_1989_0.jpg","nm0000092_rm259360000_1939-10-27_1989_0.jpg","0","Anger"
"imdb","Cleaned_IMDBFace_Dataset_AllAge/train/nm0215229_rm3062168064_1963-6-12_2013_6.jpg","nm0215229_rm3062168064_1963-6-12_2013_6.jpg","6","Sadness"
"imdb","Cleaned_IMDBFace_Dataset_AllAge/train/nm0000229_rm3445207040_1946-12-18_2011_2.jpg","nm0000229_rm3445207040_1946-12-18_2011_2.jpg","2","Disgust"
"imdb","Cleaned_IMDBFace_Dataset_AllAge/train/nm0000158_rm3912929024_1956-7-9_2006_2.jpg","nm0000158_rm3912929024_1956-7-9_2006_2.jpg","2","Disgust"
"imdb","Cleaned_IMDBFace_Dataset_AllAge/train/nm0001624_rm3455099392_1960-1-12_2010_7.jpg","nm0001624_rm3455099392_1960-1-12_2010_7.jpg","7","Surprise"
"imdb","Cleaned_IMDBFace_Dataset_AllAge/train/nm1113529_rm459703552_1956-6-25_2006_6.jpg","nm1113529_rm459703552_1956-6-25_2006_6.jpg","6","Sadness"
"imdb","Cleaned_IMDBFace_Dataset_AllAge/train/nm0000454_rm3489184256_1936-5-17_1991_6.jpg","nm0000454_rm3489184256_1936-5-17_1991_6.jpg","6","Sadness"
"imdb","Cleaned_IMDBFace_Dataset_AllAge/train/nm0484104_rm3692478464_1964-10-4_2014_0.jpg","nm0484104_rm3692478464_1964-10-4_2014_0.jpg","0","Anger"
"imdb","Cleaned_IMDBFace_Dataset_AllAge/train/nm0001015_rm2487789056_1961-4-14_2011_6.jpg","nm0001015_rm2487789056_1961-4-14_2011_6.jpg","6","Sadness"
"imdb","Cleaned_IMDBFace_Dataset_AllAge/train/nm0000459_rm496234752_1960-8-16_2015_2.jpg","nm0000459_rm496234752_1960-8-16_2015_2.jpg","2","Disgust"
"imdb","Cleaned_IMDBFace_Dataset_AllAge/train/nm0000102_rm1480958720_1958-7-8_2013_6.jpg","nm0000102_rm1480958720_1958-7-8_2013_6.jpg","6","Sadness"
"imdb","Cleaned_IMDBFace_Dataset_AllAge/train/nm0502425_rm2332854016_1960-9-14_2010_2.jpg","nm0502425_rm2332854016_1960-9-14_2010_2.jpg","2","Disgust"
"imdb","Cleaned_IMDBFace_Dataset_AllAge/train/nm0000230_rm2980363008_1946-7-6_2006_6.jpg","nm0000230_rm2980363008_1946-7-6_2006_6.jpg","6","Sadness"
"imdb","Cleaned_IMDBFace_Dataset_AllAge/train/nm0001748_rm1244451328_1943-7-3_2013_0.jpg","nm0001748_rm1244451328_1943-7-3_2013_0.jpg","0","Anger"
"imdb","Cleaned_IMDBFace_Dataset_AllAge/train/nm0000095_rm3914760448_1935-12-1_2010_2.jpg","nm0000095_rm3914760448_1935-12-1_2010_2.jpg","2","Disgust"
"imdb","Cleaned_IMDBFace_Dataset_AllAge/train/nm0000141_rm4180079616_1960-8-7_2015_0.jpg","nm0000141_rm4180079616_1960-8-7_2015_0.jpg","0","Anger"
"imdb","Cleaned_IMDBFace_Dataset_AllAge/train/nm0001353_rm3623723520_1942-1-10_2012_6.jpg","nm0001353_rm3623723520_1942-1-10_2012_6.jpg","6","Sadness"
"imdb","Cleaned_IMDBFace_Dataset_AllAge/train/nm0429760_rm2722729728_1939-12-20_2004_6.jpg","nm0429760_rm2722729728_1939-12-20_2004_6.jpg","6","Sadness"
"imdb","Cleaned_IMDBFace_Dataset_AllAge/train/nm0005515_rm244833792_1963-12-26_2013_2.jpg","nm0005515_rm244833792_1963-12-26_2013_2.jpg","2","Disgust"
"imdb","Cleaned_IMDBFace_Dataset_AllAge/train/nm0569226_rm874691584_1950-7-11_2010_0.jpg","nm0569226_rm874691584_1950-7-11_2010_0.jpg","0","Anger"
"imdb","Cleaned_IMDBFace_Dataset_AllAge/train/nm0000980_rm3533867776_1949-5-24_2009_6.jpg","nm0000980_rm3533867776_1949-5-24_2009_6.jpg","6","Sadness"
"imdb","Cleaned_IMDBFace_Dataset_AllAge/train/nm0000273_rm1814796288_1934-3-26_2004_7.jpg","nm0000273_rm1814796288_1934-3-26_2004_7.jpg","7","Surprise"
"imdb","Cleaned_IMDBFace_Dataset_AllAge/train/nm0606487_rm1316738560_1963-4-8_2013_1.jpg","nm0606487_rm1316738560_1963-4-8_2013_1.jpg","1","Contempt"
"imdb","Cleaned_IMDBFace_Dataset_AllAge/train/nm0000353_rm3766328576_1955-7-22_2005_0.jpg","nm0000353_rm3766328576_1955-7-22_2005_0.jpg","0","Anger"
"imdb","Cleaned_IMDBFace_Dataset_AllAge/train/nm0001637_rm2513550080_1911-5-27_1961_7.jpg","nm0001637_rm2513550080_1911-5-27_1961_7.jpg","7","Surprise"
"imdb","Cleaned_IMDBFace_Dataset_AllAge/train/nm0000022_rm3374955008_1901-2-1_1961_6.jpg","nm0000022_rm3374955008_1901-2-1_1961_6.jpg","6","Sadness"
"imdb","Cleaned_IMDBFace_Dataset_AllAge/train/nm0000471_rm3984621824_1940-3-9_1990_3.jpg","nm0000471_rm3984621824_1940-3-9_1990_3.jpg","3","Fear"
"imdb","Cleaned_IMDBFace_Dataset_AllAge/train/nm0000140_rm452297216_1944-9-25_2009_1.jpg","nm0000140_rm452297216_1944-9-25_2009_1.jpg","1","Contempt"
"imdb","Cleaned_IMDBFace_Dataset_AllAge/train/nm0569226_rm2319941888_1950-7-11_2010_0.jpg","nm0569226_rm2319941888_1950-7-11_2010_0.jpg","0","Anger"
"imdb","Cleaned_IMDBFace_Dataset_AllAge/train/nm0001598_rm610900224_1958-11-5_2008_0.jpg","nm0001598_rm610900224_1958-11-5_2008_0.jpg","0","Anger"
"imdb","Cleaned_IMDBFace_Dataset_AllAge/train/nm0000598_rm3697707264_1954-4-9_2009_7.jpg","nm0000598_rm3697707264_1954-4-9_2009_7.jpg","7","Surprise"
"imdb","Cleaned_IMDBFace_Dataset_AllAge/train/nm0000246_rm772836864_1955-3-19_2010_0.jpg","nm0000246_rm772836864_1955-3-19_2010_0.jpg","0","Anger"
"imdb","Cleaned_IMDBFace_Dataset_AllAge/train/nm0000657_rm3505901056_1949-1-26_2014_0.jpg","nm0000657_rm3505901056_1949-1-26_2014_0.jpg","0","Anger"
"imdb","Cleaned_IMDBFace_Dataset_AllAge/train/nm0000438_rm3390567168_1950-11-28_2015_6.jpg","nm0000438_rm3390567168_1950-11-28_2015_6.jpg","6","Sadness"
"imdb","Cleaned_IMDBFace_Dataset_AllAge/train/nm0000643_rm3788618496_1933-8-25_1988_3.jpg","nm0000643_rm3788618496_1933-8-25_1988_3.jpg","3","Fear"
"imdb","Cleaned_IMDBFace_Dataset_AllAge/train/nm0915989_rm900696320_1960-4-4_2010_0.jpg","nm0915989_rm900696320_1960-4-4_2010_0.jpg","0","Anger"
"imdb","Cleaned_IMDBFace_Dataset_AllAge/train/nm0000264_rm1339328512_1949-9-25_2009_6.jpg","nm0000264_rm1339328512_1949-9-25_2009_6.jpg","6","Sadness"
"imdb","Cleaned_IMDBFace_Dataset_AllAge/train/nm0000491_rm2925709824_1964-7-22_2014_1.jpg","nm0000491_rm2925709824_1964-7-22_2014_1.jpg","1","Contempt"
"imdb","Cleaned_IMDBFace_Dataset_AllAge/train/nm0427964_rm1179160064_1960-5-24_2010_0.jpg","nm0427964_rm1179160064_1960-5-24_2010_0.jpg","0","Anger"
"imdb","Cleaned_IMDBFace_Dataset_AllAge/train/nm0000997_rm2914630144_1944-6-29_1994_0.jpg","nm0000997_rm2914630144_1944-6-29_1994_0.jpg","0","Anger"
"imdb","Cleaned_IMDBFace_Dataset_AllAge/train/nm0000438_rm357271296_1950-11-28_2010_6.jpg","nm0000438_rm357271296_1950-11-28_2010_6.jpg","6","Sadness"
"imdb","Cleaned_IMDBFace_Dataset_AllAge/train/nm0001648_rm70165504_1946-2-5_2006_6.jpg","nm0001648_rm70165504_1946-2-5_2006_6.jpg","6","Sadness"
"imdb","Cleaned_IMDBFace_Dataset_AllAge/train/nm0000905_rm4168915200_1952-10-27_2002_7.jpg","nm0000905_rm4168915200_1952-10-27_2002_7.jpg","7","Surprise"
"imdb","Cleaned_IMDBFace_Dataset_AllAge/train/nm0000230_rm2728704768_1946-7-6_2006_0.jpg","nm0000230_rm2728704768_1946-7-6_2006_0.jpg","0","Anger"
"imdb","Cleaned_IMDBFace_Dataset_AllAge/train/nm0000552_rm649703936_1961-4-3_2011_3.jpg","nm0000552_rm649703936_1961-4-3_2011_3.jpg","3","Fear"
"imdb","Cleaned_IMDBFace_Dataset_AllAge/train/nm0001129_rm1972345088_1944-2-22_2004_6.jpg","nm0001129_rm1972345088_1944-2-22_2004_6.jpg","6","Sadness"
"imdb","Cleaned_IMDBFace_Dataset_AllAge/train/nm0004834_rm3447306752_1947-10-1_2007_3.jpg","nm0004834_rm3447306752_1947-10-1_2007_3.jpg","3","Fear"
"imdb","Cleaned_IMDBFace_Dataset_AllAge/train/nm0001426_rm3226388480_1943-12-31_2013_7.jpg","nm0001426_rm3226388480_1943-12-31_2013_7.jpg","7","Surprise"
"imdb","Cleaned_IMDBFace_Dataset_AllAge/train/nm0910607_rm3956522752_1956-10-4_2011_1.jpg","nm0910607_rm3956522752_1956-10-4_2011_1.jpg","1","Contempt"
"imdb","Cleaned_IMDBFace_Dataset_AllAge/train/nm0797531_rm919271168_1921-3-25_1971_6.jpg","nm0797531_rm919271168_1921-3-25_1971_6.jpg","6","Sadness"
"imdb","Cleaned_IMDBFace_Dataset_AllAge/train/nm0043041_rm1944106752_1945-11-27_2005_6.jpg","nm0043041_rm1944106752_1945-11-27_2005_6.jpg","6","Sadness"
"imdb","Cleaned_IMDBFace_Dataset_AllAge/train/nm0698764_rm3016268032_1930-12-13_1995_3.jpg","nm0698764_rm3016268032_1930-12-13_1995_3.jpg","3","Fear"
"imdb","Cleaned_IMDBFace_Dataset_AllAge/train/nm0001472_rm4009939456_1963-4-26_2013_0.jpg","nm0001472_rm4009939456_1963-4-26_2013_0.jpg","0","Anger"
"imdb","Cleaned_IMDBFace_Dataset_AllAge/train/nm0001634_rm2103546880_1952-12-25_2002_1.jpg","nm0001634_rm2103546880_1952-12-25_2002_1.jpg","1","Contempt"
"imdb","Cleaned_IMDBFace_Dataset_AllAge/train/nm0001143_rm3855021056_1965-8-19_2015_6.jpg","nm0001143_rm3855021056_1965-8-19_2015_6.jpg","6","Sadness"
"imdb","Cleaned_IMDBFace_Dataset_AllAge/train/nm0001015_rm2600399360_1961-4-14_2011_0.jpg","nm0001015_rm2600399360_1961-4-14_2011_0.jpg","0","Anger"
"imdb","Cleaned_IMDBFace_Dataset_AllAge/train/nm0002091_rm884508416_1940-10-19_2005_7.jpg","nm0002091_rm884508416_1940-10-19_2005_7.jpg","7","Surprise"
"imdb","Cleaned_IMDBFace_Dataset_AllAge/train/nm0000115_rm2114568192_1964-1-7_2014_6.jpg","nm0000115_rm2114568192_1964-1-7_2014_6.jpg","6","Sadness"
"imdb","Cleaned_IMDBFace_Dataset_AllAge/train/nm0898546_rm1740157440_1960-7-5_2010_6.jpg","nm0898546_rm1740157440_1960-7-5_2010_6.jpg","6","Sadness"
"imdb","Cleaned_IMDBFace_Dataset_AllAge/train/nm0001617_rm2889997056_1962-2-17_2012_2.jpg","nm0001617_rm2889997056_1962-2-17_2012_2.jpg","2","Disgust"
"imdb","Cleaned_IMDBFace_Dataset_AllAge/train/nm0364813_rm2720641792_1961-8-24_2011_1.jpg","nm0364813_rm2720641792_1961-8-24_2011_1.jpg","1","Contempt"
"imdb","Cleaned_IMDBFace_Dataset_AllAge/train/nm0000168_rm2485294848_1948-12-21_2008_0.jpg","nm0000168_rm2485294848_1948-12-21_2008_0.jpg","0","Anger"
"imdb","Cleaned_IMDBFace_Dataset_AllAge/train/nm0002091_rm918062848_1940-10-19_2005_3.jpg","nm0002091_rm918062848_1940-10-19_2005_3.jpg","3","Fear"
"imdb","Cleaned_IMDBFace_Dataset_AllAge/train/nm0000997_rm3610360576_1944-6-29_2004_0.jpg","nm0000997_rm3610360576_1944-6-29_2004_0.jpg","0","Anger"
"imdb","Cleaned_IMDBFace_Dataset_AllAge/train/nm0922927_rm2945882368_1951-12-14_2001_3.jpg","nm0922927_rm2945882368_1951-12-14_2001_3.jpg","3","Fear"
"imdb","Cleaned_IMDBFace_Dataset_AllAge/train/nm0633604_rm3054283776_1948-8-20_2008_3.jpg","nm0633604_rm3054283776_1948-8-20_2008_3.jpg","3","Fear"
"imdb","Cleaned_IMDBFace_Dataset_AllAge/train/nm0606487_rm507697920_1963-4-8_2013_6.jpg","nm0606487_rm507697920_1963-4-8_2013_6.jpg","6","Sadness"
"imdb","Cleaned_IMDBFace_Dataset_AllAge/train/nm0000246_rm2507050752_1955-3-19_2010_0.jpg","nm0000246_rm2507050752_1955-3-19_2010_0.jpg","0","Anger"
"imdb","Cleaned_IMDBFace_Dataset_AllAge/train/nm0001758_rm1914079744_1957-2-27_2007_0.jpg","nm0001758_rm1914079744_1957-2-27_2007_0.jpg","0","Anger"
"imdb","Cleaned_IMDBFace_Dataset_AllAge/train/nm0037735_rm3489301760_1922-5-13_1972_0.jpg","nm0037735_rm3489301760_1922-5-13_1972_0.jpg","0","Anger"
"imdb","Cleaned_IMDBFace_Dataset_AllAge/train/nm0001624_rm1481416960_1960-1-12_2010_3.jpg","nm0001624_rm1481416960_1960-1-12_2010_3.jpg","3","Fear"
"imdb","Cleaned_IMDBFace_Dataset_AllAge/train/nm0000128_rm3948148224_1964-4-7_2014_3.jpg","nm0000128_rm3948148224_1964-4-7_2014_3.jpg","3","Fear"
"imdb","Cleaned_IMDBFace_Dataset_AllAge/train/nm0000513_rm3236360960_1950-3-13_2015_7.jpg","nm0000513_rm3236360960_1950-3-13_2015_7.jpg","7","Surprise"
"imdb","Cleaned_IMDBFace_Dataset_AllAge/train/nm0000631_rm17020672_1937-11-30_2012_6.jpg","nm0000631_rm17020672_1937-11-30_2012_6.jpg","6","Sadness"
"imdb","Cleaned_IMDBFace_Dataset_AllAge/train/nm0573618_rm2856696576_1956-4-27_2011_3.jpg","nm0573618_rm2856696576_1956-4-27_2011_3.jpg","3","Fear"
"imdb","Cleaned_IMDBFace_Dataset_AllAge/train/nm0906627_rm2030993664_1928-6-22_2003_3.jpg","nm0906627_rm2030993664_1928-6-22_2003_3.jpg","3","Fear"
"imdb","Cleaned_IMDBFace_Dataset_AllAge/train/nm0000185_rm630633472_1957-11-3_2012_0.jpg","nm0000185_rm630633472_1957-11-3_2012_0.jpg","0","Anger"
"imdb","Cleaned_IMDBFace_Dataset_AllAge/train/nm0000398_rm1287423488_1946-11-6_2006_7.jpg","nm0000398_rm1287423488_1946-11-6_2006_7.jpg","7","Surprise"
"imdb","Cleaned_IMDBFace_Dataset_AllAge/train/nm0000185_rm2524949504_1957-11-3_2012_0.jpg","nm0000185_rm2524949504_1957-11-3_2012_0.jpg","0","Anger"
"imdb","Cleaned_IMDBFace_Dataset_AllAge/train/nm0001046_rm2249374208_1941-4-14_2011_3.jpg","nm0001046_rm2249374208_1941-4-14_2011_3.jpg","3","Fear"
"imdb","Cleaned_IMDBFace_Dataset_AllAge/train/nm0000905_rm3313277184_1952-10-27_2002_7.jpg","nm0000905_rm3313277184_1952-10-27_2002_7.jpg","7","Surprise"
"imdb","Cleaned_IMDBFace_Dataset_AllAge/train/nm0000237_rm794594048_1954-2-18_2009_0.jpg","nm0000237_rm794594048_1954-2-18_2009_0.jpg","0","Anger"
"imdb","Cleaned_IMDBFace_Dataset_AllAge/train/nm0004834_rm254069248_1947-10-1_2012_3.jpg","nm0004834_rm254069248_1947-10-1_2012_3.jpg","3","Fear"
"imdb","Cleaned_IMDBFace_Dataset_AllAge/train/nm0000102_rm2286016256_1958-7-8_2013_0.jpg","nm0000102_rm2286016256_1958-7-8_2013_0.jpg","0","Anger"
"imdb","Cleaned_IMDBFace_Dataset_AllAge/train/nm0001127_rm3728447488_1956-3-13_2006_6.jpg","nm0001127_rm3728447488_1956-3-13_2006_6.jpg","6","Sadness"
"imdb","Cleaned_IMDBFace_Dataset_AllAge/train/nm0909768_rm3462710016_1964-10-13_2014_7.jpg","nm0909768_rm3462710016_1964-10-13_2014_7.jpg","7","Surprise"
"imdb","Cleaned_IMDBFace_Dataset_AllAge/train/nm0771493_rm1110606336_1955-5-27_2010_6.jpg","nm0771493_rm1110606336_1955-5-27_2010_6.jpg","6","Sadness"
"imdb","Cleaned_IMDBFace_Dataset_AllAge/train/nm0910607_rm1045149696_1956-10-4_2011_0.jpg","nm0910607_rm1045149696_1956-10-4_2011_0.jpg","0","Anger"
"imdb","Cleaned_IMDBFace_Dataset_AllAge/train/nm0000047_rm844929280_1934-9-20_1994_5.jpg","nm0000047_rm844929280_1934-9-20_1994_5.jpg","5","Neutral"
"imdb","Cleaned_IMDBFace_Dataset_AllAge/train/nm0001311_rm2665715968_1931-9-10_2006_6.jpg","nm0001311_rm2665715968_1931-9-10_2006_6.jpg","6","Sadness"
"imdb","Cleaned_IMDBFace_Dataset_AllAge/train/nm0000185_rm2014358272_1957-11-3_2012_6.jpg","nm0000185_rm2014358272_1957-11-3_2012_6.jpg","6","Sadness"
"imdb","Cleaned_IMDBFace_Dataset_AllAge/train/nm0000148_rm3109722368_1942-7-13_2002_0.jpg","nm0000148_rm3109722368_1942-7-13_2002_0.jpg","0","Anger"
"imdb","Cleaned_IMDBFace_Dataset_AllAge/train/nm0799777_rm3649759744_1955-1-9_2015_0.jpg","nm0799777_rm3649759744_1955-1-9_2015_0.jpg","0","Anger"
"imdb","Cleaned_IMDBFace_Dataset_AllAge/train/nm0633604_rm2081982720_1948-8-20_2008_3.jpg","nm0633604_rm2081982720_1948-8-20_2008_3.jpg","3","Fear"
"imdb","Cleaned_IMDBFace_Dataset_AllAge/train/nm0004834_rm2438782208_1947-10-1_2012_3.jpg","nm0004834_rm2438782208_1947-10-1_2012_3.jpg","3","Fear"
"imdb","Cleaned_IMDBFace_Dataset_AllAge/train/nm0000552_rm3635982848_1961-4-3_2011_6.jpg","nm0000552_rm3635982848_1961-4-3_2011_6.jpg","6","Sadness"
"imdb","Cleaned_IMDBFace_Dataset_AllAge/train/nm0000418_rm1642444800_1946-7-22_2011_6.jpg","nm0000418_rm1642444800_1946-7-22_2011_6.jpg","6","Sadness"
"imdb","Cleaned_IMDBFace_Dataset_AllAge/train/nm0835016_rm4103133952_1963-8-5_2013_2.jpg","nm0835016_rm4103133952_1963-8-5_2013_2.jpg","2","Disgust"
"imdb","Cleaned_IMDBFace_Dataset_AllAge/train/nm0835016_rm450733568_1963-8-5_2013_2.jpg","nm0835016_rm450733568_1963-8-5_2013_2.jpg","2","Disgust"
"imdb","Cleaned_IMDBFace_Dataset_AllAge/train/nm0004886_rm948672768_1943-2-26_2003_6.jpg","nm0004886_rm948672768_1943-2-26_2003_6.jpg","6","Sadness"
"imdb","Cleaned_IMDBFace_Dataset_AllAge/train/nm0275244_rm1177016320_1963-3-23_2013_6.jpg","nm0275244_rm1177016320_1963-3-23_2013_6.jpg","6","Sadness"
"imdb","Cleaned_IMDBFace_Dataset_AllAge/train/nm0000489_rm1241824000_1922-5-27_2002_7.jpg","nm0000489_rm1241824000_1922-5-27_2002_7.jpg","7","Surprise"
"imdb","Cleaned_IMDBFace_Dataset_AllAge/train/nm0000188_rm2089716992_1945-8-14_2005_6.jpg","nm0000188_rm2089716992_1945-8-14_2005_6.jpg","6","Sadness"
"imdb","Cleaned_IMDBFace_Dataset_AllAge/train/nm0000093_rm2986204672_1963-12-18_2013_0.jpg","nm0000093_rm2986204672_1963-12-18_2013_0.jpg","0","Anger"
"imdb","Cleaned_IMDBFace_Dataset_AllAge/train/nm0000186_rm3457456896_1946-1-20_2001_0.jpg","nm0000186_rm3457456896_1946-1-20_2001_0.jpg","0","Anger"
"imdb","Cleaned_IMDBFace_Dataset_AllAge/train/nm0065007_rm2219820800_1963-8-1_2013_1.jpg","nm0065007_rm2219820800_1963-8-1_2013_1.jpg","1","Contempt"
"imdb","Cleaned_IMDBFace_Dataset_AllAge/train/nm0410347_rm1007859712_1950-4-11_2000_1.jpg","nm0410347_rm1007859712_1950-4-11_2000_1.jpg","1","Contempt"
"imdb","Cleaned_IMDBFace_Dataset_AllAge/train/nm0000140_rm1291290880_1944-9-25_2009_6.jpg","nm0000140_rm1291290880_1944-9-25_2009_6.jpg","6","Sadness"
"imdb","Cleaned_IMDBFace_Dataset_AllAge/train/nm0633604_rm2378863872_1948-8-20_2008_6.jpg","nm0633604_rm2378863872_1948-8-20_2008_6.jpg","6","Sadness"
"imdb","Cleaned_IMDBFace_Dataset_AllAge/train/nm0000142_rm10656512_1930-5-31_2000_3.jpg","nm0000142_rm10656512_1930-5-31_2000_3.jpg","3","Fear"
"imdb","Cleaned_IMDBFace_Dataset_AllAge/train/nm0000313_rm1535020544_1949-12-4_2009_2.jpg","nm0000313_rm1535020544_1949-12-4_2009_2.jpg","2","Disgust"
"imdb","Cleaned_IMDBFace_Dataset_AllAge/train/nm0000545_rm949651200_1945-7-26_2010_6.jpg","nm0000545_rm949651200_1945-7-26_2010_6.jpg","6","Sadness"
"imdb","Cleaned_IMDBFace_Dataset_AllAge/train/nm0633604_rm1887876096_1948-8-20_2008_6.jpg","nm0633604_rm1887876096_1948-8-20_2008_6.jpg","6","Sadness"
"imdb","Cleaned_IMDBFace_Dataset_AllAge/train/nm0470981_rm1276163584_1962-9-8_2012_1.jpg","nm0470981_rm1276163584_1962-9-8_2012_1.jpg","1","Contempt"
"imdb","Cleaned_IMDBFace_Dataset_AllAge/train/nm0000607_rm1119476992_1952-8-27_2012_3.jpg","nm0000607_rm1119476992_1952-8-27_2012_3.jpg","3","Fear"
"imdb","Cleaned_IMDBFace_Dataset_AllAge/train/nm0000417_rm3830174720_1964-4-20_2014_6.jpg","nm0000417_rm3830174720_1964-4-20_2014_6.jpg","6","Sadness"
"imdb","Cleaned_IMDBFace_Dataset_AllAge/train/nm0000102_rm2705695488_1958-7-8_2013_7.jpg","nm0000102_rm2705695488_1958-7-8_2013_7.jpg","7","Surprise"
"imdb","Cleaned_IMDBFace_Dataset_AllAge/train/nm0005212_rm481411840_1939-5-25_2014_3.jpg","nm0005212_rm481411840_1939-5-25_2014_3.jpg","3","Fear"
"imdb","Cleaned_IMDBFace_Dataset_AllAge/train/nm0736263_rm1545129216_1963-3-4_2013_3.jpg","nm0736263_rm1545129216_1963-3-4_2013_3.jpg","3","Fear"
"imdb","Cleaned_IMDBFace_Dataset_AllAge/train/nm0000102_rm2349058816_1958-7-8_2013_3.jpg","nm0000102_rm2349058816_1958-7-8_2013_3.jpg","3","Fear"
"imdb","Cleaned_IMDBFace_Dataset_AllAge/train/nm0065007_rm2062795776_1963-8-1_2013_6.jpg","nm0065007_rm2062795776_1963-8-1_2013_6.jpg","6","Sadness"
"imdb","Cleaned_IMDBFace_Dataset_AllAge/train/nm0000102_rm2448665856_1958-7-8_2013_5.jpg","nm0000102_rm2448665856_1958-7-8_2013_5.jpg","5","Neutral"
"imdb","Cleaned_IMDBFace_Dataset_AllAge/train/nm0001624_rm4186291968_1960-1-12_2010_2.jpg","nm0001624_rm4186291968_1960-1-12_2010_2.jpg","2","Disgust"
"imdb","Cleaned_IMDBFace_Dataset_AllAge/train/nm0001172_rm8045056_1964-2-16_2014_6.jpg","nm0001172_rm8045056_1964-2-16_2014_6.jpg","6","Sadness"
"imdb","Cleaned_IMDBFace_Dataset_AllAge/train/nm0000093_rm2969427456_1963-12-18_2013_6.jpg","nm0000093_rm2969427456_1963-12-18_2013_6.jpg","6","Sadness"
"imdb","Cleaned_IMDBFace_Dataset_AllAge/train/nm0000654_rm3260454912_1938-7-22_2003_3.jpg","nm0000654_rm3260454912_1938-7-22_2003_3.jpg","3","Fear"
"imdb","Cleaned_IMDBFace_Dataset_AllAge/train/nm0000398_rm1306887680_1946-11-6_2006_0.jpg","nm0000398_rm1306887680_1946-11-6_2006_0.jpg","0","Anger"
"imdb","Cleaned_IMDBFace_Dataset_AllAge/train/nm0064769_rm329235712_1950-8-12_2005_3.jpg","nm0064769_rm329235712_1950-8-12_2005_3.jpg","3","Fear"
"imdb","Cleaned_IMDBFace_Dataset_AllAge/train/nm0569226_rm498696960_1950-7-11_2010_1.jpg","nm0569226_rm498696960_1950-7-11_2010_1.jpg","1","Contempt"
"imdb","Cleaned_IMDBFace_Dataset_AllAge/train/nm0367005_rm2016660480_1948-9-24_1998_0.jpg","nm0367005_rm2016660480_1948-9-24_1998_0.jpg","0","Anger"
"imdb","Cleaned_IMDBFace_Dataset_AllAge/train/nm0001101_rm2135808_1947-12-29_2007_0.jpg","nm0001101_rm2135808_1947-12-29_2007_0.jpg","0","Anger"
"imdb","Cleaned_IMDBFace_Dataset_AllAge/train/nm0000243_rm777816832_1954-12-28_2009_0.jpg","nm0000243_rm777816832_1954-12-28_2009_0.jpg","0","Anger"
"imdb","Cleaned_IMDBFace_Dataset_AllAge/train/nm0000257_rm1556776960_1936-1-28_2006_3.jpg","nm0000257_rm1556776960_1936-1-28_2006_3.jpg","3","Fear"
"imdb","Cleaned_IMDBFace_Dataset_AllAge/train/nm0225332_rm3976524544_1965-6-18_2015_0.jpg","nm0225332_rm3976524544_1965-6-18_2015_0.jpg","0","Anger"
"imdb","Cleaned_IMDBFace_Dataset_AllAge/train/nm0000501_rm1783495168_1954-12-18_2014_0.jpg","nm0000501_rm1783495168_1954-12-18_2014_0.jpg","0","Anger"
"imdb","Cleaned_IMDBFace_Dataset_AllAge/train/nm0000199_rm1945361920_1940-4-25_1990_0.jpg","nm0000199_rm1945361920_1940-4-25_1990_0.jpg","0","Anger"
"imdb","Cleaned_IMDBFace_Dataset_AllAge/train/nm0001500_rm1159302656_1912-3-22_1982_0.jpg","nm0001500_rm1159302656_1912-3-22_1982_0.jpg","0","Anger"
"imdb","Cleaned_IMDBFace_Dataset_AllAge/train/nm0000102_rm3669729280_1958-7-8_2013_7.jpg","nm0000102_rm3669729280_1958-7-8_2013_7.jpg","7","Surprise"
"imdb","Cleaned_IMDBFace_Dataset_AllAge/train/nm0000102_rm649895936_1958-7-8_2013_0.jpg","nm0000102_rm649895936_1958-7-8_2013_0.jpg","0","Anger"
"imdb","Cleaned_IMDBFace_Dataset_AllAge/train/nm0422710_rm3667323392_1955-3-5_2015_0.jpg","nm0422710_rm3667323392_1955-3-5_2015_0.jpg","0","Anger"
"imdb","Cleaned_IMDBFace_Dataset_AllAge/train/nm0633604_rm3234770176_1948-8-20_2008_0.jpg","nm0633604_rm3234770176_1948-8-20_2008_0.jpg","0","Anger"
"imdb","Cleaned_IMDBFace_Dataset_AllAge/train/nm0564724_rm1114094848_1933-9-19_2003_0.jpg","nm0564724_rm1114094848_1933-9-19_2003_0.jpg","0","Anger"
"imdb","Cleaned_IMDBFace_Dataset_AllAge/train/nm0000313_rm1703804160_1949-12-4_2014_1.jpg","nm0000313_rm1703804160_1949-12-4_2014_1.jpg","1","Contempt"
"imdb","Cleaned_IMDBFace_Dataset_AllAge/train/nm0000457_rm967424768_1940-1-22_1995_6.jpg","nm0000457_rm967424768_1940-1-22_1995_6.jpg","6","Sadness"
"imdb","Cleaned_IMDBFace_Dataset_AllAge/train/nm0484104_rm3558260736_1964-10-4_2014_6.jpg","nm0484104_rm3558260736_1964-10-4_2014_6.jpg","6","Sadness"
"imdb","Cleaned_IMDBFace_Dataset_AllAge/train/nm0000197_rm3758078464_1937-4-22_2002_3.jpg","nm0000197_rm3758078464_1937-4-22_2002_3.jpg","3","Fear"
"imdb","Cleaned_IMDBFace_Dataset_AllAge/train/nm0000102_rm50111232_1958-7-8_2013_3.jpg","nm0000102_rm50111232_1958-7-8_2013_3.jpg","3","Fear"
"imdb","Cleaned_IMDBFace_Dataset_AllAge/train/nm0000560_rm162306304_1941-2-8_2006_6.jpg","nm0000560_rm162306304_1941-2-8_2006_6.jpg","6","Sadness"
"imdb","Cleaned_IMDBFace_Dataset_AllAge/train/nm0000093_rm3379274752_1963-12-18_2013_3.jpg","nm0000093_rm3379274752_1963-12-18_2013_3.jpg","3","Fear"
"imdb","Cleaned_IMDBFace_Dataset_AllAge/train/nm0946148_rm938919424_1959-10-23_2014_7.jpg","nm0946148_rm938919424_1959-10-23_2014_7.jpg","7","Surprise"
"imdb","Cleaned_IMDBFace_Dataset_AllAge/train/nm0001426_rm2683410688_1943-12-31_1993_6.jpg","nm0001426_rm2683410688_1943-12-31_1993_6.jpg","6","Sadness"
"imdb","Cleaned_IMDBFace_Dataset_AllAge/train/nm0000289_rm2716448512_1954-4-16_2009_0.jpg","nm0000289_rm2716448512_1954-4-16_2009_0.jpg","0","Anger"
"imdb","Cleaned_IMDBFace_Dataset_AllAge/train/nm0000401_rm3731274752_1961-7-30_2011_0.jpg","nm0000401_rm3731274752_1961-7-30_2011_0.jpg","0","Anger"
"imdb","Cleaned_IMDBFace_Dataset_AllAge/train/nm0000980_rm1315474944_1949-5-24_2009_2.jpg","nm0000980_rm1315474944_1949-5-24_2009_2.jpg","2","Disgust"
"imdb","Cleaned_IMDBFace_Dataset_AllAge/train/nm0000158_rm4114255616_1956-7-9_2006_3.jpg","nm0000158_rm4114255616_1956-7-9_2006_3.jpg","3","Fear"
"imdb","Cleaned_IMDBFace_Dataset_AllAge/train/nm0000437_rm2732375808_1961-7-23_2011_7.jpg","nm0000437_rm2732375808_1961-7-23_2011_7.jpg","7","Surprise"
"imdb","Cleaned_IMDBFace_Dataset_AllAge/train/nm0000245_rm2712574208_1951-7-21_2006_7.jpg","nm0000245_rm2712574208_1951-7-21_2006_7.jpg","7","Surprise"
"imdb","Cleaned_IMDBFace_Dataset_AllAge/train/nm0000558_rm1713540608_1926-2-11_1991_7.jpg","nm0000558_rm1713540608_1926-2-11_1991_7.jpg","7","Surprise"
"imdb","Cleaned_IMDBFace_Dataset_AllAge/train/nm0005212_rm3877107968_1939-5-25_2014_3.jpg","nm0005212_rm3877107968_1939-5-25_2014_3.jpg","3","Fear"
"imdb","Cleaned_IMDBFace_Dataset_AllAge/train/nm0000027_rm3258881536_1914-4-2_1964_5.jpg","nm0000027_rm3258881536_1914-4-2_1964_5.jpg","5","Neutral"
"imdb","Cleaned_IMDBFace_Dataset_AllAge/train/nm0000060_rm3699953152_1916-4-5_1966_5.jpg","nm0000060_rm3699953152_1916-4-5_1966_5.jpg","5","Neutral"
"imdb","Cleaned_IMDBFace_Dataset_AllAge/train/nm0005315_rm4022793216_1965-7-26_2015_0.jpg","nm0005315_rm4022793216_1965-7-26_2015_0.jpg","0","Anger"
"imdb","Cleaned_IMDBFace_Dataset_AllAge/train/nm0000671_rm2852362240_1955-8-4_2005_3.jpg","nm0000671_rm2852362240_1955-8-4_2005_3.jpg","3","Fear"
"imdb","Cleaned_IMDBFace_Dataset_AllAge/train/nm0001255_rm3713058560_1949-3-16_2014_2.jpg","nm0001255_rm3713058560_1949-3-16_2014_2.jpg","2","Disgust"
"imdb","Cleaned_IMDBFace_Dataset_AllAge/train/nm0191044_rm4214475520_1964-12-29_2014_2.jpg","nm0191044_rm4214475520_1964-12-29_2014_2.jpg","2","Disgust"
"imdb","Cleaned_IMDBFace_Dataset_AllAge/train/nm0000668_rm3353735424_1959-4-15_2014_6.jpg","nm0000668_rm3353735424_1959-4-15_2014_6.jpg","6","Sadness"
"imdb","Cleaned_IMDBFace_Dataset_AllAge/train/nm0000836_rm1754433792_1954-10-9_2009_6.jpg","nm0000836_rm1754433792_1954-10-9_2009_6.jpg","6","Sadness"
"imdb","Cleaned_IMDBFace_Dataset_AllAge/train/nm0000658_rm4040030976_1949-6-22_2014_7.jpg","nm0000658_rm4040030976_1949-6-22_2014_7.jpg","7","Surprise"
"imdb","Cleaned_IMDBFace_Dataset_AllAge/train/nm0001098_rm1610646528_1921-11-22_1986_7.jpg","nm0001098_rm1610646528_1921-11-22_1986_7.jpg","7","Surprise"
"imdb","Cleaned_IMDBFace_Dataset_AllAge/train/nm0000115_rm602733824_1964-1-7_2014_0.jpg","nm0000115_rm602733824_1964-1-7_2014_0.jpg","0","Anger"
"imdb","Cleaned_IMDBFace_Dataset_AllAge/train/nm0000532_rm531994112_1943-6-13_2008_6.jpg","nm0000532_rm531994112_1943-6-13_2008_6.jpg","6","Sadness"
"imdb","Cleaned_IMDBFace_Dataset_AllAge/train/nm0001557_rm4173239296_1958-10-20_2008_7.jpg","nm0001557_rm4173239296_1958-10-20_2008_7.jpg","7","Surprise"
"imdb","Cleaned_IMDBFace_Dataset_AllAge/train/nm0000059_rm1015270912_1907-5-22_1977_6.jpg","nm0000059_rm1015270912_1907-5-22_1977_6.jpg","6","Sadness"
"imdb","Cleaned_IMDBFace_Dataset_AllAge/train/nm0633604_rm1484503040_1948-8-20_2008_0.jpg","nm0633604_rm1484503040_1948-8-20_2008_0.jpg","0","Anger"
"imdb","Cleaned_IMDBFace_Dataset_AllAge/train/nm0000164_rm2527959296_1937-12-31_2007_6.jpg","nm0000164_rm2527959296_1937-12-31_2007_6.jpg","6","Sadness"
"imdb","Cleaned_IMDBFace_Dataset_AllAge/train/nm0000246_rm2641331712_1955-3-19_2010_1.jpg","nm0000246_rm2641331712_1955-3-19_2010_1.jpg","1","Contempt"
"imdb","Cleaned_IMDBFace_Dataset_AllAge/train/nm0001320_rm3302851840_1939-8-22_2004_7.jpg","nm0001320_rm3302851840_1939-8-22_2004_7.jpg","7","Surprise"
"imdb","Cleaned_IMDBFace_Dataset_AllAge/train/nm0000101_rm3022559488_1952-7-1_2007_0.jpg","nm0000101_rm3022559488_1952-7-1_2007_0.jpg","0","Anger"
"imdb","Cleaned_IMDBFace_Dataset_AllAge/train/nm0000422_rm294234368_1952-6-20_2012_2.jpg","nm0000422_rm294234368_1952-6-20_2012_2.jpg","2","Disgust"
"imdb","Cleaned_IMDBFace_Dataset_AllAge/train/nm0005575_rm1951187456_1964-3-30_2014_0.jpg","nm0005575_rm1951187456_1964-3-30_2014_0.jpg","0","Anger"
"imdb","Cleaned_IMDBFace_Dataset_AllAge/train/nm0000313_rm153005056_1949-12-4_2014_0.jpg","nm0000313_rm153005056_1949-12-4_2014_0.jpg","0","Anger"
"imdb","Cleaned_IMDBFace_Dataset_AllAge/train/nm0569226_rm3584670720_1950-7-11_2010_0.jpg","nm0569226_rm3584670720_1950-7-11_2010_0.jpg","0","Anger"
"imdb","Cleaned_IMDBFace_Dataset_AllAge/train/nm0226820_rm3944346880_1956-11-30_2011_6.jpg","nm0226820_rm3944346880_1956-11-30_2011_6.jpg","6","Sadness"
"imdb","Cleaned_IMDBFace_Dataset_AllAge/train/nm0000289_rm2652674816_1954-4-16_2004_1.jpg","nm0000289_rm2652674816_1954-4-16_2004_1.jpg","1","Contempt"
"imdb","Cleaned_IMDBFace_Dataset_AllAge/train/nm0396812_rm1757587456_1962-5-14_2012_3.jpg","nm0396812_rm1757587456_1962-5-14_2012_3.jpg","3","Fear"
"imdb","Cleaned_IMDBFace_Dataset_AllAge/train/nm0000142_rm656977920_1930-5-31_1990_0.jpg","nm0000142_rm656977920_1930-5-31_1990_0.jpg","0","Anger"
"imdb","Cleaned_IMDBFace_Dataset_AllAge/train/nm0789716_rm4240096256_1958-7-10_2008_1.jpg","nm0789716_rm4240096256_1958-7-10_2008_1.jpg","1","Contempt"
"imdb","Cleaned_IMDBFace_Dataset_AllAge/train/nm0569226_rm2139128064_1950-7-11_2010_7.jpg","nm0569226_rm2139128064_1950-7-11_2010_7.jpg","7","Surprise"
"imdb","Cleaned_IMDBFace_Dataset_AllAge/train/nm0000008_rm4215191808_1924-4-3_1979_6.jpg","nm0000008_rm4215191808_1924-4-3_1979_6.jpg","6","Sadness"
"imdb","Cleaned_IMDBFace_Dataset_AllAge/train/nm0016776_rm2268310272_1907-6-16_1972_6.jpg","nm0016776_rm2268310272_1907-6-16_1972_6.jpg","6","Sadness"
"imdb","Cleaned_IMDBFace_Dataset_AllAge/train/nm0005179_rm383432704_1961-3-8_2011_6.jpg","nm0005179_rm383432704_1961-3-8_2011_6.jpg","6","Sadness"
"imdb","Cleaned_IMDBFace_Dataset_AllAge/train/nm0771493_rm1160937984_1955-5-27_2010_6.jpg","nm0771493_rm1160937984_1955-5-27_2010_6.jpg","6","Sadness"
"imdb","Cleaned_IMDBFace_Dataset_AllAge/train/nm0907708_rm1665639680_1962-6-12_2012_6.jpg","nm0907708_rm1665639680_1962-6-12_2012_6.jpg","6","Sadness"
"imdb","Cleaned_IMDBFace_Dataset_AllAge/train/nm0001004_rm469882112_1959-7-7_2014_3.jpg","nm0001004_rm469882112_1959-7-7_2014_3.jpg","3","Fear"
"imdb","Cleaned_IMDBFace_Dataset_AllAge/train/nm0034390_rm287213568_1949-2-8_2009_6.jpg","nm0034390_rm287213568_1949-2-8_2009_6.jpg","6","Sadness"
"imdb","Cleaned_IMDBFace_Dataset_AllAge/train/nm0000102_rm2817454080_1958-7-8_2013_6.jpg","nm0000102_rm2817454080_1958-7-8_2013_6.jpg","6","Sadness"
"imdb","Cleaned_IMDBFace_Dataset_AllAge/train/nm0000134_rm3398079488_1943-8-17_2008_3.jpg","nm0000134_rm3398079488_1943-8-17_2008_3.jpg","3","Fear"
"imdb","Cleaned_IMDBFace_Dataset_AllAge/train/nm0898546_rm1673048576_1960-7-5_2010_6.jpg","nm0898546_rm1673048576_1960-7-5_2010_6.jpg","6","Sadness"
"imdb","Cleaned_IMDBFace_Dataset_AllAge/train/nm0676370_rm2994448896_1952-4-7_2012_6.jpg","nm0676370_rm2994448896_1952-4-7_2012_6.jpg","6","Sadness"
"imdb","Cleaned_IMDBFace_Dataset_AllAge/train/nm0715327_rm512408320_1956-9-26_2011_1.jpg","nm0715327_rm512408320_1956-9-26_2011_1.jpg","1","Contempt"
"imdb","Cleaned_IMDBFace_Dataset_AllAge/train/nm0002064_rm2893266176_1958-4-26_2008_6.jpg","nm0002064_rm2893266176_1958-4-26_2008_6.jpg","6","Sadness"
"imdb","Cleaned_IMDBFace_Dataset_AllAge/train/nm0001354_rm2967591168_1953-2-9_2013_6.jpg","nm0001354_rm2967591168_1953-2-9_2013_6.jpg","6","Sadness"
"imdb","Cleaned_IMDBFace_Dataset_AllAge/train/nm0000864_rm30460160_1948-1-28_1998_3.jpg","nm0000864_rm30460160_1948-1-28_1998_3.jpg","3","Fear"
"imdb","Cleaned_IMDBFace_Dataset_AllAge/train/nm0175262_rm754887936_1942-11-24_2012_0.jpg","nm0175262_rm754887936_1942-11-24_2012_0.jpg","0","Anger"
"imdb","Cleaned_IMDBFace_Dataset_AllAge/train/nm0216466_rm3979340288_1958-5-23_2013_6.jpg","nm0216466_rm3979340288_1958-5-23_2013_6.jpg","6","Sadness"
"imdb","Cleaned_IMDBFace_Dataset_AllAge/train/nm0606487_rm3390949120_1963-4-8_2013_3.jpg","nm0606487_rm3390949120_1963-4-8_2013_3.jpg","3","Fear"
"imdb","Cleaned_IMDBFace_Dataset_AllAge/train/nm0000401_rm661109760_1961-7-30_2011_2.jpg","nm0000401_rm661109760_1961-7-30_2011_2.jpg","2","Disgust"
"imdb","Cleaned_IMDBFace_Dataset_AllAge/train/nm0000102_rm3424514560_1958-7-8_2013_6.jpg","nm0000102_rm3424514560_1958-7-8_2013_6.jpg","6","Sadness"
"imdb","Cleaned_IMDBFace_Dataset_AllAge/train/nm0002653_rm4021456640_1950-5-13_2010_0.jpg","nm0002653_rm4021456640_1950-5-13_2010_0.jpg","0","Anger"
"imdb","Cleaned_IMDBFace_Dataset_AllAge/train/nm0001117_rm2601359360_1946-6-28_1996_6.jpg","nm0001117_rm2601359360_1946-6-28_1996_6.jpg","6","Sadness"
"imdb","Cleaned_IMDBFace_Dataset_AllAge/train/nm0001241_rm2870054400_1941-6-20_1996_3.jpg","nm0001241_rm2870054400_1941-6-20_1996_3.jpg","3","Fear"
"imdb","Cleaned_IMDBFace_Dataset_AllAge/train/nm0000147_rm3507652352_1960-9-10_2010_6.jpg","nm0000147_rm3507652352_1960-9-10_2010_6.jpg","6","Sadness"
"imdb","Cleaned_IMDBFace_Dataset_AllAge/train/nm0946148_rm922142208_1959-10-23_2014_0.jpg","nm0946148_rm922142208_1959-10-23_2014_0.jpg","0","Anger"
"imdb","Cleaned_IMDBFace_Dataset_AllAge/train/nm0001277_rm646298368_1941-1-26_2011_0.jpg","nm0001277_rm646298368_1941-1-26_2011_0.jpg","0","Anger"
"imdb","Cleaned_IMDBFace_Dataset_AllAge/train/nm0000095_rm1019737088_1935-12-1_2015_0.jpg","nm0000095_rm1019737088_1935-12-1_2015_0.jpg","0","Anger"
"imdb","Cleaned_IMDBFace_Dataset_AllAge/train/nm0001251_rm2939978496_1955-8-19_2010_0.jpg","nm0001251_rm2939978496_1955-8-19_2010_0.jpg","0","Anger"
"imdb","Cleaned_IMDBFace_Dataset_AllAge/train/nm0257821_rm4224686336_1957-7-27_2007_6.jpg","nm0257821_rm4224686336_1957-7-27_2007_6.jpg","6","Sadness"
"imdb","Cleaned_IMDBFace_Dataset_AllAge/train/nm0289038_rm1732808192_1939-5-19_2009_3.jpg","nm0289038_rm1732808192_1939-5-19_2009_3.jpg","3","Fear"
"imdb","Cleaned_IMDBFace_Dataset_AllAge/train/nm0636562_rm3494021376_1954-11-13_2009_0.jpg","nm0636562_rm3494021376_1954-11-13_2009_0.jpg","0","Anger"
"imdb","Cleaned_IMDBFace_Dataset_AllAge/train/nm0633604_rm2098759936_1948-8-20_2008_3.jpg","nm0633604_rm2098759936_1948-8-20_2008_3.jpg","3","Fear"
"imdb","Cleaned_IMDBFace_Dataset_AllAge/train/nm0907708_rm1166998784_1962-6-12_2012_7.jpg","nm0907708_rm1166998784_1962-6-12_2012_7.jpg","7","Surprise"
"imdb","Cleaned_IMDBFace_Dataset_AllAge/train/nm0001277_rm1212324352_1941-1-26_2001_1.jpg","nm0001277_rm1212324352_1941-1-26_2001_1.jpg","1","Contempt"
"imdb","Cleaned_IMDBFace_Dataset_AllAge/train/nm0915989_rm904498688_1960-4-4_2010_3.jpg","nm0915989_rm904498688_1960-4-4_2010_3.jpg","3","Fear"
"imdb","Cleaned_IMDBFace_Dataset_AllAge/train/nm0000114_rm2753009664_1957-12-13_2007_0.jpg","nm0000114_rm2753009664_1957-12-13_2007_0.jpg","0","Anger"
"imdb","Cleaned_IMDBFace_Dataset_AllAge/train/nm0000422_rm562669824_1952-6-20_2012_6.jpg","nm0000422_rm562669824_1952-6-20_2012_6.jpg","6","Sadness"
"imdb","Cleaned_IMDBFace_Dataset_AllAge/train/nm0000335_rm2407303680_1947-3-19_2007_6.jpg","nm0000335_rm2407303680_1947-3-19_2007_6.jpg","6","Sadness"
"imdb","Cleaned_IMDBFace_Dataset_AllAge/train/nm0005130_rm4005930496_1961-6-29_2011_6.jpg","nm0005130_rm4005930496_1961-6-29_2011_6.jpg","6","Sadness"
"imdb","Cleaned_IMDBFace_Dataset_AllAge/train/nm0000739_rm3305561088_1950-1-16_2005_6.jpg","nm0000739_rm3305561088_1950-1-16_2005_6.jpg","6","Sadness"
"imdb","Cleaned_IMDBFace_Dataset_AllAge/train/nm0000168_rm4265646336_1948-12-21_2003_0.jpg","nm0000168_rm4265646336_1948-12-21_2003_0.jpg","0","Anger"
"imdb","Cleaned_IMDBFace_Dataset_AllAge/train/nm0835016_rm1200741120_1963-8-5_2013_0.jpg","nm0835016_rm1200741120_1963-8-5_2013_0.jpg","0","Anger"
"imdb","Cleaned_IMDBFace_Dataset_AllAge/train/nm0004821_rm2584323584_1963-8-30_2013_0.jpg","nm0004821_rm2584323584_1963-8-30_2013_0.jpg","0","Anger"
"imdb","Cleaned_IMDBFace_Dataset_AllAge/train/nm0256237_rm696225536_1954-9-7_2004_7.jpg","nm0256237_rm696225536_1954-9-7_2004_7.jpg","7","Surprise"
"imdb","Cleaned_IMDBFace_Dataset_AllAge/train/nm0000163_rm1429057024_1937-8-8_2012_0.jpg","nm0000163_rm1429057024_1937-8-8_2012_0.jpg","0","Anger"
"imdb","Cleaned_IMDBFace_Dataset_AllAge/train/nm0001845_rm4151752960_1961-7-15_2011_7.jpg","nm0001845_rm4151752960_1961-7-15_2011_7.jpg","7","Surprise"
"imdb","Cleaned_IMDBFace_Dataset_AllAge/train/nm0000093_rm392537856_1963-12-18_2013_6.jpg","nm0000093_rm392537856_1963-12-18_2013_6.jpg","6","Sadness"
"imdb","Cleaned_IMDBFace_Dataset_AllAge/train/nm0001624_rm1926673664_1960-1-12_2010_6.jpg","nm0001624_rm1926673664_1960-1-12_2010_6.jpg","6","Sadness"
"imdb","Cleaned_IMDBFace_Dataset_AllAge/train/nm0000374_rm3339177216_1950-3-18_2010_7.jpg","nm0000374_rm3339177216_1950-3-18_2010_7.jpg","7","Surprise"
"imdb","Cleaned_IMDBFace_Dataset_AllAge/train/nm0000398_rm754027776_1946-11-6_2006_6.jpg","nm0000398_rm754027776_1946-11-6_2006_6.jpg","6","Sadness"
"imdb","Cleaned_IMDBFace_Dataset_AllAge/train/nm0598213_rm4228695552_1949-2-27_2014_7.jpg","nm0598213_rm4228695552_1949-2-27_2014_7.jpg","7","Surprise"
"imdb","Cleaned_IMDBFace_Dataset_AllAge/train/nm0633604_rm3570464768_1948-8-20_2013_6.jpg","nm0633604_rm3570464768_1948-8-20_2013_6.jpg","6","Sadness"
"imdb","Cleaned_IMDBFace_Dataset_AllAge/train/nm0728938_rm2838998784_1927-2-24_2012_3.jpg","nm0728938_rm2838998784_1927-2-24_2012_3.jpg","3","Fear"
"imdb","Cleaned_IMDBFace_Dataset_AllAge/train/nm1570873_rm2685918464_1963-10-30_2013_6.jpg","nm1570873_rm2685918464_1963-10-30_2013_6.jpg","6","Sadness"
"imdb","Cleaned_IMDBFace_Dataset_AllAge/train/nm0001004_rm486659328_1959-7-7_2014_6.jpg","nm0001004_rm486659328_1959-7-7_2014_6.jpg","6","Sadness"
"imdb","Cleaned_IMDBFace_Dataset_AllAge/train/nm0000243_rm361732352_1954-12-28_2004_2.jpg","nm0000243_rm361732352_1954-12-28_2004_2.jpg","2","Disgust"
"imdb","Cleaned_IMDBFace_Dataset_AllAge/train/nm0000243_rm1588955136_1954-12-28_2009_3.jpg","nm0000243_rm1588955136_1954-12-28_2009_3.jpg","3","Fear"
"imdb","Cleaned_IMDBFace_Dataset_AllAge/train/nm0001358_rm4050688256_1925-2-17_2000_0.jpg","nm0001358_rm4050688256_1925-2-17_2000_0.jpg","0","Anger"
"imdb","Cleaned_IMDBFace_Dataset_AllAge/train/nm0001018_rm2016856832_1949-8-8_2014_0.jpg","nm0001018_rm2016856832_1949-8-8_2014_0.jpg","0","Anger"
"imdb","Cleaned_IMDBFace_Dataset_AllAge/train/nm0123632_rm621335552_1957-9-10_2012_6.jpg","nm0123632_rm621335552_1957-9-10_2012_6.jpg","6","Sadness"
"imdb","Cleaned_IMDBFace_Dataset_AllAge/train/nm0205772_rm887412992_1953-6-19_2013_6.jpg","nm0205772_rm887412992_1953-6-19_2013_6.jpg","6","Sadness"
"imdb","Cleaned_IMDBFace_Dataset_AllAge/train/nm0000246_rm2423227904_1955-3-19_2010_2.jpg","nm0000246_rm2423227904_1955-3-19_2010_2.jpg","2","Disgust"
"imdb","Cleaned_IMDBFace_Dataset_AllAge/train/nm0666398_rm3205666560_1958-9-11_2008_7.jpg","nm0666398_rm3205666560_1958-9-11_2008_7.jpg","7","Surprise"
"imdb","Cleaned_IMDBFace_Dataset_AllAge/train/nm0000151_rm3991897856_1937-6-1_1992_6.jpg","nm0000151_rm3991897856_1937-6-1_1992_6.jpg","6","Sadness"
"imdb","Cleaned_IMDBFace_Dataset_AllAge/train/nm0000102_rm450876672_1958-7-8_2013_5.jpg","nm0000102_rm450876672_1958-7-8_2013_5.jpg","5","Neutral"
"imdb","Cleaned_IMDBFace_Dataset_AllAge/train/nm0001845_rm1999616768_1961-7-15_2011_6.jpg","nm0001845_rm1999616768_1961-7-15_2011_6.jpg","6","Sadness"
"imdb","Cleaned_IMDBFace_Dataset_AllAge/train/nm0000685_rm2308565504_1938-12-29_2013_7.jpg","nm0000685_rm2308565504_1938-12-29_2013_7.jpg","7","Surprise"
"imdb","Cleaned_IMDBFace_Dataset_AllAge/train/nm0065007_rm3682457856_1963-8-1_2013_3.jpg","nm0065007_rm3682457856_1963-8-1_2013_3.jpg","3","Fear"
"imdb","Cleaned_IMDBFace_Dataset_AllAge/train/nm0219208_rm2484580096_1949-9-20_2009_2.jpg","nm0219208_rm2484580096_1949-9-20_2009_2.jpg","2","Disgust"
"imdb","Cleaned_IMDBFace_Dataset_AllAge/train/nm0502425_rm141224448_1960-9-14_2015_6.jpg","nm0502425_rm141224448_1960-9-14_2015_6.jpg","6","Sadness"
"imdb","Cleaned_IMDBFace_Dataset_AllAge/train/nm0000398_rm2334689024_1946-11-6_2006_3.jpg","nm0000398_rm2334689024_1946-11-6_2006_3.jpg","3","Fear"
"imdb","Cleaned_IMDBFace_Dataset_AllAge/train/nm0001419_rm4265053696_1937-6-2_1987_3.jpg","nm0001419_rm4265053696_1937-6-2_1987_3.jpg","3","Fear"
"imdb","Cleaned_IMDBFace_Dataset_AllAge/train/nm0001368_rm1476889600_1945-12-17_2005_6.jpg","nm0001368_rm1476889600_1945-12-17_2005_6.jpg","6","Sadness"
"imdb","Cleaned_IMDBFace_Dataset_AllAge/train/nm0001672_rm151178240_1933-6-8_2003_7.jpg","nm0001672_rm151178240_1933-6-8_2003_7.jpg","7","Surprise"
"imdb","Cleaned_IMDBFace_Dataset_AllAge/train/nm0633604_rm197694464_1948-8-20_2008_6.jpg","nm0633604_rm197694464_1948-8-20_2008_6.jpg","6","Sadness"
"imdb","Cleaned_IMDBFace_Dataset_AllAge/train/nm0000102_rm2315504384_1958-7-8_2013_6.jpg","nm0000102_rm2315504384_1958-7-8_2013_6.jpg","6","Sadness"
"imdb","Cleaned_IMDBFace_Dataset_AllAge/train/nm0001787_rm3563635712_1944-7-8_2014_3.jpg","nm0001787_rm3563635712_1944-7-8_2014_3.jpg","3","Fear"
"imdb","Cleaned_IMDBFace_Dataset_AllAge/train/nm0000289_rm2800334592_1954-4-16_2009_7.jpg","nm0000289_rm2800334592_1954-4-16_2009_7.jpg","7","Surprise"
"imdb","Cleaned_IMDBFace_Dataset_AllAge/train/nm0000545_rm3977363200_1945-7-26_2010_3.jpg","nm0000545_rm3977363200_1945-7-26_2010_3.jpg","3","Fear"
"imdb","Cleaned_IMDBFace_Dataset_AllAge/train/nm0000158_rm3459488512_1956-7-9_2006_6.jpg","nm0000158_rm3459488512_1956-7-9_2006_6.jpg","6","Sadness"
"imdb","Cleaned_IMDBFace_Dataset_AllAge/train/nm0001385_rm254184960_1943-3-29_1993_7.jpg","nm0001385_rm254184960_1943-3-29_1993_7.jpg","7","Surprise"
"imdb","Cleaned_IMDBFace_Dataset_AllAge/train/nm0228678_rm1415684096_1955-7-2_2010_0.jpg","nm0228678_rm1415684096_1955-7-2_2010_0.jpg","0","Anger"
"imdb","Cleaned_IMDBFace_Dataset_AllAge/train/nm0000140_rm401965568_1944-9-25_2009_0.jpg","nm0000140_rm401965568_1944-9-25_2009_0.jpg","0","Anger"
"imdb","Cleaned_IMDBFace_Dataset_AllAge/train/nm0000195_rm483825920_1950-9-21_2005_6.jpg","nm0000195_rm483825920_1950-9-21_2005_6.jpg","6","Sadness"
"imdb","Cleaned_IMDBFace_Dataset_AllAge/train/nm0001346_rm4270754816_1943-7-21_2003_2.jpg","nm0001346_rm4270754816_1943-7-21_2003_2.jpg","2","Disgust"
"imdb","Cleaned_IMDBFace_Dataset_AllAge/train/nm0001426_rm72982784_1943-12-31_2013_2.jpg","nm0001426_rm72982784_1943-12-31_2013_2.jpg","2","Disgust"
"imdb","Cleaned_IMDBFace_Dataset_AllAge/train/nm0000638_rm3048517632_1931-3-22_2006_6.jpg","nm0000638_rm3048517632_1931-3-22_2006_6.jpg","6","Sadness"
"imdb","Cleaned_IMDBFace_Dataset_AllAge/train/nm0005049_rm2884160768_1959-11-19_2014_2.jpg","nm0005049_rm2884160768_1959-11-19_2014_2.jpg","2","Disgust"
"imdb","Cleaned_IMDBFace_Dataset_AllAge/train/nm0000201_rm3513112832_1958-4-29_2013_6.jpg","nm0000201_rm3513112832_1958-4-29_2013_6.jpg","6","Sadness"
"imdb","Cleaned_IMDBFace_Dataset_AllAge/train/nm0001533_rm3101596416_1947-9-27_2002_7.jpg","nm0001533_rm3101596416_1947-9-27_2002_7.jpg","7","Surprise"
"imdb","Cleaned_IMDBFace_Dataset_AllAge/train/nm0633604_rm593726976_1948-8-20_2008_6.jpg","nm0633604_rm593726976_1948-8-20_2008_6.jpg","6","Sadness"
"imdb","Cleaned_IMDBFace_Dataset_AllAge/train/nm0867330_rm1855884800_1955-11-25_2005_7.jpg","nm0867330_rm1855884800_1955-11-25_2005_7.jpg","7","Surprise"
"imdb","Cleaned_IMDBFace_Dataset_AllAge/train/nm0000454_rm2224063488_1936-5-17_1986_0.jpg","nm0000454_rm2224063488_1936-5-17_1986_0.jpg","0","Anger"
"imdb","Cleaned_IMDBFace_Dataset_AllAge/train/nm0000102_rm3474846208_1958-7-8_2013_5.jpg","nm0000102_rm3474846208_1958-7-8_2013_5.jpg","5","Neutral"
"imdb","Cleaned_IMDBFace_Dataset_AllAge/train/nm0000313_rm3682113792_1949-12-4_2004_0.jpg","nm0000313_rm3682113792_1949-12-4_2004_0.jpg","0","Anger"
"imdb","Cleaned_IMDBFace_Dataset_AllAge/train/nm0000102_rm3204696832_1958-7-8_2013_3.jpg","nm0000102_rm3204696832_1958-7-8_2013_3.jpg","3","Fear"
"imdb","Cleaned_IMDBFace_Dataset_AllAge/train/nm0000422_rm4052588800_1952-6-20_2002_6.jpg","nm0000422_rm4052588800_1952-6-20_2002_6.jpg","6","Sadness"
"imdb","Cleaned_IMDBFace_Dataset_AllAge/train/nm0000151_rm1520875520_1937-6-1_2007_6.jpg","nm0000151_rm1520875520_1937-6-1_2007_6.jpg","6","Sadness"
"imdb","Cleaned_IMDBFace_Dataset_AllAge/train/nm0001015_rm619292160_1961-4-14_2011_0.jpg","nm0001015_rm619292160_1961-4-14_2011_0.jpg","0","Anger"
"imdb","Cleaned_IMDBFace_Dataset_AllAge/train/nm0005246_rm158311680_1962-10-1_2012_0.jpg","nm0005246_rm158311680_1962-10-1_2012_0.jpg","0","Anger"
"imdb","Cleaned_IMDBFace_Dataset_AllAge/train/nm0569226_rm817748480_1950-7-11_2010_0.jpg","nm0569226_rm817748480_1950-7-11_2010_0.jpg","0","Anger"
"imdb","Cleaned_IMDBFace_Dataset_AllAge/train/nm0000545_rm2412419328_1945-7-26_2005_6.jpg","nm0000545_rm2412419328_1945-7-26_2005_6.jpg","6","Sadness"
"imdb","Cleaned_IMDBFace_Dataset_AllAge/train/nm0000564_rm1002018816_1932-8-2_2007_7.jpg","nm0000564_rm1002018816_1932-8-2_2007_7.jpg","7","Surprise"
"imdb","Cleaned_IMDBFace_Dataset_AllAge/train/nm0000168_rm3369243648_1948-12-21_2008_0.jpg","nm0000168_rm3369243648_1948-12-21_2008_0.jpg","0","Anger"
"imdb","Cleaned_IMDBFace_Dataset_AllAge/train/nm0799777_rm4119521792_1955-1-9_2015_3.jpg","nm0799777_rm4119521792_1955-1-9_2015_3.jpg","3","Fear"
"imdb","Cleaned_IMDBFace_Dataset_AllAge/train/nm0001015_rm1928503808_1961-4-14_2011_6.jpg","nm0001015_rm1928503808_1961-4-14_2011_6.jpg","6","Sadness"
"imdb","Cleaned_IMDBFace_Dataset_AllAge/train/nm0633604_rm2852957184_1948-8-20_2008_7.jpg","nm0633604_rm2852957184_1948-8-20_2008_7.jpg","7","Surprise"
"imdb","Cleaned_IMDBFace_Dataset_AllAge/train/nm0001143_rm165017088_1965-8-19_2015_6.jpg","nm0001143_rm165017088_1965-8-19_2015_6.jpg","6","Sadness"
"imdb","Cleaned_IMDBFace_Dataset_AllAge/train/nm0004883_rm2123292416_1963-9-25_2013_0.jpg","nm0004883_rm2123292416_1963-9-25_2013_0.jpg","0","Anger"
"imdb","Cleaned_IMDBFace_Dataset_AllAge/train/nm0000560_rm3367671808_1941-2-8_2006_1.jpg","nm0000560_rm3367671808_1941-2-8_2006_1.jpg","1","Contempt"
"imdb","Cleaned_IMDBFace_Dataset_AllAge/train/nm0001748_rm2596706560_1943-7-3_1998_6.jpg","nm0001748_rm2596706560_1943-7-3_1998_6.jpg","6","Sadness"
"imdb","Cleaned_IMDBFace_Dataset_AllAge/train/nm0000302_rm727352576_1944-9-13_2004_6.jpg","nm0000302_rm727352576_1944-9-13_2004_6.jpg","6","Sadness"
"imdb","Cleaned_IMDBFace_Dataset_AllAge/train/nm0000800_rm20087808_1949-10-4_2009_3.jpg","nm0000800_rm20087808_1949-10-4_2009_3.jpg","3","Fear"
"imdb","Cleaned_IMDBFace_Dataset_AllAge/train/nm0322513_rm715577856_1961-6-24_2011_6.jpg","nm0322513_rm715577856_1961-6-24_2011_6.jpg","6","Sadness"
"imdb","Cleaned_IMDBFace_Dataset_AllAge/train/nm0000511_rm1599589888_1934-4-24_2009_7.jpg","nm0000511_rm1599589888_1934-4-24_2009_7.jpg","7","Surprise"
"imdb","Cleaned_IMDBFace_Dataset_AllAge/train/nm0000168_rm2494095104_1948-12-21_2008_0.jpg","nm0000168_rm2494095104_1948-12-21_2008_0.jpg","0","Anger"
"imdb","Cleaned_IMDBFace_Dataset_AllAge/train/nm0000102_rm1692390656_1958-7-8_2013_6.jpg","nm0000102_rm1692390656_1958-7-8_2013_6.jpg","6","Sadness"
"imdb","Cleaned_IMDBFace_Dataset_AllAge/train/nm0000553_rm2531436800_1952-6-7_2012_0.jpg","nm0000553_rm2531436800_1952-6-7_2012_0.jpg","0","Anger"
"imdb","Cleaned_IMDBFace_Dataset_AllAge/train/nm0001096_rm2403857664_1944-3-21_2014_7.jpg","nm0001096_rm2403857664_1944-3-21_2014_7.jpg","7","Surprise"
"imdb","Cleaned_IMDBFace_Dataset_AllAge/train/nm0000928_rm2818409216_1955-6-6_2010_2.jpg","nm0000928_rm2818409216_1955-6-6_2010_2.jpg","2","Disgust"
"imdb","Cleaned_IMDBFace_Dataset_AllAge/train/nm0001424_rm113219584_1944-10-14_1999_7.jpg","nm0001424_rm113219584_1944-10-14_1999_7.jpg","7","Surprise"
"imdb","Cleaned_IMDBFace_Dataset_AllAge/train/nm0005575_rm2135736832_1964-3-30_2014_0.jpg","nm0005575_rm2135736832_1964-3-30_2014_0.jpg","0","Anger"
"imdb","Cleaned_IMDBFace_Dataset_AllAge/train/nm0000142_rm811511808_1930-5-31_1985_0.jpg","nm0000142_rm811511808_1930-5-31_1985_0.jpg","0","Anger"
"imdb","Cleaned_IMDBFace_Dataset_AllAge/train/nm0000228_rm2673575936_1959-7-26_2009_6.jpg","nm0000228_rm2673575936_1959-7-26_2009_6.jpg","6","Sadness"
"imdb","Cleaned_IMDBFace_Dataset_AllAge/train/nm0000141_rm3978753024_1960-8-7_2015_6.jpg","nm0000141_rm3978753024_1960-8-7_2015_6.jpg","6","Sadness"
"imdb","Cleaned_IMDBFace_Dataset_AllAge/train/nm0936762_rm2343877120_1942-1-27_2002_7.jpg","nm0936762_rm2343877120_1942-1-27_2002_7.jpg","7","Surprise"
"imdb","Cleaned_IMDBFace_Dataset_AllAge/train/nm0000177_rm3341457664_1947-10-24_1997_6.jpg","nm0000177_rm3341457664_1947-10-24_1997_6.jpg","6","Sadness"
"imdb","Cleaned_IMDBFace_Dataset_AllAge/train/nm0001822_rm1881185536_1930-2-10_2005_0.jpg","nm0001822_rm1881185536_1930-2-10_2005_0.jpg","0","Anger"
"imdb","Cleaned_IMDBFace_Dataset_AllAge/train/nm0722631_rm1758242560_1963-12-19_2013_6.jpg","nm0722631_rm1758242560_1963-12-19_2013_6.jpg","6","Sadness"
"imdb","Cleaned_IMDBFace_Dataset_AllAge/train/nm0000215_rm3798448896_1946-10-4_2006_7.jpg","nm0000215_rm3798448896_1946-10-4_2006_7.jpg","7","Surprise"
"imdb","Cleaned_IMDBFace_Dataset_AllAge/train/nm0075359_rm2933184000_1955-12-16_2010_6.jpg","nm0075359_rm2933184000_1955-12-16_2010_6.jpg","6","Sadness"
"imdb","Cleaned_IMDBFace_Dataset_AllAge/train/nm0000125_rm1814804736_1930-8-25_2000_6.jpg","nm0000125_rm1814804736_1930-8-25_2000_6.jpg","6","Sadness"
"imdb","Cleaned_IMDBFace_Dataset_AllAge/train/nm0411964_rm863148288_1957-8-15_2007_6.jpg","nm0411964_rm863148288_1957-8-15_2007_6.jpg","6","Sadness"
"imdb","Cleaned_IMDBFace_Dataset_AllAge/train/nm0000216_rm2729023744_1947-7-30_2002_6.jpg","nm0000216_rm2729023744_1947-7-30_2002_6.jpg","6","Sadness"
"imdb","Cleaned_IMDBFace_Dataset_AllAge/train/nm0001354_rm2900482304_1953-2-9_2013_0.jpg","nm0001354_rm2900482304_1953-2-9_2013_0.jpg","0","Anger"
"imdb","Cleaned_IMDBFace_Dataset_AllAge/train/nm0000631_rm928036096_1937-11-30_2012_1.jpg","nm0000631_rm928036096_1937-11-30_2012_1.jpg","1","Contempt"
"imdb","Cleaned_IMDBFace_Dataset_AllAge/train/nm0000367_rm3376855552_1948-12-27_1998_1.jpg","nm0000367_rm3376855552_1948-12-27_1998_1.jpg","1","Contempt"
"imdb","Cleaned_IMDBFace_Dataset_AllAge/train/nm0300064_rm4225300224_1904-5-17_1964_6.jpg","nm0300064_rm4225300224_1904-5-17_1964_6.jpg","6","Sadness"
"imdb","Cleaned_IMDBFace_Dataset_AllAge/train/nm0000047_rm1581239808_1934-9-20_2014_5.jpg","nm0000047_rm1581239808_1934-9-20_2014_5.jpg","5","Neutral"
"imdb","Cleaned_IMDBFace_Dataset_AllAge/train/nm0000158_rm2605161216_1956-7-9_2006_6.jpg","nm0000158_rm2605161216_1956-7-9_2006_6.jpg","6","Sadness"
"imdb","Cleaned_IMDBFace_Dataset_AllAge/train/nm0000095_rm3955356672_1935-12-1_2015_0.jpg","nm0000095_rm3955356672_1935-12-1_2015_0.jpg","0","Anger"
"imdb","Cleaned_IMDBFace_Dataset_AllAge/train/nm0000609_rm2240186624_1959-5-12_2009_2.jpg","nm0000609_rm2240186624_1959-5-12_2009_2.jpg","2","Disgust"
"imdb","Cleaned_IMDBFace_Dataset_AllAge/train/nm0913822_rm3724004864_1959-10-21_2014_0.jpg","nm0913822_rm3724004864_1959-10-21_2014_0.jpg","0","Anger"
"imdb","Cleaned_IMDBFace_Dataset_AllAge/train/nm0064769_rm3536620544_1950-8-12_2005_6.jpg","nm0064769_rm3536620544_1950-8-12_2005_6.jpg","6","Sadness"
"imdb","Cleaned_IMDBFace_Dataset_AllAge/train/nm0636562_rm214403328_1954-11-13_2009_0.jpg","nm0636562_rm214403328_1954-11-13_2009_0.jpg","0","Anger"
"imdb","Cleaned_IMDBFace_Dataset_AllAge/train/nm0265670_rm1451670016_1949-6-10_2004_0.jpg","nm0265670_rm1451670016_1949-6-10_2004_0.jpg","0","Anger"
"imdb","Cleaned_IMDBFace_Dataset_AllAge/train/nm0000093_rm1962910720_1963-12-18_2013_5.jpg","nm0000093_rm1962910720_1963-12-18_2013_5.jpg","5","Neutral"
"imdb","Cleaned_IMDBFace_Dataset_AllAge/train/nm0000156_rm1448188160_1952-10-22_2007_3.jpg","nm0000156_rm1448188160_1952-10-22_2007_3.jpg","3","Fear"
"imdb","Cleaned_IMDBFace_Dataset_AllAge/train/nm0000128_rm4032034304_1964-4-7_2014_6.jpg","nm0000128_rm4032034304_1964-4-7_2014_6.jpg","6","Sadness"
"imdb","Cleaned_IMDBFace_Dataset_AllAge/train/nm0000489_rm872725248_1922-5-27_2002_6.jpg","nm0000489_rm872725248_1922-5-27_2002_6.jpg","6","Sadness"
"imdb","Cleaned_IMDBFace_Dataset_AllAge/train/nm0000545_rm3893477120_1945-7-26_2010_2.jpg","nm0000545_rm3893477120_1945-7-26_2010_2.jpg","2","Disgust"
"imdb","Cleaned_IMDBFace_Dataset_AllAge/train/nm0001845_rm2934945792_1961-7-15_2011_7.jpg","nm0001845_rm2934945792_1961-7-15_2011_7.jpg","7","Surprise"
"imdb","Cleaned_IMDBFace_Dataset_AllAge/train/nm0000163_rm228830208_1937-8-8_2012_6.jpg","nm0000163_rm228830208_1937-8-8_2012_6.jpg","6","Sadness"
"imdb","Cleaned_IMDBFace_Dataset_AllAge/train/nm0606487_rm490920704_1963-4-8_2013_0.jpg","nm0606487_rm490920704_1963-4-8_2013_0.jpg","0","Anger"
"imdb","Cleaned_IMDBFace_Dataset_AllAge/train/nm0364711_rm1723302144_1949-10-20_2004_3.jpg","nm0364711_rm1723302144_1949-10-20_2004_3.jpg","3","Fear"
"imdb","Cleaned_IMDBFace_Dataset_AllAge/train/nm0759898_rm2449785856_1960-0-0_2014_6.jpg","nm0759898_rm2449785856_1960-0-0_2014_6.jpg","6","Sadness"
"imdb","Cleaned_IMDBFace_Dataset_AllAge/train/nm0001845_rm2255272704_1961-7-15_2011_3.jpg","nm0001845_rm2255272704_1961-7-15_2011_3.jpg","3","Fear"
"imdb","Cleaned_IMDBFace_Dataset_AllAge/train/nm0000230_rm2762259200_1946-7-6_2006_0.jpg","nm0000230_rm2762259200_1946-7-6_2006_0.jpg","0","Anger"
"imdb","Cleaned_IMDBFace_Dataset_AllAge/train/nm0799777_rm596371968_1955-1-9_2015_3.jpg","nm0799777_rm596371968_1955-1-9_2015_3.jpg","3","Fear"
"imdb","Cleaned_IMDBFace_Dataset_AllAge/train/nm0633604_rm346918400_1948-8-20_2008_3.jpg","nm0633604_rm346918400_1948-8-20_2008_3.jpg","3","Fear"
"imdb","Cleaned_IMDBFace_Dataset_AllAge/train/nm0000299_rm215595520_1956-7-31_2011_0.jpg","nm0000299_rm215595520_1956-7-31_2011_0.jpg","0","Anger"
"imdb","Cleaned_IMDBFace_Dataset_AllAge/train/nm0002091_rm3534549248_1940-10-19_2015_7.jpg","nm0002091_rm3534549248_1940-10-19_2015_7.jpg","7","Surprise"
"imdb","Cleaned_IMDBFace_Dataset_AllAge/train/nm0000093_rm157656832_1963-12-18_2013_5.jpg","nm0000093_rm157656832_1963-12-18_2013_5.jpg","5","Neutral"
"imdb","Cleaned_IMDBFace_Dataset_AllAge/train/nm0000102_rm3298599424_1958-7-8_2013_0.jpg","nm0000102_rm3298599424_1958-7-8_2013_0.jpg","0","Anger"
"imdb","Cleaned_IMDBFace_Dataset_AllAge/train/nm0005575_rm1967964672_1964-3-30_2014_3.jpg","nm0005575_rm1967964672_1964-3-30_2014_3.jpg","3","Fear"
"imdb","Cleaned_IMDBFace_Dataset_AllAge/train/nm0000458_rm3760828416_1950-3-20_2005_6.jpg","nm0000458_rm3760828416_1950-3-20_2005_6.jpg","6","Sadness"
"imdb","Cleaned_IMDBFace_Dataset_AllAge/train/nm0000347_rm3392900608_1946-4-19_1996_0.jpg","nm0000347_rm3392900608_1946-4-19_1996_0.jpg","0","Anger"
"imdb","Cleaned_IMDBFace_Dataset_AllAge/train/nm0000127_rm4021402112_1939-8-2_1994_1.jpg","nm0000127_rm4021402112_1939-8-2_1994_1.jpg","1","Contempt"
"imdb","Cleaned_IMDBFace_Dataset_AllAge/train/nm0001780_rm2214508800_1953-8-27_2008_6.jpg","nm0001780_rm2214508800_1953-8-27_2008_6.jpg","6","Sadness"
"imdb","Cleaned_IMDBFace_Dataset_AllAge/train/nm0002138_rm4013529088_1946-2-14_1996_7.jpg","nm0002138_rm4013529088_1946-2-14_1996_7.jpg","7","Surprise"
"imdb","Cleaned_IMDBFace_Dataset_AllAge/train/nm0827663_rm1086574848_1957-8-28_2012_7.jpg","nm0827663_rm1086574848_1957-8-28_2012_7.jpg","7","Surprise"
"imdb","Cleaned_IMDBFace_Dataset_AllAge/train/nm0000638_rm3114833920_1931-3-22_2006_6.jpg","nm0000638_rm3114833920_1931-3-22_2006_6.jpg","6","Sadness"
"imdb","Cleaned_IMDBFace_Dataset_AllAge/train/nm0000560_rm481073408_1941-2-8_2006_6.jpg","nm0000560_rm481073408_1941-2-8_2006_6.jpg","6","Sadness"
"imdb","Cleaned_IMDBFace_Dataset_AllAge/train/nm0000693_rm4253136128_1947-6-24_2012_0.jpg","nm0000693_rm4253136128_1947-6-24_2012_0.jpg","0","Anger"
"imdb","Cleaned_IMDBFace_Dataset_AllAge/train/nm0000293_rm1469026048_1959-4-17_2009_6.jpg","nm0000293_rm1469026048_1959-4-17_2009_6.jpg","6","Sadness"
"imdb","Cleaned_IMDBFace_Dataset_AllAge/train/nm0000216_rm2031135488_1947-7-30_2012_2.jpg","nm0000216_rm2031135488_1947-7-30_2012_2.jpg","2","Disgust"
"imdb","Cleaned_IMDBFace_Dataset_AllAge/train/nm0000134_rm1735234560_1943-8-17_2008_6.jpg","nm0000134_rm1735234560_1943-8-17_2008_6.jpg","6","Sadness"
"imdb","Cleaned_IMDBFace_Dataset_AllAge/train/nm0000078_rm797356800_1907-5-26_1972_6.jpg","nm0000078_rm797356800_1907-5-26_1972_6.jpg","6","Sadness"
"imdb","Cleaned_IMDBFace_Dataset_AllAge/train/nm0005052_rm1126674432_1952-8-26_2002_6.jpg","nm0005052_rm1126674432_1952-8-26_2002_6.jpg","6","Sadness"
"imdb","Cleaned_IMDBFace_Dataset_AllAge/train/nm0000102_rm1705945856_1958-7-8_2013_0.jpg","nm0000102_rm1705945856_1958-7-8_2013_0.jpg","0","Anger"
"imdb","Cleaned_IMDBFace_Dataset_AllAge/train/nm0005216_rm825864448_1961-8-5_2011_6.jpg","nm0005216_rm825864448_1961-8-5_2011_6.jpg","6","Sadness"
"imdb","Cleaned_IMDBFace_Dataset_AllAge/train/nm0000148_rm2186975488_1942-7-13_2002_0.jpg","nm0000148_rm2186975488_1942-7-13_2002_0.jpg","0","Anger"
"imdb","Cleaned_IMDBFace_Dataset_AllAge/train/nm0001824_rm2339683840_1961-8-25_2011_6.jpg","nm0001824_rm2339683840_1961-8-25_2011_6.jpg","6","Sadness"
"imdb","Cleaned_IMDBFace_Dataset_AllAge/train/nm0001015_rm2012389888_1961-4-14_2011_6.jpg","nm0001015_rm2012389888_1961-4-14_2011_6.jpg","6","Sadness"
"imdb","Cleaned_IMDBFace_Dataset_AllAge/train/nm0000148_rm1530760704_1942-7-13_1997_3.jpg","nm0000148_rm1530760704_1942-7-13_1997_3.jpg","3","Fear"
"imdb","Cleaned_IMDBFace_Dataset_AllAge/train/nm0000323_rm2371848960_1933-3-14_2008_6.jpg","nm0000323_rm2371848960_1933-3-14_2008_6.jpg","6","Sadness"
"imdb","Cleaned_IMDBFace_Dataset_AllAge/train/nm0005078_rm2665986048_1941-6-2_2011_7.jpg","nm0005078_rm2665986048_1941-6-2_2011_7.jpg","7","Surprise"
"imdb","Cleaned_IMDBFace_Dataset_AllAge/train/nm0148516_rm3489988096_1964-6-3_2014_6.jpg","nm0148516_rm3489988096_1964-6-3_2014_6.jpg","6","Sadness"
"imdb","Cleaned_IMDBFace_Dataset_AllAge/train/nm0000398_rm1237091840_1946-11-6_2006_0.jpg","nm0000398_rm1237091840_1946-11-6_2006_0.jpg","0","Anger"
"imdb","Cleaned_IMDBFace_Dataset_AllAge/train/nm0000836_rm711194368_1954-10-9_2014_6.jpg","nm0000836_rm711194368_1954-10-9_2014_6.jpg","6","Sadness"
"imdb","Cleaned_IMDBFace_Dataset_AllAge/train/nm0000129_rm1346350080_1962-7-3_2012_0.jpg","nm0000129_rm1346350080_1962-7-3_2012_0.jpg","0","Anger"
"imdb","Cleaned_IMDBFace_Dataset_AllAge/train/nm0001831_rm431012352_1941-7-29_1991_3.jpg","nm0001831_rm431012352_1941-7-29_1991_3.jpg","3","Fear"
"imdb","Cleaned_IMDBFace_Dataset_AllAge/train/nm0001075_rm455314944_1941-10-10_1991_2.jpg","nm0001075_rm455314944_1941-10-10_1991_2.jpg","2","Disgust"
"imdb","Cleaned_IMDBFace_Dataset_AllAge/train/nm0000375_rm598274560_1965-4-4_2015_0.jpg","nm0000375_rm598274560_1965-4-4_2015_0.jpg","0","Anger"
"imdb","Cleaned_IMDBFace_Dataset_AllAge/train/nm0001696_rm2257508352_1958-1-4_2013_7.jpg","nm0001696_rm2257508352_1958-1-4_2013_7.jpg","7","Surprise"
"imdb","Cleaned_IMDBFace_Dataset_AllAge/train/nm0000237_rm2320930816_1954-2-18_2004_1.jpg","nm0000237_rm2320930816_1954-2-18_2004_1.jpg","1","Contempt"
"imdb","Cleaned_IMDBFace_Dataset_AllAge/train/nm0000323_rm2242287872_1933-3-14_2003_7.jpg","nm0000323_rm2242287872_1933-3-14_2003_7.jpg","7","Surprise"
"imdb","Cleaned_IMDBFace_Dataset_AllAge/train/nm0001624_rm3944582400_1960-1-12_2010_0.jpg","nm0001624_rm3944582400_1960-1-12_2010_0.jpg","0","Anger"
"imdb","Cleaned_IMDBFace_Dataset_AllAge/train/nm0000188_rm1039112448_1945-8-14_2005_3.jpg","nm0000188_rm1039112448_1945-8-14_2005_3.jpg","3","Fear"
"imdb","Cleaned_IMDBFace_Dataset_AllAge/train/nm0000186_rm3222575872_1946-1-20_2001_6.jpg","nm0000186_rm3222575872_1946-1-20_2001_6.jpg","6","Sadness"
"imdb","Cleaned_IMDBFace_Dataset_AllAge/train/nm0000059_rm2835133184_1907-5-22_1972_1.jpg","nm0000059_rm2835133184_1907-5-22_1972_1.jpg","1","Contempt"
"imdb","Cleaned_IMDBFace_Dataset_AllAge/train/nm0000427_rm1763281408_1949-5-26_2004_0.jpg","nm0000427_rm1763281408_1949-5-26_2004_0.jpg","0","Anger"
"imdb","Cleaned_IMDBFace_Dataset_AllAge/train/nm0000602_rm546740480_1936-8-18_2001_3.jpg","nm0000602_rm546740480_1936-8-18_2001_3.jpg","3","Fear"
"imdb","Cleaned_IMDBFace_Dataset_AllAge/train/nm0000095_rm46658560_1935-12-1_2015_6.jpg","nm0000095_rm46658560_1935-12-1_2015_6.jpg","6","Sadness"
"imdb","Cleaned_IMDBFace_Dataset_AllAge/train/nm0001851_rm2870327808_1948-12-6_2003_2.jpg","nm0001851_rm2870327808_1948-12-6_2003_2.jpg","2","Disgust"
"imdb","Cleaned_IMDBFace_Dataset_AllAge/train/nm0001648_rm4035819776_1946-2-5_2011_6.jpg","nm0001648_rm4035819776_1946-2-5_2011_6.jpg","6","Sadness"
"imdb","Cleaned_IMDBFace_Dataset_AllAge/train/nm0000302_rm811238656_1944-9-13_2004_6.jpg","nm0000302_rm811238656_1944-9-13_2004_6.jpg","6","Sadness"
"imdb","Cleaned_IMDBFace_Dataset_AllAge/train/nm0005049_rm1878377984_1959-11-19_2014_7.jpg","nm0005049_rm1878377984_1959-11-19_2014_7.jpg","7","Surprise"
"imdb","Cleaned_IMDBFace_Dataset_AllAge/train/nm0004883_rm225029376_1963-9-25_2013_6.jpg","nm0004883_rm225029376_1963-9-25_2013_6.jpg","6","Sadness"
"imdb","Cleaned_IMDBFace_Dataset_AllAge/train/nm0000553_rm3597904384_1952-6-7_2012_0.jpg","nm0000553_rm3597904384_1952-6-7_2012_0.jpg","0","Anger"
"imdb","Cleaned_IMDBFace_Dataset_AllAge/train/nm0001617_rm3062081280_1962-2-17_2012_0.jpg","nm0001617_rm3062081280_1962-2-17_2012_0.jpg","0","Anger"
"imdb","Cleaned_IMDBFace_Dataset_AllAge/train/nm0256237_rm746557184_1954-9-7_2004_2.jpg","nm0256237_rm746557184_1954-9-7_2004_2.jpg","2","Disgust"
"imdb","Cleaned_IMDBFace_Dataset_AllAge/train/nm0000264_rm1121224704_1949-9-25_2009_6.jpg","nm0000264_rm1121224704_1949-9-25_2009_6.jpg","6","Sadness"
"imdb","Cleaned_IMDBFace_Dataset_AllAge/train/nm0000335_rm2189199872_1947-3-19_2007_6.jpg","nm0000335_rm2189199872_1947-3-19_2007_6.jpg","6","Sadness"
"imdb","Cleaned_IMDBFace_Dataset_AllAge/train/nm0000060_rm613010944_1916-4-5_1966_0.jpg","nm0000060_rm613010944_1916-4-5_1966_0.jpg","0","Anger"
"imdb","Cleaned_IMDBFace_Dataset_AllAge/train/nm0000513_rm4148926976_1950-3-13_2005_7.jpg","nm0000513_rm4148926976_1950-3-13_2005_7.jpg","7","Surprise"
"imdb","Cleaned_IMDBFace_Dataset_AllAge/train/nm0795723_rm4130335232_1958-4-4_2013_6.jpg","nm0795723_rm4130335232_1958-4-4_2013_6.jpg","6","Sadness"
"imdb","Cleaned_IMDBFace_Dataset_AllAge/train/nm0001127_rm1936046336_1956-3-13_2011_0.jpg","nm0001127_rm1936046336_1956-3-13_2011_0.jpg","0","Anger"
"imdb","Cleaned_IMDBFace_Dataset_AllAge/train/nm0001492_rm2036171264_1959-2-22_2009_2.jpg","nm0001492_rm2036171264_1959-2-22_2009_2.jpg","2","Disgust"
"imdb","Cleaned_IMDBFace_Dataset_AllAge/train/nm0001845_rm820034304_1961-7-15_2011_6.jpg","nm0001845_rm820034304_1961-7-15_2011_6.jpg","6","Sadness"
"imdb","Cleaned_IMDBFace_Dataset_AllAge/train/nm0000102_rm2777477120_1958-7-8_2013_6.jpg","nm0000102_rm2777477120_1958-7-8_2013_6.jpg","6","Sadness"
"imdb","Cleaned_IMDBFace_Dataset_AllAge/train/nm0001845_rm3281500160_1961-7-15_2011_6.jpg","nm0001845_rm3281500160_1961-7-15_2011_6.jpg","6","Sadness"
"imdb","Cleaned_IMDBFace_Dataset_AllAge/train/nm0170306_rm1610073600_1964-5-13_2014_7.jpg","nm0170306_rm1610073600_1964-5-13_2014_7.jpg","7","Surprise"
"imdb","Cleaned_IMDBFace_Dataset_AllAge/train/nm0740264_rm3196825088_1955-4-6_2010_7.jpg","nm0740264_rm3196825088_1955-4-6_2010_7.jpg","7","Surprise"
"imdb","Cleaned_IMDBFace_Dataset_AllAge/train/nm0000598_rm761760000_1954-4-9_2009_0.jpg","nm0000598_rm761760000_1954-4-9_2009_0.jpg","0","Anger"
"imdb","Cleaned_IMDBFace_Dataset_AllAge/train/nm0000633_rm3491921920_1945-1-29_2010_6.jpg","nm0000633_rm3491921920_1945-1-29_2010_6.jpg","6","Sadness"
"imdb","Cleaned_IMDBFace_Dataset_AllAge/train/nm0075359_rm2854519040_1955-12-16_2010_6.jpg","nm0075359_rm2854519040_1955-12-16_2010_6.jpg","6","Sadness"
"imdb","Cleaned_IMDBFace_Dataset_AllAge/train/nm0000980_rm2793573120_1949-5-24_2009_3.jpg","nm0000980_rm2793573120_1949-5-24_2009_3.jpg","3","Fear"
"imdb","Cleaned_IMDBFace_Dataset_AllAge/train/nm0000102_rm1812657920_1958-7-8_2013_5.jpg","nm0000102_rm1812657920_1958-7-8_2013_5.jpg","5","Neutral"
"imdb","Cleaned_IMDBFace_Dataset_AllAge/train/nm0000146_rm204449792_1962-12-22_2012_6.jpg","nm0000146_rm204449792_1962-12-22_2012_6.jpg","6","Sadness"
"imdb","Cleaned_IMDBFace_Dataset_AllAge/train/nm0000291_rm3993215744_1958-8-16_2013_0.jpg","nm0000291_rm3993215744_1958-8-16_2013_0.jpg","0","Anger"
"imdb","Cleaned_IMDBFace_Dataset_AllAge/train/nm0005212_rm4111988992_1939-5-25_2014_6.jpg","nm0005212_rm4111988992_1939-5-25_2014_6.jpg","6","Sadness"
"imdb","Cleaned_IMDBFace_Dataset_AllAge/train/nm0573481_rm4049382656_1952-4-15_2012_6.jpg","nm0573481_rm4049382656_1952-4-15_2012_6.jpg","6","Sadness"
"imdb","Cleaned_IMDBFace_Dataset_AllAge/train/nm0001845_rm3284449536_1961-7-15_2011_6.jpg","nm0001845_rm3284449536_1961-7-15_2011_6.jpg","6","Sadness"
"imdb","Cleaned_IMDBFace_Dataset_AllAge/train/nm0759898_rm2667889664_1960-0-0_2014_0.jpg","nm0759898_rm2667889664_1960-0-0_2014_0.jpg","0","Anger"
"imdb","Cleaned_IMDBFace_Dataset_AllAge/train/nm0000201_rm2411963392_1958-4-29_2013_6.jpg","nm0000201_rm2411963392_1958-4-29_2013_6.jpg","6","Sadness"
"imdb","Cleaned_IMDBFace_Dataset_AllAge/train/nm0000401_rm3597057024_1961-7-30_2011_6.jpg","nm0000401_rm3597057024_1961-7-30_2011_6.jpg","6","Sadness"
"imdb","Cleaned_IMDBFace_Dataset_AllAge/train/nm0000102_rm3126045952_1958-7-8_2013_5.jpg","nm0000102_rm3126045952_1958-7-8_2013_5.jpg","5","Neutral"
"imdb","Cleaned_IMDBFace_Dataset_AllAge/train/nm0504897_rm1014343168_1962-6-27_2012_0.jpg","nm0504897_rm1014343168_1962-6-27_2012_0.jpg","0","Anger"
"imdb","Cleaned_IMDBFace_Dataset_AllAge/train/nm0000418_rm1860548608_1946-7-22_2011_0.jpg","nm0000418_rm1860548608_1946-7-22_2011_0.jpg","0","Anger"
"imdb","Cleaned_IMDBFace_Dataset_AllAge/train/nm0000634_rm527926272_1925-9-8_1975_6.jpg","nm0000634_rm527926272_1925-9-8_1975_6.jpg","6","Sadness"
"imdb","Cleaned_IMDBFace_Dataset_AllAge/train/nm0170306_rm4076258816_1964-5-13_2014_0.jpg","nm0170306_rm4076258816_1964-5-13_2014_0.jpg","0","Anger"
"imdb","Cleaned_IMDBFace_Dataset_AllAge/train/nm0000598_rm1185846528_1954-4-9_2009_7.jpg","nm0000598_rm1185846528_1954-4-9_2009_7.jpg","7","Surprise"
"imdb","Cleaned_IMDBFace_Dataset_AllAge/train/nm0003817_rm3408637952_1957-12-10_2012_6.jpg","nm0003817_rm3408637952_1957-12-10_2012_6.jpg","6","Sadness"
"imdb","Cleaned_IMDBFace_Dataset_AllAge/train/nm0342029_rm3948717056_1963-6-8_2013_3.jpg","nm0342029_rm3948717056_1963-6-8_2013_3.jpg","3","Fear"
"imdb","Cleaned_IMDBFace_Dataset_AllAge/train/nm0633604_rm3906842368_1948-8-20_2008_6.jpg","nm0633604_rm3906842368_1948-8-20_2008_6.jpg","6","Sadness"
"imdb","Cleaned_IMDBFace_Dataset_AllAge/train/nm0000459_rm1347023616_1960-8-16_2015_6.jpg","nm0000459_rm1347023616_1960-8-16_2015_6.jpg","6","Sadness"
"imdb","Cleaned_IMDBFace_Dataset_AllAge/train/nm0000246_rm2691600128_1955-3-19_2010_2.jpg","nm0000246_rm2691600128_1955-3-19_2010_2.jpg","2","Disgust"
"imdb","Cleaned_IMDBFace_Dataset_AllAge/train/nm0000128_rm331139840_1964-4-7_2014_6.jpg","nm0000128_rm331139840_1964-4-7_2014_6.jpg","6","Sadness"
"imdb","Cleaned_IMDBFace_Dataset_AllAge/train/nm0000928_rm1526563584_1955-6-6_2010_2.jpg","nm0000928_rm1526563584_1955-6-6_2010_2.jpg","2","Disgust"
"imdb","Cleaned_IMDBFace_Dataset_AllAge/train/nm0003817_rm3636499456_1957-12-10_2007_6.jpg","nm0003817_rm3636499456_1957-12-10_2007_6.jpg","6","Sadness"
"imdb","Cleaned_IMDBFace_Dataset_AllAge/train/nm0000362_rm3918698752_1944-11-17_1994_7.jpg","nm0000362_rm3918698752_1944-11-17_1994_7.jpg","7","Surprise"
"imdb","Cleaned_IMDBFace_Dataset_AllAge/train/nm0001634_rm2412286976_1952-12-25_2002_2.jpg","nm0001634_rm2412286976_1952-12-25_2002_2.jpg","2","Disgust"
"imdb","Cleaned_IMDBFace_Dataset_AllAge/train/nm0000172_rm2733750784_1939-5-13_2004_6.jpg","nm0000172_rm2733750784_1939-5-13_2004_6.jpg","6","Sadness"
"imdb","Cleaned_IMDBFace_Dataset_AllAge/train/nm0000102_rm2865485568_1958-7-8_2013_5.jpg","nm0000102_rm2865485568_1958-7-8_2013_5.jpg","5","Neutral"
"imdb","Cleaned_IMDBFace_Dataset_AllAge/train/nm0000685_rm1413257216_1938-12-29_2008_6.jpg","nm0000685_rm1413257216_1938-12-29_2008_6.jpg","6","Sadness"
"imdb","Cleaned_IMDBFace_Dataset_AllAge/train/nm0574615_rm1948366336_1961-1-3_2011_3.jpg","nm0574615_rm1948366336_1961-1-3_2011_3.jpg","3","Fear"
"imdb","Cleaned_IMDBFace_Dataset_AllAge/train/nm0000244_rm4153771264_1949-10-8_2009_0.jpg","nm0000244_rm4153771264_1949-10-8_2009_0.jpg","0","Anger"
"imdb","Cleaned_IMDBFace_Dataset_AllAge/train/nm0027402_rm4284536576_1945-5-13_2010_3.jpg","nm0027402_rm4284536576_1945-5-13_2010_3.jpg","3","Fear"
"imdb","Cleaned_IMDBFace_Dataset_AllAge/train/nm0001015_rm3250037504_1961-4-14_2011_6.jpg","nm0001015_rm3250037504_1961-4-14_2011_6.jpg","6","Sadness"
"imdb","Cleaned_IMDBFace_Dataset_AllAge/train/nm0000078_rm3448079360_1907-5-26_1962_5.jpg","nm0000078_rm3448079360_1907-5-26_1962_5.jpg","5","Neutral"
"imdb","Cleaned_IMDBFace_Dataset_AllAge/train/nm0000147_rm3574761216_1960-9-10_2010_6.jpg","nm0000147_rm3574761216_1960-9-10_2010_6.jpg","6","Sadness"
"imdb","Cleaned_IMDBFace_Dataset_AllAge/train/nm0001486_rm420122112_1924-6-25_1989_3.jpg","nm0001486_rm420122112_1924-6-25_1989_3.jpg","3","Fear"
"imdb","Cleaned_IMDBFace_Dataset_AllAge/train/nm0327273_rm4242909696_1963-5-8_2013_6.jpg","nm0327273_rm4242909696_1963-5-8_2013_6.jpg","6","Sadness"
"imdb","Cleaned_IMDBFace_Dataset_AllAge/train/nm0000432_rm471961088_1930-1-30_1990_0.jpg","nm0000432_rm471961088_1930-1-30_1990_0.jpg","0","Anger"
"imdb","Cleaned_IMDBFace_Dataset_AllAge/train/nm0001426_rm2789646592_1943-12-31_2013_6.jpg","nm0001426_rm2789646592_1943-12-31_2013_6.jpg","6","Sadness"
"imdb","Cleaned_IMDBFace_Dataset_AllAge/train/nm0000095_rm1964940032_1935-12-1_2005_5.jpg","nm0000095_rm1964940032_1935-12-1_2005_5.jpg","5","Neutral"
"imdb","Cleaned_IMDBFace_Dataset_AllAge/train/nm0000313_rm2396424448_1949-12-4_2009_2.jpg","nm0000313_rm2396424448_1949-12-4_2009_2.jpg","2","Disgust"
"imdb","Cleaned_IMDBFace_Dataset_AllAge/train/nm0000980_rm3609757696_1949-5-24_2009_3.jpg","nm0000980_rm3609757696_1949-5-24_2009_3.jpg","3","Fear"
"imdb","Cleaned_IMDBFace_Dataset_AllAge/train/nm0835016_rm2133645824_1963-8-5_2013_1.jpg","nm0835016_rm2133645824_1963-8-5_2013_1.jpg","1","Contempt"
"imdb","Cleaned_IMDBFace_Dataset_AllAge/train/nm0606487_rm3523923200_1963-4-8_2013_3.jpg","nm0606487_rm3523923200_1963-4-8_2013_3.jpg","3","Fear"
"imdb","Cleaned_IMDBFace_Dataset_AllAge/train/nm0000140_rm1398132224_1944-9-25_2014_3.jpg","nm0000140_rm1398132224_1944-9-25_2014_3.jpg","3","Fear"
"imdb","Cleaned_IMDBFace_Dataset_AllAge/train/nm0005130_rm3972376064_1961-6-29_2011_6.jpg","nm0005130_rm3972376064_1961-6-29_2011_6.jpg","6","Sadness"
"imdb","Cleaned_IMDBFace_Dataset_AllAge/train/nm0000200_rm3318937088_1955-5-17_2015_2.jpg","nm0000200_rm3318937088_1955-5-17_2015_2.jpg","2","Disgust"
"imdb","Cleaned_IMDBFace_Dataset_AllAge/train/nm0429760_rm2068812800_1939-12-20_2004_6.jpg","nm0429760_rm2068812800_1939-12-20_2004_6.jpg","6","Sadness"
"imdb","Cleaned_IMDBFace_Dataset_AllAge/train/nm0065007_rm2236598016_1963-8-1_2013_6.jpg","nm0065007_rm2236598016_1963-8-1_2013_6.jpg","6","Sadness"
"imdb","Cleaned_IMDBFace_Dataset_AllAge/train/nm0000148_rm3160054016_1942-7-13_2002_6.jpg","nm0000148_rm3160054016_1942-7-13_2002_6.jpg","6","Sadness"
"imdb","Cleaned_IMDBFace_Dataset_AllAge/train/nm0000102_rm2847601664_1958-7-8_2013_2.jpg","nm0000102_rm2847601664_1958-7-8_2013_2.jpg","2","Disgust"
"imdb","Cleaned_IMDBFace_Dataset_AllAge/train/nm0000164_rm2011011840_1937-12-31_2007_6.jpg","nm0000164_rm2011011840_1937-12-31_2007_6.jpg","6","Sadness"
"imdb","Cleaned_IMDBFace_Dataset_AllAge/train/nm0001385_rm153521664_1943-3-29_1993_7.jpg","nm0001385_rm153521664_1943-3-29_1993_7.jpg","7","Surprise"
"imdb","Cleaned_IMDBFace_Dataset_AllAge/train/nm0000168_rm2554370304_1948-12-21_2003_1.jpg","nm0000168_rm2554370304_1948-12-21_2003_1.jpg","1","Contempt"
"imdb","Cleaned_IMDBFace_Dataset_AllAge/train/nm0564724_rm1760935168_1933-9-19_2003_6.jpg","nm0564724_rm1760935168_1933-9-19_2003_6.jpg","6","Sadness"
"imdb","Cleaned_IMDBFace_Dataset_AllAge/train/nm0000093_rm1868997632_1963-12-18_2013_1.jpg","nm0000093_rm1868997632_1963-12-18_2013_1.jpg","1","Contempt"
"imdb","Cleaned_IMDBFace_Dataset_AllAge/train/nm0002091_rm2387510272_1940-10-19_2010_7.jpg","nm0002091_rm2387510272_1940-10-19_2010_7.jpg","7","Surprise"
"imdb","Cleaned_IMDBFace_Dataset_AllAge/train/nm0005348_rm4240739584_1922-3-20_2007_0.jpg","nm0005348_rm4240739584_1922-3-20_2007_0.jpg","0","Anger"
"imdb","Cleaned_IMDBFace_Dataset_AllAge/train/nm0633604_rm1197256448_1948-8-20_2008_6.jpg","nm0633604_rm1197256448_1948-8-20_2008_6.jpg","6","Sadness"
"imdb","Cleaned_IMDBFace_Dataset_AllAge/train/nm0000321_rm3266442240_1950-5-12_2015_1.jpg","nm0000321_rm3266442240_1950-5-12_2015_1.jpg","1","Contempt"
"imdb","Cleaned_IMDBFace_Dataset_AllAge/train/nm0654110_rm135381760_1964-10-3_2014_6.jpg","nm0654110_rm135381760_1964-10-3_2014_6.jpg","6","Sadness"
"imdb","Cleaned_IMDBFace_Dataset_AllAge/train/nm0853079_rm2508499456_1963-0-0_2012_7.jpg","nm0853079_rm2508499456_1963-0-0_2012_7.jpg","7","Surprise"
"imdb","Cleaned_IMDBFace_Dataset_AllAge/train/nm0000140_rm2355661056_1944-9-25_2009_3.jpg","nm0000140_rm2355661056_1944-9-25_2009_3.jpg","3","Fear"
"imdb","Cleaned_IMDBFace_Dataset_AllAge/train/nm0000316_rm107330048_1926-6-28_1991_6.jpg","nm0000316_rm107330048_1926-6-28_1991_6.jpg","6","Sadness"
"imdb","Cleaned_IMDBFace_Dataset_AllAge/train/nm0005432_rm2255792640_1957-10-4_2012_7.jpg","nm0005432_rm2255792640_1957-10-4_2012_7.jpg","7","Surprise"
"imdb","Cleaned_IMDBFace_Dataset_AllAge/train/nm0006888_rm1958982144_1951-4-12_2011_2.jpg","nm0006888_rm1958982144_1951-4-12_2011_2.jpg","2","Disgust"
"imdb","Cleaned_IMDBFace_Dataset_AllAge/train/nm0000134_rm4276659456_1943-8-17_2013_6.jpg","nm0000134_rm4276659456_1943-8-17_2013_6.jpg","6","Sadness"
"imdb","Cleaned_IMDBFace_Dataset_AllAge/train/nm0002075_rm3127032576_1916-9-28_1971_7.jpg","nm0002075_rm3127032576_1916-9-28_1971_7.jpg","7","Surprise"
"imdb","Cleaned_IMDBFace_Dataset_AllAge/train/nm0606487_rm1132449024_1963-4-8_2013_3.jpg","nm0606487_rm1132449024_1963-4-8_2013_3.jpg","3","Fear"
"imdb","Cleaned_IMDBFace_Dataset_AllAge/train/nm0000576_rm2360865792_1960-8-17_2015_3.jpg","nm0000576_rm2360865792_1960-8-17_2015_3.jpg","3","Fear"
"imdb","Cleaned_IMDBFace_Dataset_AllAge/train/nm0564724_rm220701440_1933-9-19_2003_6.jpg","nm0564724_rm220701440_1933-9-19_2003_6.jpg","6","Sadness"
"imdb","Cleaned_IMDBFace_Dataset_AllAge/train/nm0176869_rm2738025984_1965-10-14_2015_0.jpg","nm0176869_rm2738025984_1965-10-14_2015_0.jpg","0","Anger"
"imdb","Cleaned_IMDBFace_Dataset_AllAge/train/nm0000237_rm2796914688_1954-2-18_2009_0.jpg","nm0000237_rm2796914688_1954-2-18_2009_0.jpg","0","Anger"
"imdb","Cleaned_IMDBFace_Dataset_AllAge/train/nm0001727_rm3342519296_1927-8-9_1977_3.jpg","nm0001727_rm3342519296_1927-8-9_1977_3.jpg","3","Fear"
"imdb","Cleaned_IMDBFace_Dataset_AllAge/train/nm0000134_rm3647330560_1943-8-17_2013_6.jpg","nm0000134_rm3647330560_1943-8-17_2013_6.jpg","6","Sadness"
"imdb","Cleaned_IMDBFace_Dataset_AllAge/train/nm0000197_rm3043799040_1937-4-22_2007_2.jpg","nm0000197_rm3043799040_1937-4-22_2007_2.jpg","2","Disgust"
"imdb","Cleaned_IMDBFace_Dataset_AllAge/train/nm0001624_rm2217588480_1960-1-12_2010_1.jpg","nm0001624_rm2217588480_1960-1-12_2010_1.jpg","1","Contempt"
"imdb","Cleaned_IMDBFace_Dataset_AllAge/train/nm0000123_rm1338028800_1961-5-6_2011_6.jpg","nm0000123_rm1338028800_1961-5-6_2011_6.jpg","6","Sadness"
"imdb","Cleaned_IMDBFace_Dataset_AllAge/train/nm0000621_rm1453234432_1951-3-17_2006_3.jpg","nm0000621_rm1453234432_1951-3-17_2006_3.jpg","3","Fear"
"imdb","Cleaned_IMDBFace_Dataset_AllAge/train/nm0001004_rm1007211520_1959-7-7_2014_6.jpg","nm0001004_rm1007211520_1959-7-7_2014_6.jpg","6","Sadness"
"imdb","Cleaned_IMDBFace_Dataset_AllAge/train/nm0936762_rm2327099904_1942-1-27_2002_3.jpg","nm0936762_rm2327099904_1942-1-27_2002_3.jpg","3","Fear"
"imdb","Cleaned_IMDBFace_Dataset_AllAge/train/nm0064769_rm513785088_1950-8-12_2005_3.jpg","nm0064769_rm513785088_1950-8-12_2005_3.jpg","3","Fear"
"imdb","Cleaned_IMDBFace_Dataset_AllAge/train/nm0001556_rm63359744_1953-10-11_2013_6.jpg","nm0001556_rm63359744_1953-10-11_2013_6.jpg","6","Sadness"
"imdb","Cleaned_IMDBFace_Dataset_AllAge/train/nm0065007_rm2270152448_1963-8-1_2013_6.jpg","nm0065007_rm2270152448_1963-8-1_2013_6.jpg","6","Sadness"
"imdb","Cleaned_IMDBFace_Dataset_AllAge/train/nm0367005_rm1753061632_1948-9-24_1998_0.jpg","nm0367005_rm1753061632_1948-9-24_1998_0.jpg","0","Anger"
"imdb","Cleaned_IMDBFace_Dataset_AllAge/train/nm0240797_rm2685900800_1946-9-5_2006_3.jpg","nm0240797_rm2685900800_1946-9-5_2006_3.jpg","3","Fear"
"imdb","Cleaned_IMDBFace_Dataset_AllAge/train/nm0000980_rm3169422592_1949-5-24_2009_6.jpg","nm0000980_rm3169422592_1949-5-24_2009_6.jpg","6","Sadness"
"imdb","Cleaned_IMDBFace_Dataset_AllAge/train/nm0004979_rm1302104832_1955-6-30_2005_7.jpg","nm0004979_rm1302104832_1955-6-30_2005_7.jpg","7","Surprise"
"imdb","Cleaned_IMDBFace_Dataset_AllAge/train/nm0000134_rm2522911744_1943-8-17_2008_6.jpg","nm0000134_rm2522911744_1943-8-17_2008_6.jpg","6","Sadness"
"imdb","Cleaned_IMDBFace_Dataset_AllAge/train/nm0000125_rm958107136_1930-8-25_2000_6.jpg","nm0000125_rm958107136_1930-8-25_2000_6.jpg","6","Sadness"
"imdb","Cleaned_IMDBFace_Dataset_AllAge/train/nm0650702_rm3696287488_1960-8-6_2010_6.jpg","nm0650702_rm3696287488_1960-8-6_2010_6.jpg","6","Sadness"
"imdb","Cleaned_IMDBFace_Dataset_AllAge/train/nm0000079_rm3397229056_1940-9-5_1995_1.jpg","nm0000079_rm3397229056_1940-9-5_1995_1.jpg","1","Contempt"
"imdb","Cleaned_IMDBFace_Dataset_AllAge/train/nm0000518_rm1889051904_1953-12-9_2013_0.jpg","nm0000518_rm1889051904_1953-12-9_2013_0.jpg","0","Anger"
"imdb","Cleaned_IMDBFace_Dataset_AllAge/train/nm0633604_rm41387264_1948-8-20_2008_6.jpg","nm0633604_rm41387264_1948-8-20_2008_6.jpg","6","Sadness"
"imdb","Cleaned_IMDBFace_Dataset_AllAge/train/nm0564724_rm3378488832_1933-9-19_2003_6.jpg","nm0564724_rm3378488832_1933-9-19_2003_6.jpg","6","Sadness"
"imdb","Cleaned_IMDBFace_Dataset_AllAge/train/nm0000671_rm3070466048_1955-8-4_2005_6.jpg","nm0000671_rm3070466048_1955-8-4_2005_6.jpg","6","Sadness"
"imdb","Cleaned_IMDBFace_Dataset_AllAge/train/nm0000163_rm2838141184_1937-8-8_2002_6.jpg","nm0000163_rm2838141184_1937-8-8_2002_6.jpg","6","Sadness"
"imdb","Cleaned_IMDBFace_Dataset_AllAge/train/nm0000995_rm3853359360_1932-12-7_2002_6.jpg","nm0000995_rm3853359360_1932-12-7_2002_6.jpg","6","Sadness"
"imdb","Cleaned_IMDBFace_Dataset_AllAge/train/nm0000093_rm879141888_1963-12-18_2013_3.jpg","nm0000093_rm879141888_1963-12-18_2013_3.jpg","3","Fear"
"imdb","Cleaned_IMDBFace_Dataset_AllAge/train/nm0000169_rm1894234624_1946-9-15_2011_6.jpg","nm0000169_rm1894234624_1946-9-15_2011_6.jpg","6","Sadness"
"imdb","Cleaned_IMDBFace_Dataset_AllAge/train/nm0947447_rm790614272_1963-7-27_2013_6.jpg","nm0947447_rm790614272_1963-7-27_2013_6.jpg","6","Sadness"
"imdb","Cleaned_IMDBFace_Dataset_AllAge/train/nm0855035_rm2056489984_1955-6-15_2005_6.jpg","nm0855035_rm2056489984_1955-6-15_2005_6.jpg","6","Sadness"
"imdb","Cleaned_IMDBFace_Dataset_AllAge/train/nm0420955_rm1989849344_1947-5-4_2012_3.jpg","nm0420955_rm1989849344_1947-5-4_2012_3.jpg","3","Fear"
"imdb","Cleaned_IMDBFace_Dataset_AllAge/train/nm0000199_rm3777403648_1940-4-25_1995_7.jpg","nm0000199_rm3777403648_1940-4-25_1995_7.jpg","7","Surprise"
"imdb","Cleaned_IMDBFace_Dataset_AllAge/train/nm0000300_rm4290236160_1964-3-9_2014_7.jpg","nm0000300_rm4290236160_1964-3-9_2014_7.jpg","7","Surprise"
"imdb","Cleaned_IMDBFace_Dataset_AllAge/train/nm0000531_rm2331882752_1957-6-23_2012_6.jpg","nm0000531_rm2331882752_1957-6-23_2012_6.jpg","6","Sadness"
"imdb","Cleaned_IMDBFace_Dataset_AllAge/train/nm0000002_rm4258380288_1924-9-16_2004_5.jpg","nm0000002_rm4258380288_1924-9-16_2004_5.jpg","5","Neutral"
"imdb","Cleaned_IMDBFace_Dataset_AllAge/train/nm0001624_rm3184964864_1960-1-12_2010_7.jpg","nm0001624_rm3184964864_1960-1-12_2010_7.jpg","7","Surprise"
"imdb","Cleaned_IMDBFace_Dataset_AllAge/train/nm0001617_rm3078858496_1962-2-17_2012_3.jpg","nm0001617_rm3078858496_1962-2-17_2012_3.jpg","3","Fear"
"imdb","Cleaned_IMDBFace_Dataset_AllAge/train/nm0569226_rm2538045696_1950-7-11_2010_0.jpg","nm0569226_rm2538045696_1950-7-11_2010_0.jpg","0","Anger"
"imdb","Cleaned_IMDBFace_Dataset_AllAge/train/nm0220240_rm1007007488_1962-9-2_2012_2.jpg","nm0220240_rm1007007488_1962-9-2_2012_2.jpg","2","Disgust"
"imdb","Cleaned_IMDBFace_Dataset_AllAge/train/nm0001858_rm3884682752_1959-5-16_2009_2.jpg","nm0001858_rm3884682752_1959-5-16_2009_2.jpg","2","Disgust"
"imdb","Cleaned_IMDBFace_Dataset_AllAge/train/nm0167649_rm3721911552_1958-2-21_2008_6.jpg","nm0167649_rm3721911552_1958-2-21_2008_6.jpg","6","Sadness"
"imdb","Cleaned_IMDBFace_Dataset_AllAge/train/nm0000980_rm3309013760_1949-5-24_2009_3.jpg","nm0000980_rm3309013760_1949-5-24_2009_3.jpg","3","Fear"
"imdb","Cleaned_IMDBFace_Dataset_AllAge/train/nm0429760_rm2012919552_1939-12-20_2004_6.jpg","nm0429760_rm2012919552_1939-12-20_2004_6.jpg","6","Sadness"
"imdb","Cleaned_IMDBFace_Dataset_AllAge/train/nm0000243_rm3780823296_1954-12-28_2014_0.jpg","nm0000243_rm3780823296_1954-12-28_2014_0.jpg","0","Anger"
"imdb","Cleaned_IMDBFace_Dataset_AllAge/train/nm0000244_rm345408768_1949-10-8_2009_6.jpg","nm0000244_rm345408768_1949-10-8_2009_6.jpg","6","Sadness"
"imdb","Cleaned_IMDBFace_Dataset_AllAge/train/nm0920038_rm3601839616_1961-3-12_2011_6.jpg","nm0920038_rm3601839616_1961-3-12_2011_6.jpg","6","Sadness"
"imdb","Cleaned_IMDBFace_Dataset_AllAge/train/nm0827973_rm3291068928_1930-1-13_1990_6.jpg","nm0827973_rm3291068928_1930-1-13_1990_6.jpg","6","Sadness"
"imdb","Cleaned_IMDBFace_Dataset_AllAge/train/nm0000532_rm1293210112_1943-6-13_2013_6.jpg","nm0000532_rm1293210112_1943-6-13_2013_6.jpg","6","Sadness"
"imdb","Cleaned_IMDBFace_Dataset_AllAge/train/nm0001156_rm2548927744_1931-6-20_2006_6.jpg","nm0001156_rm2548927744_1931-6-20_2006_6.jpg","6","Sadness"
"imdb","Cleaned_IMDBFace_Dataset_AllAge/train/nm0000008_rm2514467328_1924-4-3_1994_6.jpg","nm0000008_rm2514467328_1924-4-3_1994_6.jpg","6","Sadness"
"imdb","Cleaned_IMDBFace_Dataset_AllAge/train/nm0913822_rm3757559296_1959-10-21_2014_0.jpg","nm0913822_rm3757559296_1959-10-21_2014_0.jpg","0","Anger"
"imdb","Cleaned_IMDBFace_Dataset_AllAge/train/nm0000621_rm1151244544_1951-3-17_2006_7.jpg","nm0000621_rm1151244544_1951-3-17_2006_7.jpg","7","Surprise"
"imdb","Cleaned_IMDBFace_Dataset_AllAge/train/nm0001301_rm332189184_1935-4-21_2010_3.jpg","nm0001301_rm332189184_1935-4-21_2010_3.jpg","3","Fear"
"imdb","Cleaned_IMDBFace_Dataset_AllAge/train/nm0001480_rm846117376_1949-8-23_2009_0.jpg","nm0001480_rm846117376_1949-8-23_2009_0.jpg","0","Anger"
"imdb","Cleaned_IMDBFace_Dataset_AllAge/train/nm0000164_rm3643051520_1937-12-31_1992_0.jpg","nm0000164_rm3643051520_1937-12-31_1992_0.jpg","0","Anger"
"imdb","Cleaned_IMDBFace_Dataset_AllAge/train/nm0000299_rm1593291520_1956-7-31_2011_6.jpg","nm0000299_rm1593291520_1956-7-31_2011_6.jpg","6","Sadness"
"imdb","Cleaned_IMDBFace_Dataset_AllAge/train/nm0001579_rm2161287424_1947-2-24_2012_0.jpg","nm0001579_rm2161287424_1947-2-24_2012_0.jpg","0","Anger"
"imdb","Cleaned_IMDBFace_Dataset_AllAge/train/nm0000156_rm1397856512_1952-10-22_2007_2.jpg","nm0000156_rm1397856512_1952-10-22_2007_2.jpg","2","Disgust"
"imdb","Cleaned_IMDBFace_Dataset_AllAge/train/nm0000102_rm2537674496_1958-7-8_2013_0.jpg","nm0000102_rm2537674496_1958-7-8_2013_0.jpg","0","Anger"
"imdb","Cleaned_IMDBFace_Dataset_AllAge/train/nm0000123_rm1119924992_1961-5-6_2011_7.jpg","nm0000123_rm1119924992_1961-5-6_2011_7.jpg","7","Surprise"
"imdb","Cleaned_IMDBFace_Dataset_AllAge/train/nm0569226_rm3240602624_1950-7-11_2010_6.jpg","nm0569226_rm3240602624_1950-7-11_2010_6.jpg","6","Sadness"
"imdb","Cleaned_IMDBFace_Dataset_AllAge/train/nm0105672_rm4052397056_1962-7-1_2012_0.jpg","nm0105672_rm4052397056_1962-7-1_2012_0.jpg","0","Anger"
"imdb","Cleaned_IMDBFace_Dataset_AllAge/train/nm0000102_rm2382613248_1958-7-8_2013_5.jpg","nm0000102_rm2382613248_1958-7-8_2013_5.jpg","5","Neutral"
"imdb","Cleaned_IMDBFace_Dataset_AllAge/train/nm0001127_rm2087368192_1956-3-13_2011_6.jpg","nm0001127_rm2087368192_1956-3-13_2011_6.jpg","6","Sadness"
"imdb","Cleaned_IMDBFace_Dataset_AllAge/train/nm0001637_rm2681322240_1911-5-27_1961_3.jpg","nm0001637_rm2681322240_1911-5-27_1961_3.jpg","3","Fear"
"imdb","Cleaned_IMDBFace_Dataset_AllAge/train/nm0001617_rm3418141952_1962-2-17_2012_6.jpg","nm0001617_rm3418141952_1962-2-17_2012_6.jpg","6","Sadness"
"imdb","Cleaned_IMDBFace_Dataset_AllAge/train/nm0005246_rm141534464_1962-10-1_2012_6.jpg","nm0005246_rm141534464_1962-10-1_2012_6.jpg","6","Sadness"
"imdb","Cleaned_IMDBFace_Dataset_AllAge/train/nm0364893_rm2535168000_1914-11-6_1999_7.jpg","nm0364893_rm2535168000_1914-11-6_1999_7.jpg","7","Surprise"
"imdb","Cleaned_IMDBFace_Dataset_AllAge/train/nm0000560_rm1380236032_1941-2-8_1996_6.jpg","nm0000560_rm1380236032_1941-2-8_1996_6.jpg","6","Sadness"
"imdb","Cleaned_IMDBFace_Dataset_AllAge/train/nm0929489_rm782603776_1948-2-5_2008_3.jpg","nm0929489_rm782603776_1948-2-5_2008_3.jpg","3","Fear"
"imdb","Cleaned_IMDBFace_Dataset_AllAge/train/nm0000237_rm1527562496_1954-2-18_2014_6.jpg","nm0000237_rm1527562496_1954-2-18_2014_6.jpg","6","Sadness"
"imdb","Cleaned_IMDBFace_Dataset_AllAge/train/nm0000598_rm3136722688_1954-4-9_2009_2.jpg","nm0000598_rm3136722688_1954-4-9_2009_2.jpg","2","Disgust"
"imdb","Cleaned_IMDBFace_Dataset_AllAge/train/nm0000551_rm411883776_1963-10-31_2013_1.jpg","nm0000551_rm411883776_1963-10-31_2013_1.jpg","1","Contempt"
"imdb","Cleaned_IMDBFace_Dataset_AllAge/train/nm0001426_rm879793920_1943-12-31_2008_2.jpg","nm0001426_rm879793920_1943-12-31_2008_2.jpg","2","Disgust"
"imdb","Cleaned_IMDBFace_Dataset_AllAge/train/nm0201857_rm3469260032_1957-1-16_2012_0.jpg","nm0201857_rm3469260032_1957-1-16_2012_0.jpg","0","Anger"
"imdb","Cleaned_IMDBFace_Dataset_AllAge/train/nm0000246_rm2641268480_1955-3-19_2010_7.jpg","nm0000246_rm2641268480_1955-3-19_2010_7.jpg","7","Surprise"
"imdb","Cleaned_IMDBFace_Dataset_AllAge/train/nm0000140_rm108563712_1944-9-25_2009_0.jpg","nm0000140_rm108563712_1944-9-25_2009_0.jpg","0","Anger"
"imdb","Cleaned_IMDBFace_Dataset_AllAge/train/nm0569226_rm2570560768_1950-7-11_2010_0.jpg","nm0569226_rm2570560768_1950-7-11_2010_0.jpg","0","Anger"
"imdb","Cleaned_IMDBFace_Dataset_AllAge/train/nm0000102_rm2535573504_1958-7-8_2013_3.jpg","nm0000102_rm2535573504_1958-7-8_2013_3.jpg","3","Fear"
"imdb","Cleaned_IMDBFace_Dataset_AllAge/train/nm0000438_rm340494080_1950-11-28_2010_0.jpg","nm0000438_rm340494080_1950-11-28_2010_0.jpg","0","Anger"
"imdb","Cleaned_IMDBFace_Dataset_AllAge/train/nm0000186_rm3239353088_1946-1-20_2001_3.jpg","nm0000186_rm3239353088_1946-1-20_2001_3.jpg","3","Fear"
"imdb","Cleaned_IMDBFace_Dataset_AllAge/train/nm0631490_rm2655029760_1949-12-12_2009_6.jpg","nm0631490_rm2655029760_1949-12-12_2009_6.jpg","6","Sadness"
"imdb","Cleaned_IMDBFace_Dataset_AllAge/train/nm0000432_rm2351542272_1930-1-30_1980_6.jpg","nm0000432_rm2351542272_1930-1-30_1980_6.jpg","6","Sadness"
"imdb","Cleaned_IMDBFace_Dataset_AllAge/train/nm0000078_rm545698560_1907-5-26_1972_6.jpg","nm0000078_rm545698560_1907-5-26_1972_6.jpg","6","Sadness"
"imdb","Cleaned_IMDBFace_Dataset_AllAge/train/nm0722636_rm2572406272_1944-5-5_2014_6.jpg","nm0722636_rm2572406272_1944-5-5_2014_6.jpg","6","Sadness"
"imdb","Cleaned_IMDBFace_Dataset_AllAge/train/nm0001737_rm4236505600_1950-3-26_2015_7.jpg","nm0001737_rm4236505600_1950-3-26_2015_7.jpg","7","Surprise"
"imdb","Cleaned_IMDBFace_Dataset_AllAge/train/nm0835016_rm467510784_1963-8-5_2013_3.jpg","nm0835016_rm467510784_1963-8-5_2013_3.jpg","3","Fear"
"imdb","Cleaned_IMDBFace_Dataset_AllAge/train/nm0000997_rm2977675264_1944-6-29_2004_1.jpg","nm0000997_rm2977675264_1944-6-29_2004_1.jpg","1","Contempt"
"imdb","Cleaned_IMDBFace_Dataset_AllAge/train/nm0000140_rm4109484544_1944-9-25_2014_1.jpg","nm0000140_rm4109484544_1944-9-25_2014_1.jpg","1","Contempt"
"imdb","Cleaned_IMDBFace_Dataset_AllAge/train/nm0000024_rm3473444352_1904-4-14_1989_0.jpg","nm0000024_rm3473444352_1904-4-14_1989_0.jpg","0","Anger"
"imdb","Cleaned_IMDBFace_Dataset_AllAge/train/nm0000126_rm3601697792_1955-1-18_2005_1.jpg","nm0000126_rm3601697792_1955-1-18_2005_1.jpg","1","Contempt"
"imdb","Cleaned_IMDBFace_Dataset_AllAge/train/nm0915989_rm3987902208_1960-4-4_2010_0.jpg","nm0915989_rm3987902208_1960-4-4_2010_0.jpg","0","Anger"
"imdb","Cleaned_IMDBFace_Dataset_AllAge/train/nm0000453_rm3807680768_1931-9-12_2006_6.jpg","nm0000453_rm3807680768_1931-9-12_2006_6.jpg","6","Sadness"
"imdb","Cleaned_IMDBFace_Dataset_AllAge/train/nm0000216_rm496347136_1947-7-30_2012_2.jpg","nm0000216_rm496347136_1947-7-30_2012_2.jpg","2","Disgust"
"imdb","Cleaned_IMDBFace_Dataset_AllAge/train/nm0000163_rm1850251776_1937-8-8_2002_6.jpg","nm0000163_rm1850251776_1937-8-8_2002_6.jpg","6","Sadness"
"imdb","Cleaned_IMDBFace_Dataset_AllAge/train/nm0176869_rm1546843648_1965-10-14_2015_6.jpg","nm0176869_rm1546843648_1965-10-14_2015_6.jpg","6","Sadness"
"imdb","Cleaned_IMDBFace_Dataset_AllAge/train/nm0000457_rm1993979904_1940-1-22_2005_3.jpg","nm0000457_rm1993979904_1940-1-22_2005_3.jpg","3","Fear"
"imdb","Cleaned_IMDBFace_Dataset_AllAge/train/nm0001758_rm2244381952_1957-2-27_2007_2.jpg","nm0001758_rm2244381952_1957-2-27_2007_2.jpg","2","Disgust"
"imdb","Cleaned_IMDBFace_Dataset_AllAge/train/nm0000193_rm2537731840_1962-11-11_2012_3.jpg","nm0000193_rm2537731840_1962-11-11_2012_3.jpg","3","Fear"
"imdb","Cleaned_IMDBFace_Dataset_AllAge/train/nm0005408_rm3737688320_1954-1-19_2004_2.jpg","nm0005408_rm3737688320_1954-1-19_2004_2.jpg","2","Disgust"
"imdb","Cleaned_IMDBFace_Dataset_AllAge/train/nm0005202_rm3708526592_1963-4-18_2013_2.jpg","nm0005202_rm3708526592_1963-4-18_2013_2.jpg","2","Disgust"
"imdb","Cleaned_IMDBFace_Dataset_AllAge/train/nm0000197_rm3640637952_1937-4-22_2002_7.jpg","nm0000197_rm3640637952_1937-4-22_2002_7.jpg","7","Surprise"
"imdb","Cleaned_IMDBFace_Dataset_AllAge/train/nm0835016_rm1725801984_1963-8-5_2013_3.jpg","nm0835016_rm1725801984_1963-8-5_2013_3.jpg","3","Fear"
"imdb","Cleaned_IMDBFace_Dataset_AllAge/train/nm0000739_rm3238452224_1950-1-16_2005_6.jpg","nm0000739_rm3238452224_1950-1-16_2005_6.jpg","6","Sadness"
"imdb","Cleaned_IMDBFace_Dataset_AllAge/train/nm0001459_rm2421928192_1957-8-18_2012_0.jpg","nm0001459_rm2421928192_1957-8-18_2012_0.jpg","0","Anger"
"imdb","Cleaned_IMDBFace_Dataset_AllAge/train/nm0799777_rm2655227392_1955-1-9_2005_6.jpg","nm0799777_rm2655227392_1955-1-9_2005_6.jpg","6","Sadness"
"imdb","Cleaned_IMDBFace_Dataset_AllAge/train/nm0000501_rm789105152_1954-12-18_2014_6.jpg","nm0000501_rm789105152_1954-12-18_2014_6.jpg","6","Sadness"
"imdb","Cleaned_IMDBFace_Dataset_AllAge/train/nm0000195_rm1220786944_1950-9-21_2010_6.jpg","nm0000195_rm1220786944_1950-9-21_2010_6.jpg","6","Sadness"
"imdb","Cleaned_IMDBFace_Dataset_AllAge/train/nm0000156_rm3471161856_1952-10-22_2002_0.jpg","nm0000156_rm3471161856_1952-10-22_2002_0.jpg","0","Anger"
"imdb","Cleaned_IMDBFace_Dataset_AllAge/train/nm0633604_rm1101960448_1948-8-20_2008_3.jpg","nm0633604_rm1101960448_1948-8-20_2008_3.jpg","3","Fear"
"imdb","Cleaned_IMDBFace_Dataset_AllAge/train/nm0000265_rm640006400_1925-2-20_2000_0.jpg","nm0000265_rm640006400_1925-2-20_2000_0.jpg","0","Anger"
"imdb","Cleaned_IMDBFace_Dataset_AllAge/train/nm0000352_rm251708416_1959-6-30_2014_6.jpg","nm0000352_rm251708416_1959-6-30_2014_6.jpg","6","Sadness"
"imdb","Cleaned_IMDBFace_Dataset_AllAge/train/nm0000116_rm2747121664_1954-8-16_2014_0.jpg","nm0000116_rm2747121664_1954-8-16_2014_0.jpg","0","Anger"
"imdb","Cleaned_IMDBFace_Dataset_AllAge/train/nm0000195_rm332830976_1950-9-21_2005_6.jpg","nm0000195_rm332830976_1950-9-21_2005_6.jpg","6","Sadness"
"imdb","Cleaned_IMDBFace_Dataset_AllAge/train/nm0716490_rm350023680_1965-5-16_2015_6.jpg","nm0716490_rm350023680_1965-5-16_2015_6.jpg","6","Sadness"
"imdb","Cleaned_IMDBFace_Dataset_AllAge/train/nm0000996_rm1107228928_1957-2-16_2007_7.jpg","nm0000996_rm1107228928_1957-2-16_2007_7.jpg","7","Surprise"
"imdb","Cleaned_IMDBFace_Dataset_AllAge/train/nm0636562_rm2560078848_1954-11-13_2009_0.jpg","nm0636562_rm2560078848_1954-11-13_2009_0.jpg","0","Anger"
"imdb","Cleaned_IMDBFace_Dataset_AllAge/train/nm0795723_rm2518804992_1958-4-4_2013_6.jpg","nm0795723_rm2518804992_1958-4-4_2013_6.jpg","6","Sadness"
"imdb","Cleaned_IMDBFace_Dataset_AllAge/train/nm0553269_rm1187883520_1951-7-18_2011_2.jpg","nm0553269_rm1187883520_1951-7-18_2011_2.jpg","2","Disgust"
"imdb","Cleaned_IMDBFace_Dataset_AllAge/train/nm0000558_rm1646431744_1926-2-11_1991_7.jpg","nm0000558_rm1646431744_1926-2-11_1991_7.jpg","7","Surprise"
"imdb","Cleaned_IMDBFace_Dataset_AllAge/train/nm0000532_rm3785145856_1943-6-13_2013_6.jpg","nm0000532_rm3785145856_1943-6-13_2013_6.jpg","6","Sadness"
"imdb","Cleaned_IMDBFace_Dataset_AllAge/train/nm0506405_rm1695593984_1946-12-17_2011_3.jpg","nm0506405_rm1695593984_1946-12-17_2011_3.jpg","3","Fear"
"imdb","Cleaned_IMDBFace_Dataset_AllAge/train/nm0000108_rm1745273344_1959-3-18_2014_6.jpg","nm0000108_rm1745273344_1959-3-18_2014_6.jpg","6","Sadness"
"imdb","Cleaned_IMDBFace_Dataset_AllAge/train/nm0000102_rm1969015040_1958-7-8_2013_6.jpg","nm0000102_rm1969015040_1958-7-8_2013_6.jpg","6","Sadness"
"imdb","Cleaned_IMDBFace_Dataset_AllAge/train/nm0000128_rm3493785856_1964-4-7_2014_6.jpg","nm0000128_rm3493785856_1964-4-7_2014_6.jpg","6","Sadness"
"imdb","Cleaned_IMDBFace_Dataset_AllAge/train/nm0004834_rm1042598400_1947-10-1_2012_6.jpg","nm0004834_rm1042598400_1947-10-1_2012_6.jpg","6","Sadness"
"imdb","Cleaned_IMDBFace_Dataset_AllAge/train/nm0000401_rm1013431296_1961-7-30_2011_0.jpg","nm0000401_rm1013431296_1961-7-30_2011_0.jpg","0","Anger"
"imdb","Cleaned_IMDBFace_Dataset_AllAge/train/nm0000460_rm4188709376_1948-9-19_2013_7.jpg","nm0000460_rm4188709376_1948-9-19_2013_7.jpg","7","Surprise"
"imdb","Cleaned_IMDBFace_Dataset_AllAge/train/nm0674782_rm1932120576_1963-8-7_2013_7.jpg","nm0674782_rm1932120576_1963-8-7_2013_7.jpg","7","Surprise"
"imdb","Cleaned_IMDBFace_Dataset_AllAge/train/nm0416673_rm3785486592_1965-4-26_2015_7.jpg","nm0416673_rm3785486592_1965-4-26_2015_7.jpg","7","Surprise"
"imdb","Cleaned_IMDBFace_Dataset_AllAge/train/nm0000152_rm3296628480_1949-8-31_2009_6.jpg","nm0000152_rm3296628480_1949-8-31_2009_6.jpg","6","Sadness"
"imdb","Cleaned_IMDBFace_Dataset_AllAge/train/nm0835016_rm1963380480_1963-8-5_2013_0.jpg","nm0835016_rm1963380480_1963-8-5_2013_0.jpg","0","Anger"
"imdb","Cleaned_IMDBFace_Dataset_AllAge/train/nm0000195_rm4202951168_1950-9-21_2015_1.jpg","nm0000195_rm4202951168_1950-9-21_2015_1.jpg","1","Contempt"
"imdb","Cleaned_IMDBFace_Dataset_AllAge/train/nm0000168_rm959695872_1948-12-21_1998_3.jpg","nm0000168_rm959695872_1948-12-21_1998_3.jpg","3","Fear"
"imdb","Cleaned_IMDBFace_Dataset_AllAge/train/nm2125540_rm1712625408_1953-7-29_2008_6.jpg","nm2125540_rm1712625408_1953-7-29_2008_6.jpg","6","Sadness"
"imdb","Cleaned_IMDBFace_Dataset_AllAge/train/nm0000148_rm2203752704_1942-7-13_2002_0.jpg","nm0000148_rm2203752704_1942-7-13_2002_0.jpg","0","Anger"
"imdb","Cleaned_IMDBFace_Dataset_AllAge/train/nm0000560_rm4145265664_1941-2-8_2011_6.jpg","nm0000560_rm4145265664_1941-2-8_2011_6.jpg","6","Sadness"
"imdb","Cleaned_IMDBFace_Dataset_AllAge/train/nm0633604_rm3071060992_1948-8-20_2008_2.jpg","nm0633604_rm3071060992_1948-8-20_2008_2.jpg","2","Disgust"
"imdb","Cleaned_IMDBFace_Dataset_AllAge/train/nm0000836_rm328370432_1954-10-9_2009_6.jpg","nm0000836_rm328370432_1954-10-9_2009_6.jpg","6","Sadness"
"imdb","Cleaned_IMDBFace_Dataset_AllAge/train/nm0005348_rm860920064_1922-3-20_2007_6.jpg","nm0005348_rm860920064_1922-3-20_2007_6.jpg","6","Sadness"
"imdb","Cleaned_IMDBFace_Dataset_AllAge/train/nm0000168_rm271816192_1948-12-21_2008_0.jpg","nm0000168_rm271816192_1948-12-21_2008_0.jpg","0","Anger"
"imdb","Cleaned_IMDBFace_Dataset_AllAge/train/nm0000592_rm2748561664_1946-2-7_2011_7.jpg","nm0000592_rm2748561664_1946-2-7_2011_7.jpg","7","Surprise"
"imdb","Cleaned_IMDBFace_Dataset_AllAge/train/nm0000185_rm681293056_1957-11-3_2012_6.jpg","nm0000185_rm681293056_1957-11-3_2012_6.jpg","6","Sadness"
"imdb","Cleaned_IMDBFace_Dataset_AllAge/train/nm0176869_rm4229561600_1965-10-14_2015_7.jpg","nm0176869_rm4229561600_1965-10-14_2015_7.jpg","7","Surprise"
"imdb","Cleaned_IMDBFace_Dataset_AllAge/train/nm0001507_rm1902169600_1946-7-13_1996_6.jpg","nm0001507_rm1902169600_1946-7-13_1996_6.jpg","6","Sadness"
"imdb","Cleaned_IMDBFace_Dataset_AllAge/train/nm0000997_rm679459584_1944-6-29_2004_3.jpg","nm0000997_rm679459584_1944-6-29_2004_3.jpg","3","Fear"
"imdb","Cleaned_IMDBFace_Dataset_AllAge/train/nm0000115_rm3937401344_1964-1-7_2014_6.jpg","nm0000115_rm3937401344_1964-1-7_2014_6.jpg","6","Sadness"
"imdb","Cleaned_IMDBFace_Dataset_AllAge/train/nm0000102_rm501208320_1958-7-8_2013_3.jpg","nm0000102_rm501208320_1958-7-8_2013_3.jpg","3","Fear"
"imdb","Cleaned_IMDBFace_Dataset_AllAge/train/nm0000129_rm1363127296_1962-7-3_2012_6.jpg","nm0000129_rm1363127296_1962-7-3_2012_6.jpg","6","Sadness"
"imdb","Cleaned_IMDBFace_Dataset_AllAge/train/nm0001096_rm2366766848_1944-3-21_2014_6.jpg","nm0001096_rm2366766848_1944-3-21_2014_6.jpg","6","Sadness"
"imdb","Cleaned_IMDBFace_Dataset_AllAge/train/nm0000047_rm1346358784_1934-9-20_2014_5.jpg","nm0000047_rm1346358784_1934-9-20_2014_5.jpg","5","Neutral"
"imdb","Cleaned_IMDBFace_Dataset_AllAge/train/nm0853079_rm3011749632_1963-0-0_2012_2.jpg","nm0853079_rm3011749632_1963-0-0_2012_2.jpg","2","Disgust"
"imdb","Cleaned_IMDBFace_Dataset_AllAge/train/nm0000141_rm4247188480_1960-8-7_2015_0.jpg","nm0000141_rm4247188480_1960-8-7_2015_0.jpg","0","Anger"
"imdb","Cleaned_IMDBFace_Dataset_AllAge/train/nm0266441_rm4260476416_1961-5-13_2011_1.jpg","nm0266441_rm4260476416_1961-5-13_2011_1.jpg","1","Contempt"
"imdb","Cleaned_IMDBFace_Dataset_AllAge/train/nm0000151_rm2909581312_1937-6-1_2007_6.jpg","nm0000151_rm2909581312_1937-6-1_2007_6.jpg","6","Sadness"
"imdb","Cleaned_IMDBFace_Dataset_AllAge/train/nm0000313_rm4238380544_1949-12-4_2009_6.jpg","nm0000313_rm4238380544_1949-12-4_2009_6.jpg","6","Sadness"
"imdb","Cleaned_IMDBFace_Dataset_AllAge/train/nm0000375_rm2213871360_1965-4-4_2015_0.jpg","nm0000375_rm2213871360_1965-4-4_2015_0.jpg","0","Anger"
"imdb","Cleaned_IMDBFace_Dataset_AllAge/train/nm0853041_rm2272380928_1933-3-19_1993_3.jpg","nm0853041_rm2272380928_1933-3-19_1993_3.jpg","3","Fear"
"imdb","Cleaned_IMDBFace_Dataset_AllAge/train/nm0000060_rm3677457920_1916-4-5_1991_5.jpg","nm0000060_rm3677457920_1916-4-5_1991_5.jpg","5","Neutral"
"imdb","Cleaned_IMDBFace_Dataset_AllAge/train/nm0000243_rm3979331328_1954-12-28_2014_0.jpg","nm0000243_rm3979331328_1954-12-28_2014_0.jpg","0","Anger"
"imdb","Cleaned_IMDBFace_Dataset_AllAge/train/nm0136797_rm4010980608_1962-8-16_2012_6.jpg","nm0136797_rm4010980608_1962-8-16_2012_6.jpg","6","Sadness"
"imdb","Cleaned_IMDBFace_Dataset_AllAge/train/nm0000134_rm3935076608_1943-8-17_1998_3.jpg","nm0000134_rm3935076608_1943-8-17_1998_3.jpg","3","Fear"
"imdb","Cleaned_IMDBFace_Dataset_AllAge/train/nm0633604_rm2706278144_1948-8-20_2008_6.jpg","nm0633604_rm2706278144_1948-8-20_2008_6.jpg","6","Sadness"
"imdb","Cleaned_IMDBFace_Dataset_AllAge/train/nm0768620_rm3705192960_1964-2-12_2014_2.jpg","nm0768620_rm3705192960_1964-2-12_2014_2.jpg","2","Disgust"
"imdb","Cleaned_IMDBFace_Dataset_AllAge/train/nm0000609_rm1962904320_1959-5-12_2009_2.jpg","nm0000609_rm1962904320_1959-5-12_2009_2.jpg","2","Disgust"
"imdb","Cleaned_IMDBFace_Dataset_AllAge/train/nm0001588_rm2021246976_1919-2-18_1979_3.jpg","nm0001588_rm2021246976_1919-2-18_1979_3.jpg","3","Fear"
"imdb","Cleaned_IMDBFace_Dataset_AllAge/train/nm0000086_rm3956864768_1914-7-31_1964_7.jpg","nm0000086_rm3956864768_1914-7-31_1964_7.jpg","7","Surprise"
"imdb","Cleaned_IMDBFace_Dataset_AllAge/train/nm0636562_rm3284255744_1954-11-13_2009_1.jpg","nm0636562_rm3284255744_1954-11-13_2009_1.jpg","1","Contempt"
"imdb","Cleaned_IMDBFace_Dataset_AllAge/train/nm0085400_rm708744960_1948-8-30_2008_0.jpg","nm0085400_rm708744960_1948-8-30_2008_0.jpg","0","Anger"
"imdb","Cleaned_IMDBFace_Dataset_AllAge/train/nm0304000_rm2333251584_1940-4-20_2005_6.jpg","nm0304000_rm2333251584_1940-4-20_2005_6.jpg","6","Sadness"
"imdb","Cleaned_IMDBFace_Dataset_AllAge/train/nm0000277_rm2301742080_1923-8-29_1993_6.jpg","nm0000277_rm2301742080_1923-8-29_1993_6.jpg","6","Sadness"
"imdb","Cleaned_IMDBFace_Dataset_AllAge/train/nm0000237_rm1930737664_1954-2-18_2004_6.jpg","nm0000237_rm1930737664_1954-2-18_2004_6.jpg","6","Sadness"
"imdb","Cleaned_IMDBFace_Dataset_AllAge/train/nm0064769_rm705346816_1950-8-12_2005_3.jpg","nm0064769_rm705346816_1950-8-12_2005_3.jpg","3","Fear"
"imdb","Cleaned_IMDBFace_Dataset_AllAge/train/nm0000459_rm445903104_1960-8-16_2015_0.jpg","nm0000459_rm445903104_1960-8-16_2015_0.jpg","0","Anger"
"imdb","Cleaned_IMDBFace_Dataset_AllAge/train/nm0000560_rm1363458816_1941-2-8_1996_6.jpg","nm0000560_rm1363458816_1941-2-8_1996_6.jpg","6","Sadness"
"imdb","Cleaned_IMDBFace_Dataset_AllAge/train/nm0000398_rm720473344_1946-11-6_2006_7.jpg","nm0000398_rm720473344_1946-11-6_2006_7.jpg","7","Surprise"
"imdb","Cleaned_IMDBFace_Dataset_AllAge/train/nm0105672_rm1844358656_1962-7-1_2012_6.jpg","nm0105672_rm1844358656_1962-7-1_2012_6.jpg","6","Sadness"
"imdb","Cleaned_IMDBFace_Dataset_AllAge/train/nm0000549_rm1716826112_1927-10-14_1977_3.jpg","nm0000549_rm1716826112_1927-10-14_1977_3.jpg","3","Fear"
"imdb","Cleaned_IMDBFace_Dataset_AllAge/train/nm0001666_rm2698621184_1932-4-1_2012_6.jpg","nm0001666_rm2698621184_1932-4-1_2012_6.jpg","6","Sadness"
"imdb","Cleaned_IMDBFace_Dataset_AllAge/train/nm0000532_rm13276416_1943-6-13_2008_1.jpg","nm0000532_rm13276416_1943-6-13_2008_1.jpg","1","Contempt"
"imdb","Cleaned_IMDBFace_Dataset_AllAge/train/nm0001098_rm1862304768_1921-11-22_1986_7.jpg","nm0001098_rm1862304768_1921-11-22_1986_7.jpg","7","Surprise"
"imdb","Cleaned_IMDBFace_Dataset_AllAge/train/nm0001226_rm4126513920_1953-12-28_2003_0.jpg","nm0001226_rm4126513920_1953-12-28_2003_0.jpg","0","Anger"
"imdb","Cleaned_IMDBFace_Dataset_AllAge/train/nm0631490_rm2621475328_1949-12-12_2009_6.jpg","nm0631490_rm2621475328_1949-12-12_2009_6.jpg","6","Sadness"
"imdb","Cleaned_IMDBFace_Dataset_AllAge/train/nm0411964_rm4244485376_1957-8-15_2012_6.jpg","nm0411964_rm4244485376_1957-8-15_2012_6.jpg","6","Sadness"
"imdb","Cleaned_IMDBFace_Dataset_AllAge/train/nm0000158_rm1257216256_1956-7-9_2006_0.jpg","nm0000158_rm1257216256_1956-7-9_2006_0.jpg","0","Anger"
"imdb","Cleaned_IMDBFace_Dataset_AllAge/train/nm0000147_rm3143074048_1960-9-10_2010_6.jpg","nm0000147_rm3143074048_1960-9-10_2010_6.jpg","6","Sadness"
"imdb","Cleaned_IMDBFace_Dataset_AllAge/train/nm0576987_rm1734384128_1955-11-9_2005_7.jpg","nm0576987_rm1734384128_1955-11-9_2005_7.jpg","7","Surprise"
"imdb","Cleaned_IMDBFace_Dataset_AllAge/train/nm0000244_rm3076495360_1949-10-8_2004_0.jpg","nm0000244_rm3076495360_1949-10-8_2004_0.jpg","0","Anger"
"imdb","Cleaned_IMDBFace_Dataset_AllAge/train/nm0751638_rm827632896_1953-4-23_2013_6.jpg","nm0751638_rm827632896_1953-4-23_2013_6.jpg","6","Sadness"
"imdb","Cleaned_IMDBFace_Dataset_AllAge/train/nm0000206_rm1776220672_1964-9-2_2014_0.jpg","nm0000206_rm1776220672_1964-9-2_2014_0.jpg","0","Anger"
"imdb","Cleaned_IMDBFace_Dataset_AllAge/train/nm0759898_rm579522304_1960-0-0_2014_6.jpg","nm0759898_rm579522304_1960-0-0_2014_6.jpg","6","Sadness"
"imdb","Cleaned_IMDBFace_Dataset_AllAge/train/nm0000079_rm1476565760_1940-9-5_2000_0.jpg","nm0000079_rm1476565760_1940-9-5_2000_0.jpg","0","Anger"
"imdb","Cleaned_IMDBFace_Dataset_AllAge/train/nm0000142_rm1063170048_1930-5-31_1985_2.jpg","nm0000142_rm1063170048_1930-5-31_1985_2.jpg","2","Disgust"
"imdb","Cleaned_IMDBFace_Dataset_AllAge/train/nm0001973_rm3524632832_1954-2-2_2009_7.jpg","nm0001973_rm3524632832_1954-2-2_2009_7.jpg","7","Surprise"
"imdb","Cleaned_IMDBFace_Dataset_AllAge/train/nm0000102_rm293918208_1958-7-8_2013_5.jpg","nm0000102_rm293918208_1958-7-8_2013_5.jpg","5","Neutral"
"imdb","Cleaned_IMDBFace_Dataset_AllAge/train/nm0000169_rm569358848_1946-9-15_2011_6.jpg","nm0000169_rm569358848_1946-9-15_2011_6.jpg","6","Sadness"
"imdb","Cleaned_IMDBFace_Dataset_AllAge/train/nm0000115_rm868728832_1964-1-7_2014_6.jpg","nm0000115_rm868728832_1964-1-7_2014_6.jpg","6","Sadness"
"imdb","Cleaned_IMDBFace_Dataset_AllAge/train/nm0167850_rm2905378048_1934-6-16_2009_0.jpg","nm0167850_rm2905378048_1934-6-16_2009_0.jpg","0","Anger"
"imdb","Cleaned_IMDBFace_Dataset_AllAge/train/nm0000313_rm3648559360_1949-12-4_2004_0.jpg","nm0000313_rm3648559360_1949-12-4_2004_0.jpg","0","Anger"
"imdb","Cleaned_IMDBFace_Dataset_AllAge/train/nm0000186_rm3272907520_1946-1-20_2001_1.jpg","nm0000186_rm3272907520_1946-1-20_2001_1.jpg","1","Contempt"
"imdb","Cleaned_IMDBFace_Dataset_AllAge/train/nm0909768_rm3563373312_1964-10-13_2014_7.jpg","nm0909768_rm3563373312_1964-10-13_2014_7.jpg","7","Surprise"
"imdb","Cleaned_IMDBFace_Dataset_AllAge/train/nm0000194_rm1814138624_1960-12-3_2010_3.jpg","nm0000194_rm1814138624_1960-12-3_2010_3.jpg","3","Fear"
"imdb","Cleaned_IMDBFace_Dataset_AllAge/train/nm0000667_rm3990208768_1963-3-20_2013_6.jpg","nm0000667_rm3990208768_1963-3-20_2013_6.jpg","6","Sadness"
"imdb","Cleaned_IMDBFace_Dataset_AllAge/train/nm0000158_rm2724314624_1956-7-9_2011_0.jpg","nm0000158_rm2724314624_1956-7-9_2011_0.jpg","0","Anger"
"imdb","Cleaned_IMDBFace_Dataset_AllAge/train/nm0000102_rm467653888_1958-7-8_2013_1.jpg","nm0000102_rm467653888_1958-7-8_2013_1.jpg","1","Contempt"
"imdb","Cleaned_IMDBFace_Dataset_AllAge/train/nm0726223_rm3207367168_1948-5-12_2008_6.jpg","nm0726223_rm3207367168_1948-5-12_2008_6.jpg","6","Sadness"
"imdb","Cleaned_IMDBFace_Dataset_AllAge/train/nm0000197_rm137481216_1937-4-22_1992_0.jpg","nm0000197_rm137481216_1937-4-22_1992_0.jpg","0","Anger"
"imdb","Cleaned_IMDBFace_Dataset_AllAge/train/nm0001385_rm472288768_1943-3-29_1993_0.jpg","nm0001385_rm472288768_1943-3-29_1993_0.jpg","0","Anger"
"imdb","Cleaned_IMDBFace_Dataset_AllAge/train/nm0000553_rm2330110208_1952-6-7_2012_0.jpg","nm0000553_rm2330110208_1952-6-7_2012_0.jpg","0","Anger"
"imdb","Cleaned_IMDBFace_Dataset_AllAge/train/nm0001696_rm2887371264_1958-1-4_2013_3.jpg","nm0001696_rm2887371264_1958-1-4_2013_3.jpg","3","Fear"
"imdb","Cleaned_IMDBFace_Dataset_AllAge/train/nm0000102_rm2733568000_1958-7-8_2013_5.jpg","nm0000102_rm2733568000_1958-7-8_2013_5.jpg","5","Neutral"
"imdb","Cleaned_IMDBFace_Dataset_AllAge/train/nm0000093_rm375760640_1963-12-18_2013_6.jpg","nm0000093_rm375760640_1963-12-18_2013_6.jpg","6","Sadness"
"imdb","Cleaned_IMDBFace_Dataset_AllAge/train/nm0001617_rm3702892544_1962-2-17_2012_3.jpg","nm0001617_rm3702892544_1962-2-17_2012_3.jpg","3","Fear"
"imdb","Cleaned_IMDBFace_Dataset_AllAge/train/nm0005569_rm51423744_1952-11-8_2012_3.jpg","nm0005569_rm51423744_1952-11-8_2012_3.jpg","3","Fear"
"imdb","Cleaned_IMDBFace_Dataset_AllAge/train/nm0000243_rm3183643648_1954-12-28_2004_6.jpg","nm0000243_rm3183643648_1954-12-28_2004_6.jpg","6","Sadness"
"imdb","Cleaned_IMDBFace_Dataset_AllAge/train/nm0000168_rm2571147520_1948-12-21_2003_1.jpg","nm0000168_rm2571147520_1948-12-21_2003_1.jpg","1","Contempt"
"imdb","Cleaned_IMDBFace_Dataset_AllAge/train/nm0001598_rm3332219392_1958-11-5_2013_7.jpg","nm0001598_rm3332219392_1958-11-5_2013_7.jpg","7","Surprise"
"imdb","Cleaned_IMDBFace_Dataset_AllAge/train/nm0167649_rm3858999296_1958-2-21_2008_2.jpg","nm0167649_rm3858999296_1958-2-21_2008_2.jpg","2","Disgust"
"imdb","Cleaned_IMDBFace_Dataset_AllAge/train/nm0000518_rm290427904_1953-12-9_2008_0.jpg","nm0000518_rm290427904_1953-12-9_2008_0.jpg","0","Anger"
"imdb","Cleaned_IMDBFace_Dataset_AllAge/train/nm0633604_rm2362086656_1948-8-20_2008_6.jpg","nm0633604_rm2362086656_1948-8-20_2008_6.jpg","6","Sadness"
"imdb","Cleaned_IMDBFace_Dataset_AllAge/train/nm0000151_rm1713608704_1937-6-1_2007_6.jpg","nm0000151_rm1713608704_1937-6-1_2007_6.jpg","6","Sadness"
"imdb","Cleaned_IMDBFace_Dataset_AllAge/train/nm0000177_rm1922740480_1947-10-24_2012_0.jpg","nm0000177_rm1922740480_1947-10-24_2012_0.jpg","0","Anger"
"imdb","Cleaned_IMDBFace_Dataset_AllAge/train/nm0000237_rm559713024_1954-2-18_2009_0.jpg","nm0000237_rm559713024_1954-2-18_2009_0.jpg","0","Anger"
"imdb","Cleaned_IMDBFace_Dataset_AllAge/train/nm0000545_rm393381632_1945-7-26_2010_2.jpg","nm0000545_rm393381632_1945-7-26_2010_2.jpg","2","Disgust"
"imdb","Cleaned_IMDBFace_Dataset_AllAge/train/nm0001521_rm1244112640_1952-4-28_2012_6.jpg","nm0001521_rm1244112640_1952-4-28_2012_6.jpg","6","Sadness"
"imdb","Cleaned_IMDBFace_Dataset_AllAge/train/nm0000353_rm3799883008_1955-7-22_2005_2.jpg","nm0000353_rm3799883008_1955-7-22_2005_2.jpg","2","Disgust"
"imdb","Cleaned_IMDBFace_Dataset_AllAge/train/nm0000576_rm2394420224_1960-8-17_2015_6.jpg","nm0000576_rm2394420224_1960-8-17_2015_6.jpg","6","Sadness"
"imdb","Cleaned_IMDBFace_Dataset_AllAge/train/nm0906627_rm1095208448_1928-6-22_2003_3.jpg","nm0906627_rm1095208448_1928-6-22_2003_3.jpg","3","Fear"
"imdb","Cleaned_IMDBFace_Dataset_AllAge/train/nm0000633_rm481212928_1945-1-29_2010_3.jpg","nm0000633_rm481212928_1945-1-29_2010_3.jpg","3","Fear"
"imdb","Cleaned_IMDBFace_Dataset_AllAge/train/nm0004834_rm495554048_1947-10-1_2007_2.jpg","nm0004834_rm495554048_1947-10-1_2007_2.jpg","2","Disgust"
"imdb","Cleaned_IMDBFace_Dataset_AllAge/train/nm0000168_rm3671233536_1948-12-21_2008_6.jpg","nm0000168_rm3671233536_1948-12-21_2008_6.jpg","6","Sadness"
"imdb","Cleaned_IMDBFace_Dataset_AllAge/train/nm0000380_rm1915403008_1931-1-5_1981_0.jpg","nm0000380_rm1915403008_1931-1-5_1981_0.jpg","0","Anger"
"imdb","Cleaned_IMDBFace_Dataset_AllAge/train/nm0000177_rm2791086080_1947-10-24_1997_2.jpg","nm0000177_rm2791086080_1947-10-24_1997_2.jpg","2","Disgust"
"imdb","Cleaned_IMDBFace_Dataset_AllAge/train/nm0000102_rm1575940096_1958-7-8_2013_2.jpg","nm0000102_rm1575940096_1958-7-8_2013_2.jpg","2","Disgust"
"imdb","Cleaned_IMDBFace_Dataset_AllAge/train/nm0315041_rm2263724288_1961-6-25_2011_6.jpg","nm0315041_rm2263724288_1961-6-25_2011_6.jpg","6","Sadness"
"imdb","Cleaned_IMDBFace_Dataset_AllAge/train/nm0000142_rm144874240_1930-5-31_2000_3.jpg","nm0000142_rm144874240_1930-5-31_2000_3.jpg","3","Fear"
"imdb","Cleaned_IMDBFace_Dataset_AllAge/train/nm0549505_rm413519360_1963-9-27_2013_7.jpg","nm0549505_rm413519360_1963-9-27_2013_7.jpg","7","Surprise"
"imdb","Cleaned_IMDBFace_Dataset_AllAge/train/nm0370035_rm3101788928_1959-9-11_2009_3.jpg","nm0370035_rm3101788928_1959-9-11_2009_3.jpg","3","Fear"
"imdb","Cleaned_IMDBFace_Dataset_AllAge/train/nm0631490_rm2420148736_1949-12-12_2009_0.jpg","nm0631490_rm2420148736_1949-12-12_2009_0.jpg","0","Anger"
"imdb","Cleaned_IMDBFace_Dataset_AllAge/train/nm0000243_rm3912222464_1954-12-28_2014_0.jpg","nm0000243_rm3912222464_1954-12-28_2014_0.jpg","0","Anger"
"imdb","Cleaned_IMDBFace_Dataset_AllAge/train/nm0025309_rm264274944_1939-12-27_2009_6.jpg","nm0025309_rm264274944_1939-12-27_2009_6.jpg","6","Sadness"
"imdb","Cleaned_IMDBFace_Dataset_AllAge/train/nm0000156_rm1213307136_1952-10-22_2007_1.jpg","nm0000156_rm1213307136_1952-10-22_2007_1.jpg","1","Contempt"
"imdb","Cleaned_IMDBFace_Dataset_AllAge/train/nm0416673_rm3886149888_1965-4-26_2015_2.jpg","nm0416673_rm3886149888_1965-4-26_2015_2.jpg","2","Disgust"
"imdb","Cleaned_IMDBFace_Dataset_AllAge/train/nm0000116_rm3411774976_1954-8-16_2009_3.jpg","nm0000116_rm3411774976_1954-8-16_2009_3.jpg","3","Fear"
"imdb","Cleaned_IMDBFace_Dataset_AllAge/train/nm0000199_rm3337586432_1940-4-25_1995_3.jpg","nm0000199_rm3337586432_1940-4-25_1995_3.jpg","3","Fear"
"imdb","Cleaned_IMDBFace_Dataset_AllAge/train/nm0000500_rm0717312_1960-7-30_2015_1.jpg","nm0000500_rm0717312_1960-7-30_2015_1.jpg","1","Contempt"
"imdb","Cleaned_IMDBFace_Dataset_AllAge/train/nm0183822_rm721333504_1937-2-25_2012_7.jpg","nm0183822_rm721333504_1937-2-25_2012_7.jpg","7","Surprise"
"imdb","Cleaned_IMDBFace_Dataset_AllAge/train/nm0001426_rm2038470400_1943-12-31_2008_6.jpg","nm0001426_rm2038470400_1943-12-31_2008_6.jpg","6","Sadness"
"imdb","Cleaned_IMDBFace_Dataset_AllAge/train/nm0000321_rm3299996672_1950-5-12_2015_1.jpg","nm0000321_rm3299996672_1950-5-12_2015_1.jpg","1","Contempt"
"imdb","Cleaned_IMDBFace_Dataset_AllAge/train/nm0420955_rm2689046016_1947-5-4_2007_2.jpg","nm0420955_rm2689046016_1947-5-4_2007_2.jpg","2","Disgust"
"imdb","Cleaned_IMDBFace_Dataset_AllAge/train/nm0000293_rm3468411392_1959-4-17_2014_0.jpg","nm0000293_rm3468411392_1959-4-17_2014_0.jpg","0","Anger"
"imdb","Cleaned_IMDBFace_Dataset_AllAge/train/nm0000168_rm2460540672_1948-12-21_2008_0.jpg","nm0000168_rm2460540672_1948-12-21_2008_0.jpg","0","Anger"
"imdb","Cleaned_IMDBFace_Dataset_AllAge/train/nm0000134_rm1174839552_1943-8-17_2013_6.jpg","nm0000134_rm1174839552_1943-8-17_2013_6.jpg","6","Sadness"
"imdb","Cleaned_IMDBFace_Dataset_AllAge/train/nm0220240_rm805680896_1962-9-2_2012_6.jpg","nm0220240_rm805680896_1962-9-2_2012_6.jpg","6","Sadness"
"imdb","Cleaned_IMDBFace_Dataset_AllAge/train/nm0416673_rm3869372672_1965-4-26_2015_6.jpg","nm0416673_rm3869372672_1965-4-26_2015_6.jpg","6","Sadness"
"imdb","Cleaned_IMDBFace_Dataset_AllAge/train/nm0000059_rm3368060160_1907-5-22_1977_5.jpg","nm0000059_rm3368060160_1907-5-22_1977_5.jpg","5","Neutral"
"imdb","Cleaned_IMDBFace_Dataset_AllAge/train/nm0001426_rm2081202688_1943-12-31_2013_6.jpg","nm0001426_rm2081202688_1943-12-31_2013_6.jpg","6","Sadness"
"imdb","Cleaned_IMDBFace_Dataset_AllAge/train/nm0000060_rm646565376_1916-4-5_1966_5.jpg","nm0000060_rm646565376_1916-4-5_1966_5.jpg","5","Neutral"
"imdb","Cleaned_IMDBFace_Dataset_AllAge/train/nm0000437_rm841593088_1961-7-23_2011_2.jpg","nm0000437_rm841593088_1961-7-23_2011_2.jpg","2","Disgust"
"imdb","Cleaned_IMDBFace_Dataset_AllAge/train/nm0835016_rm1385290496_1963-8-5_2013_6.jpg","nm0835016_rm1385290496_1963-8-5_2013_6.jpg","6","Sadness"
"imdb","Cleaned_IMDBFace_Dataset_AllAge/train/nm0000401_rm1046985728_1961-7-30_2011_0.jpg","nm0000401_rm1046985728_1961-7-30_2011_0.jpg","0","Anger"
"imdb","Cleaned_IMDBFace_Dataset_AllAge/train/nm0000102_rm274509056_1958-7-8_2013_5.jpg","nm0000102_rm274509056_1958-7-8_2013_5.jpg","5","Neutral"
"imdb","Cleaned_IMDBFace_Dataset_AllAge/train/nm0170306_rm2666972672_1964-5-13_2014_0.jpg","nm0170306_rm2666972672_1964-5-13_2014_0.jpg","0","Anger"
"imdb","Cleaned_IMDBFace_Dataset_AllAge/train/nm0000317_rm3516264960_1959-1-5_2014_6.jpg","nm0000317_rm3516264960_1959-1-5_2014_6.jpg","6","Sadness"
"imdb","Cleaned_IMDBFace_Dataset_AllAge/train/nm0001840_rm84136192_1963-11-20_2013_1.jpg","nm0001840_rm84136192_1963-11-20_2013_1.jpg","1","Contempt"
"imdb","Cleaned_IMDBFace_Dataset_AllAge/train/nm0466327_rm1623037696_1927-2-15_1977_0.jpg","nm0466327_rm1623037696_1927-2-15_1977_0.jpg","0","Anger"
"imdb","Cleaned_IMDBFace_Dataset_AllAge/train/nm0000093_rm1784393472_1963-12-18_2013_3.jpg","nm0000093_rm1784393472_1963-12-18_2013_3.jpg","3","Fear"
"imdb","Cleaned_IMDBFace_Dataset_AllAge/train/nm0000134_rm3160461312_1943-8-17_2013_6.jpg","nm0000134_rm3160461312_1943-8-17_2013_6.jpg","6","Sadness"
"imdb","Cleaned_IMDBFace_Dataset_AllAge/train/nm0001132_rm2703461376_1934-12-9_2004_7.jpg","nm0001132_rm2703461376_1934-12-9_2004_7.jpg","7","Surprise"
"imdb","Cleaned_IMDBFace_Dataset_AllAge/train/nm0001475_rm390969344_1945-10-19_2005_0.jpg","nm0001475_rm390969344_1945-10-19_2005_0.jpg","0","Anger"
"imdb","Cleaned_IMDBFace_Dataset_AllAge/train/nm0000147_rm3541206784_1960-9-10_2010_6.jpg","nm0000147_rm3541206784_1960-9-10_2010_6.jpg","6","Sadness"
"imdb","Cleaned_IMDBFace_Dataset_AllAge/train/nm0740264_rm3936658176_1955-4-6_2010_2.jpg","nm0740264_rm3936658176_1955-4-6_2010_2.jpg","2","Disgust"
"imdb","Cleaned_IMDBFace_Dataset_AllAge/train/nm0000547_rm348957696_1953-5-24_2013_2.jpg","nm0000547_rm348957696_1953-5-24_2013_2.jpg","2","Disgust"
"imdb","Cleaned_IMDBFace_Dataset_AllAge/train/nm0000093_rm2121049088_1963-12-18_2013_7.jpg","nm0000093_rm2121049088_1963-12-18_2013_7.jpg","7","Surprise"
"imdb","Cleaned_IMDBFace_Dataset_AllAge/train/nm0000631_rm2333913856_1937-11-30_2012_3.jpg","nm0000631_rm2333913856_1937-11-30_2012_3.jpg","3","Fear"
"imdb","Cleaned_IMDBFace_Dataset_AllAge/train/nm0034390_rm337545216_1949-2-8_2009_6.jpg","nm0034390_rm337545216_1949-2-8_2009_6.jpg","6","Sadness"
"imdb","Cleaned_IMDBFace_Dataset_AllAge/train/nm0000686_rm2844694784_1943-3-31_2003_0.jpg","nm0000686_rm2844694784_1943-3-31_2003_0.jpg","0","Anger"
"imdb","Cleaned_IMDBFace_Dataset_AllAge/train/nm0860947_rm3408576512_1963-12-6_2013_0.jpg","nm0860947_rm3408576512_1963-12-6_2013_0.jpg","0","Anger"
"imdb","Cleaned_IMDBFace_Dataset_AllAge/train/nm0797531_rm684390144_1921-3-25_1971_6.jpg","nm0797531_rm684390144_1921-3-25_1971_6.jpg","6","Sadness"
"imdb","Cleaned_IMDBFace_Dataset_AllAge/train/nm0000140_rm3052440832_1944-9-25_2009_7.jpg","nm0000140_rm3052440832_1944-9-25_2009_7.jpg","7","Surprise"
"imdb","Cleaned_IMDBFace_Dataset_AllAge/train/nm0002075_rm3110255360_1916-9-28_1971_6.jpg","nm0002075_rm3110255360_1916-9-28_1971_6.jpg","6","Sadness"
"imdb","Cleaned_IMDBFace_Dataset_AllAge/train/nm0005544_rm3269437696_1952-3-19_2012_1.jpg","nm0005544_rm3269437696_1952-3-19_2012_1.jpg","1","Contempt"
"imdb","Cleaned_IMDBFace_Dataset_AllAge/train/nm0000032_rm931188224_1923-10-4_1973_5.jpg","nm0000032_rm931188224_1923-10-4_1973_5.jpg","5","Neutral"
"imdb","Cleaned_IMDBFace_Dataset_AllAge/train/nm0000980_rm3713058560_1949-5-24_2014_2.jpg","nm0000980_rm3713058560_1949-5-24_2014_2.jpg","2","Disgust"
"imdb","Cleaned_IMDBFace_Dataset_AllAge/train/nm0004821_rm2634655232_1963-8-30_2013_0.jpg","nm0004821_rm2634655232_1963-8-30_2013_0.jpg","0","Anger"
"imdb","Cleaned_IMDBFace_Dataset_AllAge/train/nm0000152_rm4252929792_1949-8-31_2009_1.jpg","nm0000152_rm4252929792_1949-8-31_2009_1.jpg","1","Contempt"
"imdb","Cleaned_IMDBFace_Dataset_AllAge/train/nm0000237_rm1197265920_1954-2-18_2014_0.jpg","nm0000237_rm1197265920_1954-2-18_2014_0.jpg","0","Anger"
"imdb","Cleaned_IMDBFace_Dataset_AllAge/train/nm0000560_rm209235968_1941-2-8_2011_6.jpg","nm0000560_rm209235968_1941-2-8_2011_6.jpg","6","Sadness"
"imdb","Cleaned_IMDBFace_Dataset_AllAge/train/nm0000163_rm3575289856_1937-8-8_2007_6.jpg","nm0000163_rm3575289856_1937-8-8_2007_6.jpg","6","Sadness"
"imdb","Cleaned_IMDBFace_Dataset_AllAge/train/nm0005265_rm49322240_1953-11-18_2003_0.jpg","nm0005265_rm49322240_1953-11-18_2003_0.jpg","0","Anger"
"imdb","Cleaned_IMDBFace_Dataset_AllAge/train/nm0929609_rm2271055104_1939-9-18_2009_7.jpg","nm0929609_rm2271055104_1939-9-18_2009_7.jpg","7","Surprise"
"imdb","Cleaned_IMDBFace_Dataset_AllAge/train/nm0000206_rm3993420032_1964-9-2_2014_0.jpg","nm0000206_rm3993420032_1964-9-2_2014_0.jpg","0","Anger"
"imdb","Cleaned_IMDBFace_Dataset_AllAge/train/nm0000142_rm1335348736_1930-5-31_1990_0.jpg","nm0000142_rm1335348736_1930-5-31_1990_0.jpg","0","Anger"
"imdb","Cleaned_IMDBFace_Dataset_AllAge/train/nm0001015_rm1499639296_1961-4-14_2011_6.jpg","nm0001015_rm1499639296_1961-4-14_2011_6.jpg","6","Sadness"
"imdb","Cleaned_IMDBFace_Dataset_AllAge/train/nm0000102_rm16556800_1958-7-8_2013_0.jpg","nm0000102_rm16556800_1958-7-8_2013_0.jpg","0","Anger"
"imdb","Cleaned_IMDBFace_Dataset_AllAge/train/nm0064769_rm3283716352_1950-8-12_2005_0.jpg","nm0064769_rm3283716352_1950-8-12_2005_0.jpg","0","Anger"
"imdb","Cleaned_IMDBFace_Dataset_AllAge/train/nm0000344_rm2773399552_1957-11-24_2007_6.jpg","nm0000344_rm2773399552_1957-11-24_2007_6.jpg","6","Sadness"
"imdb","Cleaned_IMDBFace_Dataset_AllAge/train/nm0000102_rm3015373824_1958-7-8_2013_5.jpg","nm0000102_rm3015373824_1958-7-8_2013_5.jpg","5","Neutral"
"imdb","Cleaned_IMDBFace_Dataset_AllAge/train/nm0000546_rm357677056_1959-3-22_2009_2.jpg","nm0000546_rm357677056_1959-3-22_2009_2.jpg","2","Disgust"
"imdb","Cleaned_IMDBFace_Dataset_AllAge/train/nm0000148_rm2940046848_1942-7-13_1997_0.jpg","nm0000148_rm2940046848_1942-7-13_1997_0.jpg","0","Anger"
"imdb","Cleaned_IMDBFace_Dataset_AllAge/train/nm0633604_rm4227632896_1948-8-20_2008_6.jpg","nm0633604_rm4227632896_1948-8-20_2008_6.jpg","6","Sadness"
"imdb","Cleaned_IMDBFace_Dataset_AllAge/train/nm0740535_rm1014274304_1951-11-17_2006_7.jpg","nm0740535_rm1014274304_1951-11-17_2006_7.jpg","7","Surprise"
"imdb","Cleaned_IMDBFace_Dataset_AllAge/train/nm0525855_rm695715840_1951-8-14_2001_0.jpg","nm0525855_rm695715840_1951-8-14_2001_0.jpg","0","Anger"
"imdb","Cleaned_IMDBFace_Dataset_AllAge/train/nm0910278_rm85164288_1950-2-22_2010_6.jpg","nm0910278_rm85164288_1950-2-22_2010_6.jpg","6","Sadness"
"imdb","Cleaned_IMDBFace_Dataset_AllAge/train/nm0000134_rm968987648_1943-8-17_2008_6.jpg","nm0000134_rm968987648_1943-8-17_2008_6.jpg","6","Sadness"
"imdb","Cleaned_IMDBFace_Dataset_AllAge/train/nm0000513_rm2097584128_1950-3-13_2005_0.jpg","nm0000513_rm2097584128_1950-3-13_2005_0.jpg","0","Anger"
"imdb","Cleaned_IMDBFace_Dataset_AllAge/train/nm0487254_rm2035793408_1950-6-21_2010_6.jpg","nm0487254_rm2035793408_1950-6-21_2010_6.jpg","6","Sadness"
"imdb","Cleaned_IMDBFace_Dataset_AllAge/train/nm0000568_rm354520064_1944-5-25_2004_0.jpg","nm0000568_rm354520064_1944-5-25_2004_0.jpg","0","Anger"
"imdb","Cleaned_IMDBFace_Dataset_AllAge/train/nm0684521_rm3669605632_1930-7-12_2010_0.jpg","nm0684521_rm3669605632_1930-7-12_2010_0.jpg","0","Anger"
"imdb","Cleaned_IMDBFace_Dataset_AllAge/train/nm0000398_rm2146010880_1946-11-6_2006_7.jpg","nm0000398_rm2146010880_1946-11-6_2006_7.jpg","7","Surprise"
"imdb","Cleaned_IMDBFace_Dataset_AllAge/train/nm0000128_rm3797153280_1964-4-7_2014_6.jpg","nm0000128_rm3797153280_1964-4-7_2014_6.jpg","6","Sadness"
"imdb","Cleaned_IMDBFace_Dataset_AllAge/train/nm0000095_rm1981717248_1935-12-1_2005_3.jpg","nm0000095_rm1981717248_1935-12-1_2005_3.jpg","3","Fear"
"imdb","Cleaned_IMDBFace_Dataset_AllAge/train/nm0000102_rm2772804352_1958-7-8_2013_7.jpg","nm0000102_rm2772804352_1958-7-8_2013_7.jpg","7","Surprise"
"imdb","Cleaned_IMDBFace_Dataset_AllAge/train/nm0000614_rm20748288_1946-2-21_2006_2.jpg","nm0000614_rm20748288_1946-2-21_2006_2.jpg","2","Disgust"
"imdb","Cleaned_IMDBFace_Dataset_AllAge/train/nm0001614_rm4246858240_1963-10-14_2013_6.jpg","nm0001614_rm4246858240_1963-10-14_2013_6.jpg","6","Sadness"
"imdb","Cleaned_IMDBFace_Dataset_AllAge/train/nm0005417_rm3044464896_1943-10-12_2013_3.jpg","nm0005417_rm3044464896_1943-10-12_2013_3.jpg","3","Fear"
"imdb","Cleaned_IMDBFace_Dataset_AllAge/train/nm0000885_rm169056256_1937-7-6_2007_3.jpg","nm0000885_rm169056256_1937-7-6_2007_3.jpg","3","Fear"
"imdb","Cleaned_IMDBFace_Dataset_AllAge/train/nm0470981_rm2295641600_1962-9-8_2012_6.jpg","nm0470981_rm2295641600_1962-9-8_2012_6.jpg","6","Sadness"
"imdb","Cleaned_IMDBFace_Dataset_AllAge/train/nm0001235_rm1290842624_1955-6-7_2010_0.jpg","nm0001235_rm1290842624_1955-6-7_2010_0.jpg","0","Anger"
"imdb","Cleaned_IMDBFace_Dataset_AllAge/train/nm0000128_rm1892799488_1964-4-7_2014_6.jpg","nm0000128_rm1892799488_1964-4-7_2014_6.jpg","6","Sadness"
"imdb","Cleaned_IMDBFace_Dataset_AllAge/train/nm0001626_rm1854927104_1929-12-13_2014_2.jpg","nm0001626_rm1854927104_1929-12-13_2014_2.jpg","2","Disgust"
"imdb","Cleaned_IMDBFace_Dataset_AllAge/train/nm0000291_rm3439567616_1958-8-16_2013_0.jpg","nm0000291_rm3439567616_1958-8-16_2013_0.jpg","0","Anger"
"imdb","Cleaned_IMDBFace_Dataset_AllAge/train/nm0000237_rm1544339712_1954-2-18_2014_6.jpg","nm0000237_rm1544339712_1954-2-18_2014_6.jpg","6","Sadness"
"imdb","Cleaned_IMDBFace_Dataset_AllAge/train/nm0000230_rm456047360_1946-7-6_2011_1.jpg","nm0000230_rm456047360_1946-7-6_2011_1.jpg","1","Contempt"
"imdb","Cleaned_IMDBFace_Dataset_AllAge/train/nm0924508_rm1065137152_1922-1-17_2012_6.jpg","nm0924508_rm1065137152_1922-1-17_2012_6.jpg","6","Sadness"
"imdb","Cleaned_IMDBFace_Dataset_AllAge/train/nm0000438_rm239830784_1950-11-28_2010_6.jpg","nm0000438_rm239830784_1950-11-28_2010_6.jpg","6","Sadness"
"imdb","Cleaned_IMDBFace_Dataset_AllAge/train/nm0000146_rm499103232_1962-12-22_2012_6.jpg","nm0000146_rm499103232_1962-12-22_2012_6.jpg","6","Sadness"
"imdb","Cleaned_IMDBFace_Dataset_AllAge/train/nm0000140_rm1530759168_1944-9-25_2009_0.jpg","nm0000140_rm1530759168_1944-9-25_2009_0.jpg","0","Anger"
"imdb","Cleaned_IMDBFace_Dataset_AllAge/train/nm0000134_rm3253642752_1943-8-17_2013_6.jpg","nm0000134_rm3253642752_1943-8-17_2013_6.jpg","6","Sadness"
"imdb","Cleaned_IMDBFace_Dataset_AllAge/train/nm0569226_rm448365312_1950-7-11_2010_6.jpg","nm0569226_rm448365312_1950-7-11_2010_6.jpg","6","Sadness"
